solid auto-kdk-case
facet normal 1.6772790884335895e-18 1.1077874075170806e-16 1
outer loop
vertex -70.21080780029297 -71.05436706542969 -8.617322776116127e-18
vertex -69.84828186035156 -71.12203979492188 -1.7286801978190712e-18
vertex -60.99943542480469 -70.93744659423828 -3.70196676039778e-17
endloop
endfacet
facet normal -0.18350397849146835 -0.9830189672014485 0
outer loop
vertex -70.48973846435547 -72.01957702636719 -1
vertex -69.94081115722656 -72.1220474243164 -17.855051040649414
vertex -69.94081115722656 -72.1220474243164 -1
endloop
endfacet
facet normal 0 0 1
outer loop
vertex 73.07099914550781 -67.0737075805664 0
vertex 72.11770629882812 -69.60301971435547 0
vertex 72.38813781738281 -69.23490142822266 0
endloop
endfacet
facet normal -0.9599497454420401 -0.28017224385324546 0
outer loop
vertex -73.77925109863281 -68.66357421875 -17.675935745239258
vertex -73.77925109863281 -68.66357421875 -1
vertex -73.86836242675781 -68.3582534790039 -1
endloop
endfacet
facet normal 0.000018898694983113645 -0.9999999998170979 0.0000029400315822974558
outer loop
vertex 57.501121520996094 -72.11959838867188 -1.627428650856018
vertex -31.632850646972656 -72.12130737304688 -9.949999809265137
vertex 58.71745681762695 -72.11957550048828 -1.6610902547836304
endloop
endfacet
facet normal -0.9238152942930479 -0.38283848034157186 7.184718420488292e-8
outer loop
vertex -73.77925109863281 -68.66357421875 -1
vertex -73.56266021728516 -69.18622589111328 -17.746685028076172
vertex -73.56300354003906 -69.18539428710938 -1
endloop
endfacet
facet normal 0.00002166292447228405 -0.9999999994136863 -0.000026520656315655418
outer loop
vertex 56.117942810058594 -72.11962890625 -1.5613682270050049
vertex -31.632850646972656 -72.12130737304688 -9.949999809265137
vertex 56.78126525878906 -72.11961364746094 -1.5949000120162964
endloop
endfacet
facet normal 0 0 1
outer loop
vertex 70.86799621582031 65.7586898803711 0
vertex 71.17571258544922 65.35011291503906 0
vertex 72.51762390136719 66.01757049560547 0
endloop
endfacet
facet normal -0.9599378779830231 -0.28021290193850473 8.078276330820081e-7
outer loop
vertex -73.9377670288086 -68.12049102783203 -1
vertex -73.77925109863281 -68.66357421875 -17.675935745239258
vertex -73.86836242675781 -68.3582534790039 -1
endloop
endfacet
facet normal 0 0 1
outer loop
vertex 70.05156707763672 66.36742401123047 0
vertex 70.4887466430664 66.1019058227539 0
vertex 71.48793029785156 67.21897888183594 0
endloop
endfacet
facet normal -0.9847070309796189 -0.17421843513045324 0
outer loop
vertex -74.03633117675781 -67.56339263916016 -1
vertex -73.9377670288086 -68.12049102783203 -17.594236373901367
vertex -73.9377670288086 -68.12049102783203 -1
endloop
endfacet
facet normal 0.000013855438715986008 -0.9999999983831995 0.00005515095621991341
outer loop
vertex 55.36043167114258 -72.11963653564453 -1.5093971490859985
vertex -31.632850646972656 -72.12130737304688 -9.949999809265137
vertex 56.117942810058594 -72.11962890625 -1.5613682270050049
endloop
endfacet
facet normal -9.990203559451518e-19 5.683280238518129e-18 1
outer loop
vertex -54.74588394165039 -70.79100036621094 -1.4175657531628272e-16
vertex 54.00687789916992 -70.79100036621094 -3.311035247204809e-17
vertex 53.89849090576172 -70.62879180908203 -3.414050997203183e-17
endloop
endfacet
facet normal -3.075719365036805e-12 -6.323423098777491e-13 1
outer loop
vertex -72.96255493164062 -67.89260864257812 -1.2404115061481757e-11
vertex -71.45603942871094 -55.60417556762695 0
vertex -71.55904388427734 -55.1031608581543 0
endloop
endfacet
facet normal 0 0 1
outer loop
vertex -72.15643310546875 66.55048370361328 0
vertex -72.5903549194336 65.88468170166016 0
vertex -69.82827758789062 66.46338653564453 0
endloop
endfacet
facet normal -0.5579605729351815 -0.8298674587244904 0
outer loop
vertex -71.69087219238281 -71.38658905029297 -1
vertex -71.12427520751953 -71.76753997802734 -17.86788558959961
vertex -71.12427520751953 -71.76753997802734 -1
endloop
endfacet
facet normal 0.000011004914385106621 -0.9999999998899932 0.00000994512116986066
outer loop
vertex 62.93984603881836 -72.11949157714844 -1.5949000120162964
vertex 60.26042938232422 -72.11954498291016 -4
vertex 63.60283279418945 -72.1194839477539 -1.5613878965377808
endloop
endfacet
facet normal 0.9147695960160472 -0.40397596936591124 0.00004878022368312363
outer loop
vertex 73.50972747802734 -69.29338836669922 -17.758094787597656
vertex 73.5673599243164 -69.16288757324219 -17.7832088470459
vertex 73.73827362060547 -68.7758560180664 -17.68491554260254
endloop
endfacet
facet normal 0 0 1
outer loop
vertex 69.82827758789062 -57.338287353515625 0
vertex 69.33477783203125 -57.47275161743164 0
vertex 73.07099914550781 -67.0737075805664 0
endloop
endfacet
facet normal 0.28017623278540177 -0.959948581217793 -3.559385919032328e-7
outer loop
vertex 70.05803680419922 -72.00021362304688 -1
vertex 70.60112762451172 -71.8416976928711 -17.862957000732422
vertex 70.29580688476562 -71.93081665039062 -1
endloop
endfacet
facet normal 0 0 1
outer loop
vertex 30.067150115966797 -57.512451171875 0
vertex 30.063152313232422 -69.01214599609375 0
vertex 73.07099914550781 -67.0737075805664 0
endloop
endfacet
facet normal 0 -7.034256578878262e-17 1
outer loop
vertex -31.632850646972656 -69.93744659423828 0
vertex -54.59943771362305 -69.93744659423828 0
vertex 53.86043167114258 -70.43744659423828 -3.517128289439131e-17
endloop
endfacet
facet normal 0.000020549774975624952 -0.9999999997888533 0
outer loop
vertex -66.59943389892578 -72.12197875976562 -4
vertex -69.94081115722656 -72.1220474243164 -1
vertex -69.94081115722656 -72.1220474243164 -17.855051040649414
endloop
endfacet
facet normal 0.000019073491521743762 -0.999999999816749 -0.0000016442733205065959
outer loop
vertex -69.94081115722656 -72.1220474243164 -1
vertex -66.59943389892578 -72.12197875976562 -4
vertex -60.99943542480469 -72.12187194824219 -4
endloop
endfacet
facet normal 0.9532498726588398 -0.3021831899293969 0
outer loop
vertex 73.90923309326172 -68.23655700683594 -17.607484817504883
vertex 73.73827362060547 -68.7758560180664 -1
vertex 73.73827362060547 -68.7758560180664 -17.68491554260254
endloop
endfacet
facet normal 0 0 1
outer loop
vertex 71.46531677246094 -70.2405776977539 0
vertex 69.83015441894531 -71.0250015258789 0
vertex 70.26863098144531 -70.89701843261719 0
endloop
endfacet
facet normal 0.00001907349238795494 -0.9999999998180723 -2.394047827370979e-7
outer loop
vertex 53.86043167114258 -72.11966705322266 -5
vertex 69.29788970947266 -72.11936950683594 -17.949399948120117
vertex 65.86042785644531 -72.11943817138672 -5
endloop
endfacet
facet normal -2.432271932066037e-15 -4.659522712336242e-15 1
outer loop
vertex -70.45354461669922 -69.60174560546875 0
vertex -70.6517333984375 -69.498291015625 0
vertex -71.87969207763672 -69.86840057373047 -4.711263321198304e-15
endloop
endfacet
facet normal 0.000023445808447407753 -0.999999999600842 -0.000015767373463388927
outer loop
vertex -69.94081115722656 -72.1220474243164 -17.855051040649414
vertex -45.132850646972656 -72.12156677246094 -11.449999809265137
vertex -45.70687484741211 -72.12158203125 -11.335819244384766
endloop
endfacet
facet normal 1.0373029665528068e-18 8.545822804579757e-16 1
outer loop
vertex -66.45298767089844 -70.79100036621094 -1.2960554358078496e-16
vertex -66.5613784790039 -70.62879180908203 -2.6811366813500864e-16
vertex -70.65538787841797 -70.8777847290039 -5.108200271517529e-17
endloop
endfacet
facet normal 0 0 1
outer loop
vertex 72.51762390136719 66.01757049560547 0
vertex 72.05994415283203 66.66726684570312 0
vertex 71.48793029785156 67.21897888183594 0
endloop
endfacet
facet normal 0 0 1
outer loop
vertex -68.83183288574219 68.13754272460938 0
vertex -70.95502471923828 67.5801773071289 0
vertex 69.31129455566406 68.10906982421875 0
endloop
endfacet
facet normal 0 0 1
outer loop
vertex 29.703744888305664 -69.55120849609375 0
vertex 53.89849090576172 -69.24610900878906 0
vertex 54.00687789916992 -69.08389282226562 0
endloop
endfacet
facet normal 0.000019232938414057688 -0.9999999998148957 5.49859568715683e-7
outer loop
vertex -45.132850646972656 -72.12156677246094 -11.449999809265137
vertex -69.94081115722656 -72.1220474243164 -17.855051040649414
vertex 69.29788970947266 -72.11936950683594 -17.949399948120117
endloop
endfacet
facet normal 0.00020616758823634306 0.9999999787474626 0
outer loop
vertex 58.660430908203125 69.11126708984375 -1.100000023841858
vertex 58.660430908203125 69.11126708984375 -2.5
vertex 10.700927734375 69.12115478515625 -1
endloop
endfacet
facet normal -0.9257231602898437 0.3782018383125398 0
outer loop
vertex -73.48009490966797 66.3509750366211 -1
vertex -73.8526382446289 65.43910217285156 -6.031571388244629
vertex -73.8526382446289 65.43910217285156 -1
endloop
endfacet
facet normal 0.000018854339065387993 -0.9999999997429021 0.000012597998157894085
outer loop
vertex -32.07218933105469 -72.1213150024414 -3.8893399238586426
vertex -31.747032165527344 -72.1213150024414 -4.375974655151367
vertex 55.36043167114258 -72.11963653564453 -1.5093971490859985
endloop
endfacet
facet normal -0.9599445500306647 -0.2801900441957647 0
outer loop
vertex -73.9377670288086 -68.12049102783203 -17.594236373901367
vertex -73.77925109863281 -68.66357421875 -17.675935745239258
vertex -73.9377670288086 -68.12049102783203 -1
endloop
endfacet
facet normal 0.000020087674971185077 -0.9999999997982344 -1.2868855402166297e-7
outer loop
vertex 64.36042785644531 -72.11946868896484 -1
vertex 65.86042785644531 -72.11943817138672 -4
vertex 69.29788970947266 -72.11936950683594 -1
endloop
endfacet
facet normal 0 0 1
outer loop
vertex -72.15643310546875 66.55048370361328 0
vertex -69.82827758789062 66.46338653564453 0
vertex -69.33477783203125 66.59785461425781 0
endloop
endfacet
facet normal 0.000019479446571313187 -0.9999999998102755 0
outer loop
vertex -56.09943771362305 -72.12178039550781 -1
vertex -56.09943771362305 -72.12178039550781 -1.5091875791549683
vertex -45.132850646972656 -72.12156677246094 -3.450000047683716
endloop
endfacet
facet normal -0.36914508548142166 -0.9293717802176431 -5.2419062005384934e-8
outer loop
vertex -71.12427520751953 -71.76753997802734 -1
vertex -70.50859832763672 -72.0120849609375 -17.946941375732422
vertex -70.48973846435547 -72.01957702636719 -1
endloop
endfacet
facet normal 0.000019486895714139513 -0.9999999998066 0.000002657210164598994
outer loop
vertex -46.51866912841797 -72.12159729003906 -4.375974655151367
vertex -46.193511962890625 -72.12158966064453 -3.8893399238586426
vertex -60.19943618774414 -72.12185668945312 -1.6677707433700562
endloop
endfacet
facet normal 0 0 1
outer loop
vertex 73.07099914550781 -67.0737075805664 0
vertex 71.46531677246094 -70.2405776977539 0
vertex 71.80888366699219 -69.93956756591797 0
endloop
endfacet
facet normal 0.3828365156375697 -0.9238161084839802 0
outer loop
vertex 70.60112762451172 -71.8416976928711 -17.862957000732422
vertex 71.123779296875 -71.62510681152344 -17.91135597229004
vertex 70.60112762451172 -71.8416976928711 -1
endloop
endfacet
facet normal 0.9999999995346774 -0.000030506476484567025 0
outer loop
vertex 74.07099914550781 -67.11837768554688 -1
vertex 74.07099914550781 -67.11837768554688 -17.63028907775879
vertex 74.07499694824219 63.92929458618164 -6.156706809997559
endloop
endfacet
facet normal -0.8193066728865064 -0.5733555404490684 0
outer loop
vertex -73.29056549072266 -69.6822509765625 -1
vertex -72.96619415283203 -70.14576721191406 -17.671329498291016
vertex -72.96619415283203 -70.14576721191406 -1
endloop
endfacet
facet normal 0.00020783452893534968 0.9999999578843817 -0.00020257355036563485
outer loop
vertex 58.86043167114258 69.11102294921875 -3.5
vertex -59.599456787109375 69.1356430053711 -3.5
vertex 58.660430908203125 69.11126708984375 -2.5
endloop
endfacet
facet normal 0.9999999978950965 -0.000035274308067985294 0.00005445668342841201
outer loop
vertex 74.07099914550781 -67.11837768554688 -17.63028907775879
vertex 74.07100677490234 -66.94450378417969 -17.65776252746582
vertex 74.07499694824219 63.92929458618164 -6.156706809997559
endloop
endfacet
facet normal 3.004061375940401e-20 2.4055350839368533e-16 1
outer loop
vertex -66.09943389892578 -70.93744659423828 -3.686646051964318e-17
vertex -70.21080780029297 -71.05436706542969 -8.617322776116127e-18
vertex -60.99943542480469 -70.93744659423828 -3.70196676039778e-17
endloop
endfacet
facet normal 0 0 1
outer loop
vertex 71.48793029785156 67.21897888183594 0
vertex 69.0677261352539 66.63040161132812 0
vertex 69.57215881347656 66.54572296142578 0
endloop
endfacet
facet normal -0.9981828709692904 -0.060257415340397164 0
outer loop
vertex -74.07499694824219 -66.92288208007812 -1
vertex -74.03633117675781 -67.56339263916016 -17.57195281982422
vertex -74.03633117675781 -67.56339263916016 -1
endloop
endfacet
facet normal 0.000019312469534251104 -0.9999999998135142 0
outer loop
vertex -46.632850646972656 -72.12159729003906 -9.949999809265137
vertex -46.632850646972656 -72.12159729003906 -4.949999809265137
vertex -69.94081115722656 -72.1220474243164 -17.855051040649414
endloop
endfacet
facet normal 0.8175144235971921 0.5759081239317179 0
outer loop
vertex 73.38994598388672 66.51568603515625 -1
vertex 72.8226547241211 67.32096862792969 -5.932815074920654
vertex 72.8226547241211 67.32096862792969 -1
endloop
endfacet
facet normal 0.5460121193740193 0.8377772767846426 0
outer loop
vertex 71.28842163085938 68.54264068603516 -5.777860641479492
vertex 71.28842163085938 68.54264068603516 -1
vertex 72.11366271972656 68.00479888916016 -1
endloop
endfacet
facet normal -0.8193066728865063 -0.5733555404490684 0
outer loop
vertex -73.29056549072266 -69.6822509765625 -17.681461334228516
vertex -72.96619415283203 -70.14576721191406 -17.671329498291016
vertex -73.29056549072266 -69.6822509765625 -1
endloop
endfacet
facet normal 1.6563331175057706e-19 -3.517128289439131e-17 1
outer loop
vertex 29.703744888305664 -69.55120849609375 0
vertex 53.86043167114258 -70.43744659423828 -3.517128289439131e-17
vertex 53.86043167114258 -69.43744659423828 0
endloop
endfacet
facet normal 0.914769956973415 -0.4039751549524089 -1.8374196652774537e-7
outer loop
vertex 73.50972747802734 -69.29338836669922 -1
vertex 73.73827362060547 -68.7758560180664 -17.68491554260254
vertex 73.61460876464844 -69.05589294433594 -1
endloop
endfacet
facet normal 0 0 1
outer loop
vertex 30.004104614257812 -69.22777557373047 0
vertex 29.880084991455078 -69.41378784179688 0
vertex 73.07099914550781 -67.0737075805664 0
endloop
endfacet
facet normal -0.7521555134337691 -0.6589856475001433 0
outer loop
vertex -72.59336853027344 -70.57130432128906 -17.71640968322754
vertex -72.96619415283203 -70.14576721191406 -1
vertex -72.96619415283203 -70.14576721191406 -17.671329498291016
endloop
endfacet
facet normal -0.06994670921624145 0.9975507294718492 0
outer loop
vertex -68.86674499511719 69.1375503540039 -1
vertex -69.59716796875 69.08633422851562 -5.930892467498779
vertex -69.59716796875 69.08633422851562 -1
endloop
endfacet
facet normal 0 0 1
outer loop
vertex 71.5353012084961 64.39732360839844 0
vertex 71.57499694824219 63.93754959106445 0
vertex 73.03199005126953 64.50767517089844 0
endloop
endfacet
facet normal 0.5460121193740193 0.8377772767846426 0
outer loop
vertex 71.28842163085938 68.54264068603516 -5.777860641479492
vertex 72.11366271972656 68.00479888916016 -1
vertex 72.11366271972656 68.00479888916016 -5.972458362579346
endloop
endfacet
facet normal 0.00010299799793827287 0.9999999325013625 0.0003526877979901739
outer loop
vertex 60.860408782958984 69.1108169555664 -3.5
vertex 58.86043167114258 69.11102294921875 -3.5
vertex 69.41077423095703 69.10905456542969 -1
endloop
endfacet
facet normal -0.9999999764838796 0.00021686917731893779 0
outer loop
vertex -74.04650115966797 64.47332763671875 -6.160236835479736
vertex -74.07499694824219 -66.92288208007812 -17.61806297302246
vertex -74.04650115966797 64.47332763671875 -1
endloop
endfacet
facet normal 0.0002060581632310507 0.9999999785034768 -0.000023088510855931172
outer loop
vertex -59.399436950683594 69.1355972290039 -1.100000023841858
vertex -68.86674499511719 69.1375503540039 -1
vertex 10.700927734375 69.12115478515625 -1
endloop
endfacet
facet normal -3.301758345638673e-18 7.127812981194996e-16 1
outer loop
vertex -54.63749694824219 -70.62879180908203 -2.5701793357267133e-16
vertex -54.74588394165039 -70.79100036621094 -1.4175657531628272e-16
vertex 53.86043167114258 -70.43744659423828 -3.517128289439131e-17
endloop
endfacet
facet normal 0.00001907348632460695 -0.9999999998155529 -0.000002257510382180784
outer loop
vertex -33.132850646972656 -72.121337890625 -11.449999809265137
vertex -45.132850646972656 -72.12156677246094 -11.449999809265137
vertex 69.29788970947266 -72.11936950683594 -17.949399948120117
endloop
endfacet
facet normal 0.000019073491521763952 -0.9999999998178076 -7.658201305286803e-7
outer loop
vertex 60.26042938232422 -72.11954498291016 -4
vertex 65.86042785644531 -72.11943817138672 -4
vertex 64.36042785644531 -72.11946868896484 -1.5094140768051147
endloop
endfacet
facet normal -9.990203559451518e-19 6.556511690004841e-18 1
outer loop
vertex -54.74588394165039 -70.79100036621094 -1.4175657531628272e-16
vertex 54.16908645629883 -70.8993911743164 -3.223763722113524e-17
vertex 54.00687789916992 -70.79100036621094 -3.311035247204809e-17
endloop
endfacet
facet normal -2.7849651818842727e-18 1.066861297925368e-16 1
outer loop
vertex 60.26042938232422 -70.93744659423828 -1.9539648849199044e-17
vertex 60.26042938232422 -71.11954498291016 -1.1227652033957559e-19
vertex 65.55177307128906 -70.8993911743164 -8.863426379143516e-18
endloop
endfacet
facet normal 0 0 1
outer loop
vertex -70.23065948486328 67.90711212158203 0
vertex -70.95502471923828 67.5801773071289 0
vertex -69.44512939453125 68.09453582763672 0
endloop
endfacet
facet normal -2.0534732720440187e-18 4.9787569410601776e-18 1
outer loop
vertex 65.82237243652344 -70.62879180908203 -9.654959643198571e-18
vertex 65.71398162841797 -70.79100036621094 -9.069940290873505e-18
vertex 69.36319732666016 -71.10762023925781 0
endloop
endfacet
facet normal -9.43626292259172e-19 -4.392984899844876e-16 1
outer loop
vertex -69.63285064697266 -69.93744659423828 0
vertex -71.0735855102539 -70.59661102294922 -2.909294534813689e-16
vertex -66.59943389892578 -70.43744659423828 -2.1678683319340745e-16
endloop
endfacet
facet normal 0 0 1
outer loop
vertex 65.71398162841797 -69.08389282226562 0
vertex 65.82237243652344 -69.24610900878906 0
vertex 73.07099914550781 -67.0737075805664 0
endloop
endfacet
facet normal 0 0 1
outer loop
vertex -69.82827758789062 66.46338653564453 0
vertex -72.5903549194336 65.88468170166016 0
vertex -70.28755950927734 66.2382583618164 0
endloop
endfacet
facet normal 0.00002083311195254236 -0.9999999997148569 0.000011673375813311435
outer loop
vertex -57.52497482299805 -72.1218032836914 -1.5949000120162964
vertex -58.23931884765625 -72.12181854248047 -1.6271768808364868
vertex -45.132850646972656 -72.12156677246094 -3.450000047683716
endloop
endfacet
facet normal 0.9999999995346773 -0.000030506476484567025 0
outer loop
vertex 74.07099914550781 -67.11837768554688 -1
vertex 74.07499694824219 63.92929458618164 -6.156706809997559
vertex 74.07499694824219 63.92929458618164 -1
endloop
endfacet
facet normal 0.000019073491521769546 -0.999999999818101 0
outer loop
vertex -60.19943618774414 -72.12185668945312 -1.6677707433700562
vertex -60.19943618774414 -72.12185668945312 -4
vertex -54.59943771362305 -72.12174987792969 -4
endloop
endfacet
facet normal 0 0 1
outer loop
vertex -72.5903549194336 65.88468170166016 0
vertex -71.30487060546875 65.11412048339844 0
vertex -71.03935241699219 65.5512924194336 0
endloop
endfacet
facet normal 0 0 1
outer loop
vertex -72.5903549194336 65.88468170166016 0
vertex -73.04652404785156 64.37384033203125 0
vertex -71.4831771850586 64.63470458984375 0
endloop
endfacet
facet normal 0 0 1
outer loop
vertex -72.89092254638672 65.14898681640625 0
vertex -73.04652404785156 64.37384033203125 0
vertex -72.5903549194336 65.88468170166016 0
endloop
endfacet
facet normal 0 0 1
outer loop
vertex 73.07099914550781 -67.0737075805664 0
vertex 72.38813781738281 -69.23490142822266 0
vertex 72.6169662475586 -68.8395767211914 0
endloop
endfacet
facet normal 0 0 1
outer loop
vertex 71.30487060546875 -55.989017486572266 0
vertex 71.03935241699219 -56.42619705200195 0
vertex 73.07099914550781 -67.0737075805664 0
endloop
endfacet
facet normal 0.000019073492387954084 -0.9999999998180273 3.837259806805784e-7
outer loop
vertex -66.59943389892578 -72.12197875976562 -5
vertex -69.94081115722656 -72.1220474243164 -17.855051040649414
vertex -54.59943771362305 -72.12174987792969 -5
endloop
endfacet
facet normal -3.5484902779933096e-15 -1.7059894380795552e-15 1
outer loop
vertex -70.90406036376953 -69.1361312866211 0
vertex -71.87969207763672 -69.86840057373047 -4.711263321198304e-15
vertex -70.80718994140625 -69.3376235961914 0
endloop
endfacet
facet normal 0 0 1
outer loop
vertex 71.56785583496094 -55.00517272949219 0
vertex 73.07099914550781 -67.0737075805664 0
vertex 73.07499694824219 63.894290924072266 0
endloop
endfacet
facet normal -5.1484369048168757e-14 6.216090267874161e-14 1
outer loop
vertex -72.1781234741211 -69.52777099609375 -4.124965749833717e-14
vertex -71.87969207763672 -69.86840057373047 -4.711263321198304e-15
vertex -70.90406036376953 -69.1361312866211 0
endloop
endfacet
facet normal -0.7521555134337691 -0.6589856475001433 0
outer loop
vertex -72.96619415283203 -70.14576721191406 -1
vertex -72.59336853027344 -70.57130432128906 -17.71640968322754
vertex -72.59336853027344 -70.57130432128906 -1
endloop
endfacet
facet normal 0 0 1
outer loop
vertex 70.08644104003906 67.9534683227539 0
vertex -70.95502471923828 67.5801773071289 0
vertex 70.82212829589844 67.65290832519531 0
endloop
endfacet
facet normal -2.9704107598559046e-15 -2.8740723511479135e-15 1
outer loop
vertex -70.80718994140625 -69.3376235961914 0
vertex -71.87969207763672 -69.86840057373047 -4.711263321198304e-15
vertex -70.6517333984375 -69.498291015625 0
endloop
endfacet
facet normal -2.031172706369961e-10 -3.5250829910690274e-11 1
outer loop
vertex -73.04161071777344 -67.44576263427734 -1.2710017933958984e-11
vertex -72.96255493164062 -67.89260864257812 -1.2404115061481757e-11
vertex -73.07499694824219 -66.89282989501953 0
endloop
endfacet
facet normal 0.000020536986520334855 -0.9999999996824497 -0.000014605920231434975
outer loop
vertex 56.78126525878906 -72.11961364746094 -1.5949000120162964
vertex -31.632850646972656 -72.12130737304688 -9.949999809265137
vertex 57.501121520996094 -72.11959838867188 -1.627428650856018
endloop
endfacet
facet normal 0 0 1
outer loop
vertex 71.57499694824219 63.93754959106445 0
vertex 71.56785583496094 -55.00517272949219 0
vertex 73.07499694824219 63.894290924072266 0
endloop
endfacet
facet normal 0 -4.335736663868149e-16 1
outer loop
vertex -66.59943389892578 -69.93744659423828 0
vertex -69.63285064697266 -69.93744659423828 0
vertex -66.59943389892578 -70.43744659423828 -2.1678683319340745e-16
endloop
endfacet
facet normal 0.4809333893838859 -0.8767571356856627 0
outer loop
vertex 71.21157836914062 -71.57694244384766 -1
vertex 71.61979675292969 -71.35301971435547 -17.876249313354492
vertex 71.61979675292969 -71.35301971435547 -1
endloop
endfacet
facet normal -0.8377772767846426 0.5460121193740193 0
outer loop
vertex -72.94225311279297 67.17621612548828 -5.940248012542725
vertex -73.48009490966797 66.3509750366211 -6.047911643981934
vertex -72.94225311279297 67.17621612548828 -1
endloop
endfacet
facet normal -0.670320867207418 -0.74207138132488 0.000002208953343570139
outer loop
vertex -71.69087219238281 -71.38658905029297 -17.902647018432617
vertex -72.59336853027344 -70.57130432128906 -1
vertex -71.77569580078125 -71.30996704101562 -17.918254852294922
endloop
endfacet
facet normal -0.9804422089366605 0.19680720244798433 0
outer loop
vertex -73.8526382446289 65.43910217285156 -6.031571388244629
vertex -74.04650115966797 64.47332763671875 -6.160236835479736
vertex -73.8526382446289 65.43910217285156 -1
endloop
endfacet
facet normal 0.9804419447039316 -0.1968085187820197 0
outer loop
vertex 73.90923309326172 -68.23655700683594 -1
vertex 74.02057647705078 -67.68187713623047 -17.589204788208008
vertex 74.02057647705078 -67.68187713623047 -1
endloop
endfacet
facet normal 0.000017783632845346672 -0.9999999995868156 -0.000022585639680125613
outer loop
vertex -32.5588264465332 -72.12133026123047 -11.335819244384766
vertex -33.132850646972656 -72.121337890625 -11.449999809265137
vertex 69.29788970947266 -72.11936950683594 -17.949399948120117
endloop
endfacet
facet normal 0.3782018383125398 0.9257231602898437 0
outer loop
vertex 71.28842163085938 68.54264068603516 -1
vertex 70.37654876708984 68.9151840209961 -5.745267391204834
vertex 70.37654876708984 68.9151840209961 -1
endloop
endfacet
facet normal 0.8654653680969057 -0.500968758132568 0
outer loop
vertex 73.50972747802734 -69.29338836669922 -17.758094787597656
vertex 73.22630310058594 -69.78302764892578 -1
vertex 73.22630310058594 -69.78302764892578 -17.713315963745117
endloop
endfacet
facet normal 1.4242005153470567e-18 -5.758751887812812e-19 1
outer loop
vertex 29.493070602416992 -69.62602996826172 0
vertex 29.367149353027344 -69.93744659423828 0
vertex 53.86043167114258 -70.43744659423828 -3.517128289439131e-17
endloop
endfacet
facet normal 0.8654653680969057 -0.500968758132568 0
outer loop
vertex 73.22630310058594 -69.78302764892578 -1
vertex 73.50972747802734 -69.29338836669922 -17.758094787597656
vertex 73.50972747802734 -69.29338836669922 -1
endloop
endfacet
facet normal 0.0002058015690984163 0.999999975113842 0.0000861279832047284
outer loop
vertex -61.59941482543945 69.13605499267578 -5.891770362854004
vertex -68.86674499511719 69.1375503540039 -5.888674259185791
vertex -61.59943771362305 69.13584899902344 -3.5
endloop
endfacet
facet normal 0 0 1
outer loop
vertex 72.84455871582031 65.293212890625 0
vertex 71.5353012084961 64.39732360839844 0
vertex 73.03199005126953 64.50767517089844 0
endloop
endfacet
facet normal 0 0 1
outer loop
vertex 29.880084991455078 -69.41378784179688 0
vertex 29.703744888305664 -69.55120849609375 0
vertex 73.07099914550781 -67.0737075805664 0
endloop
endfacet
facet normal 0.000019073491521769546 -0.999999999818101 0
outer loop
vertex 59.46043014526367 -72.11956024169922 -1.6680152416229248
vertex 53.86043167114258 -72.11966705322266 -4
vertex 59.46043014526367 -72.11956024169922 -4
endloop
endfacet
facet normal 0.805907812856389 -0.592041043490256 0
outer loop
vertex 73.22630310058594 -69.78302764892578 -17.713315963745117
vertex 72.891357421875 -70.23896789550781 -1
vertex 72.891357421875 -70.23896789550781 -17.723886489868164
endloop
endfacet
facet normal 0.00023411077417592654 0.9999999725960724 0
outer loop
vertex -61.59943771362305 69.13584899902344 -3.5
vertex -68.86674499511719 69.1375503540039 -5.888674259185791
vertex -68.86674499511719 69.1375503540039 -1
endloop
endfacet
facet normal -0.5579605729351816 -0.8298674587244905 0
outer loop
vertex -71.69087219238281 -71.38658905029297 -17.902647018432617
vertex -71.12427520751953 -71.76753997802734 -17.86788558959961
vertex -71.69087219238281 -71.38658905029297 -1
endloop
endfacet
facet normal -0.9804448796476322 0.19679386965983942 0.00010410113506000673
outer loop
vertex -74.0118408203125 64.6460189819336 -6.17988920211792
vertex -74.04650115966797 64.47332763671875 -6.160236835479736
vertex -73.8526382446289 65.43910217285156 -6.031571388244629
endloop
endfacet
facet normal -0.23208821088009504 0.9726947426456444 0
outer loop
vertex -69.59716796875 69.08633422851562 -1
vertex -70.55530548095703 68.85771942138672 -5.7476067543029785
vertex -70.55530548095703 68.85771942138672 -1
endloop
endfacet
facet normal 0.9114658884960541 0.4113756605684137 0
outer loop
vertex 73.38994598388672 66.51568603515625 -6.03987455368042
vertex 73.795166015625 65.61785888671875 -1
vertex 73.795166015625 65.61785888671875 -6.022000789642334
endloop
endfacet
facet normal 0.972695159841564 0.23208646238157488 0
outer loop
vertex 73.795166015625 65.61785888671875 -6.022000789642334
vertex 74.0237808227539 64.65971374511719 -1
vertex 74.0237808227539 64.65971374511719 -6.143954753875732
endloop
endfacet
facet normal 0 0 1
outer loop
vertex -73.04652404785156 64.37384033203125 0
vertex -73.07499694824219 -66.89282989501953 0
vertex -71.56785583496094 64.1302719116211 0
endloop
endfacet
facet normal 0.0001029973750925863 0.9999957926975263 0.0028989616739226506
outer loop
vertex -59.599456787109375 69.1356430053711 -3.5
vertex -61.59943771362305 69.13584899902344 -3.5
vertex 10.700927734375 69.12115478515625 -1
endloop
endfacet
facet normal 0.00020423483415412514 0.9999999791221307 -0.000006623500366520091
outer loop
vertex 69.37290954589844 69.10906219482422 -5.947576522827148
vertex 60.860408782958984 69.1108169555664 -3.5
vertex 69.41077423095703 69.10905456542969 -5.931890964508057
endloop
endfacet
facet normal 0.00020557397419331704 0.9999999788696703 0
outer loop
vertex 69.41077423095703 69.10905456542969 -1
vertex 61.060428619384766 69.11077117919922 -2.5
vertex 61.060428619384766 69.11077117919922 -1.100000023841858
endloop
endfacet
facet normal 0.0002651219359933448 0.9999999099098946 -0.00033149745324815666
outer loop
vertex 69.41077423095703 69.10905456542969 -1
vertex 58.86043167114258 69.11102294921875 -3.5
vertex 61.060428619384766 69.11077117919922 -2.5
endloop
endfacet
facet normal -0.190100817936172 -0.981764548925836 -0.00022246898231257115
outer loop
vertex -69.94081115722656 -72.1220474243164 -17.855051040649414
vertex -70.48973846435547 -72.01957702636719 -1
vertex -70.50859832763672 -72.0120849609375 -17.946941375732422
endloop
endfacet
facet normal -1.5700773925687602e-18 -4.1092334363274487e-16 1
outer loop
vertex -54.59943771362305 -69.93744659423828 0
vertex -54.59943771362305 -70.43744659423828 -2.0546167181637243e-16
vertex 53.86043167114258 -70.43744659423828 -3.517128289439131e-17
endloop
endfacet
facet normal -0.06995202814151805 0.9975503565028124 0
outer loop
vertex -68.86674499511719 69.1375503540039 -5.888674259185791
vertex -69.55631256103516 69.08919525146484 -5.946173667907715
vertex -68.86674499511719 69.1375503540039 -1
endloop
endfacet
facet normal 0.000018636495300589885 -0.9999999994652543 0.00002687326682924839
outer loop
vertex -33.132850646972656 -72.121337890625 -3.450000047683716
vertex -32.5588264465332 -72.12133026123047 -3.564180612564087
vertex 55.36043167114258 -72.11963653564453 -1.5093971490859985
endloop
endfacet
facet normal 0 0 1
outer loop
vertex 29.367149353027344 -69.637451171875 0
vertex 29.367149353027344 -69.93744659423828 0
vertex 29.493070602416992 -69.62602996826172 0
endloop
endfacet
facet normal 0.000019578151364237592 -0.9999999997641992 -0.000009396681378042453
outer loop
vertex -31.747032165527344 -72.1213150024414 -4.375974655151367
vertex -31.632850646972656 -72.12130737304688 -4.949999809265137
vertex 55.36043167114258 -72.11963653564453 -1.5093971490859985
endloop
endfacet
facet normal -0.411382095093883 0.9114629843477832 0
outer loop
vertex -70.55530548095703 68.85771942138672 -5.7476067543029785
vertex -71.45313262939453 68.4524917602539 -5.783059597015381
vertex -70.55530548095703 68.85771942138672 -1
endloop
endfacet
facet normal 0.000018802432547562547 -0.9999999998230822 5.51209495987388e-7
outer loop
vertex 61.003395080566406 -72.1195297241211 -1.6610950231552124
vertex 60.26042938232422 -72.11954498291016 -4
vertex 62.21970748901367 -72.1195068359375 -1.6274389028549194
endloop
endfacet
facet normal 0.10085828379200588 -0.994900802387118 0
outer loop
vertex 69.29788970947266 -72.11936950683594 -17.949399948120117
vertex 69.50093841552734 -72.09878540039062 -17.921974182128906
vertex 69.29788970947266 -72.11936950683594 -1
endloop
endfacet
facet normal 0.00002033623467145426 -0.999999999789173 -0.0000028445458395700587
outer loop
vertex 63.60283279418945 -72.1194839477539 -1.5613878965377808
vertex 60.26042938232422 -72.11954498291016 -4
vertex 64.36042785644531 -72.11946868896484 -1.5094140768051147
endloop
endfacet
facet normal 0 0 1
outer loop
vertex -69.44512939453125 68.09453582763672 0
vertex -70.95502471923828 67.5801773071289 0
vertex -68.83183288574219 68.13754272460938 0
endloop
endfacet
facet normal 0 0 1
outer loop
vertex 69.33477783203125 -57.47275161743164 0
vertex 30.067150115966797 -57.512451171875 0
vertex 73.07099914550781 -67.0737075805664 0
endloop
endfacet
facet normal 0.4809591960576328 -0.8767429792857974 8.120701520285723e-7
outer loop
vertex 71.123779296875 -71.62510681152344 -1
vertex 71.61979675292969 -71.35301971435547 -17.876249313354492
vertex 71.21157836914062 -71.57694244384766 -1
endloop
endfacet
facet normal -1.2424777571506099e-20 6.9045228798057e-20 1
outer loop
vertex 69.36319732666016 -71.10762023925781 0
vertex 60.26042938232422 -71.11954498291016 -1.1227652033957559e-19
vertex 69.24730682373047 -71.11937713623047 -6.281560801191088e-22
endloop
endfacet
facet normal 0 0 1
outer loop
vertex -68.875 66.6375503540039 0
vertex -72.15643310546875 66.55048370361328 0
vertex -69.33477783203125 66.59785461425781 0
endloop
endfacet
facet normal -1.5087729708159661e-18 -1.0529420245203905e-17 1
outer loop
vertex 65.86042785644531 -69.43744659423828 0
vertex 65.86042785644531 -70.43744659423828 -1.0529420245203905e-17
vertex 71.46531677246094 -70.2405776977539 0
endloop
endfacet
facet normal 0 0 1
outer loop
vertex 73.07099914550781 -67.0737075805664 0
vertex 65.55177307128906 -68.97550964355469 0
vertex 65.71398162841797 -69.08389282226562 0
endloop
endfacet
facet normal 0 0 1
outer loop
vertex 71.48793029785156 67.21897888183594 0
vertex 69.57215881347656 66.54572296142578 0
vertex 70.05156707763672 66.36742401123047 0
endloop
endfacet
facet normal -8.944591495130856e-12 5.370176491260236e-16 1
outer loop
vertex -71.56785583496094 64.1302719116211 0
vertex -72.96255493164062 -67.89260864257812 -1.2404115061481757e-11
vertex -71.57499694824219 -54.81245040893555 0
endloop
endfacet
facet normal 0.000018191963086959672 -0.9999999998274473 0.0000037627426501576615
outer loop
vertex -45.70687484741211 -72.12158203125 -11.335819244384766
vertex -46.193511962890625 -72.12158966064453 -11.010660171508789
vertex -69.94081115722656 -72.1220474243164 -17.855051040649414
endloop
endfacet
facet normal 0.00001998180737668135 -0.9999999997963348 0.0000028385965173116143
outer loop
vertex -56.09943771362305 -72.12178039550781 -1.5091875791549683
vertex -56.8557014465332 -72.12179565429688 -1.5610698461532593
vertex -45.132850646972656 -72.12156677246094 -3.450000047683716
endloop
endfacet
facet normal 0 0 1
outer loop
vertex -72.5903549194336 65.88468170166016 0
vertex -70.6961441040039 65.93054962158203 0
vertex -70.28755950927734 66.2382583618164 0
endloop
endfacet
facet normal 0.000022955372521950647 -0.9999999997310187 0.000003318662751742585
outer loop
vertex -60.99943542480469 -72.12187194824219 -4
vertex -63.67364501953125 -72.1219253540039 -1.5949000120162964
vertex -64.34325408935547 -72.12194061279297 -1.5610500574111938
endloop
endfacet
facet normal 0.28018641706406966 -0.9599456087158269 0
outer loop
vertex 70.60112762451172 -71.8416976928711 -17.862957000732422
vertex 70.05803680419922 -72.00021362304688 -1
vertex 70.05803680419922 -72.00021362304688 -17.86651039123535
endloop
endfacet
facet normal 0.000020526188846876433 -0.9999999997893377 0
outer loop
vertex -61.74281692504883 -72.12188720703125 -1.6608402729034424
vertex -60.99943542480469 -72.12187194824219 -4
vertex -60.99943542480469 -72.12187194824219 -1.6677690744400024
endloop
endfacet
facet normal 0 0 1
outer loop
vertex -72.5903549194336 65.88468170166016 0
vertex -71.03935241699219 65.5512924194336 0
vertex -70.6961441040039 65.93054962158203 0
endloop
endfacet
facet normal 0.00002197949915949836 -0.9999999994907441 0.000023139004666921983
outer loop
vertex -45.70687484741211 -72.12158203125 -3.564180612564087
vertex -45.132850646972656 -72.12156677246094 -3.450000047683716
vertex -60.19943618774414 -72.12185668945312 -1.6677707433700562
endloop
endfacet
facet normal -1.8811885494142854e-12 -7.787872782057978e-13 1
outer loop
vertex -72.96255493164062 -67.89260864257812 -1.2404115061481757e-11
vertex -71.26039123535156 -56.0767707824707 0
vertex -71.45603942871094 -55.60417556762695 0
endloop
endfacet
facet normal 0.00001824255644126551 -0.9999999998270207 -0.000003628696028136873
outer loop
vertex -46.632850646972656 -72.12159729003906 -4.949999809265137
vertex -46.51866912841797 -72.12159729003906 -4.375974655151367
vertex -60.19943618774414 -72.12185668945312 -1.6677707433700562
endloop
endfacet
facet normal 0 0 1
outer loop
vertex -72.5903549194336 65.88468170166016 0
vertex -71.4831771850586 64.63470458984375 0
vertex -71.30487060546875 65.11412048339844 0
endloop
endfacet
facet normal 8.70995104113134e-19 1.9215266300181906e-16 1
outer loop
vertex -60.19943618774414 -70.93744659423828 -3.704369885513369e-17
vertex -60.19943618774414 -71.12185668945312 -1.6088079751824538e-18
vertex -54.90809631347656 -70.8993911743164 -4.896488025946012e-17
endloop
endfacet
facet normal -0.8772454417481141 -0.4800421170003238 -0.00002894829541845171
outer loop
vertex -73.56300354003906 -69.18539428710938 -1
vertex -73.29056549072266 -69.6822509765625 -17.681461334228516
vertex -73.5145034790039 -69.2740249633789 -1
endloop
endfacet
facet normal 0.4809507016713462 -0.8767476390397866 0
outer loop
vertex 71.17153930664062 -71.59890747070312 -17.92096519470215
vertex 71.123779296875 -71.62510681152344 -1
vertex 71.123779296875 -71.62510681152344 -17.91135597229004
endloop
endfacet
facet normal 0 0 1
outer loop
vertex 69.31129455566406 68.10906982421875 0
vertex -70.95502471923828 67.5801773071289 0
vertex 70.08644104003906 67.9534683227539 0
endloop
endfacet
facet normal 0 0 1
outer loop
vertex 71.46531677246094 -70.2405776977539 0
vertex 70.26863098144531 -70.89701843261719 0
vertex 71.09107971191406 -70.50247192382812 0
endloop
endfacet
facet normal 0.000019207620365508107 -0.9999999998155336 0
outer loop
vertex 55.36043167114258 -72.11963653564453 -1
vertex -45.132850646972656 -72.12156677246094 -3.450000047683716
vertex 55.36043167114258 -72.11963653564453 -1.5093971490859985
endloop
endfacet
facet normal 0.00020662929518917256 0.9999999580852859 -0.0002028145980834395
outer loop
vertex -61.59943771362305 69.13584899902344 -3.5
vertex -61.7994384765625 69.13609313964844 -2.5
vertex -59.399436950683594 69.1355972290039 -2.5
endloop
endfacet
facet normal 0 0 1
outer loop
vertex 73.07099914550781 -67.0737075805664 0
vertex 72.80148315429688 -68.42173767089844 0
vertex 72.93951416015625 -67.98632049560547 0
endloop
endfacet
facet normal 0 0 1
outer loop
vertex 70.6961441040039 -56.80544662475586 0
vertex 70.28755950927734 -57.1131591796875 0
vertex 73.07099914550781 -67.0737075805664 0
endloop
endfacet
facet normal 0.000019975363714095796 -0.9999999998004924 0
outer loop
vertex 65.86042785644531 -72.11943817138672 -5
vertex 69.29788970947266 -72.11936950683594 -17.949399948120117
vertex 65.86042785644531 -72.11943817138672 -4
endloop
endfacet
facet normal 0 0 1
outer loop
vertex 71.48316955566406 -55.50960922241211 0
vertex 73.07099914550781 -67.0737075805664 0
vertex 71.56785583496094 -55.00517272949219 0
endloop
endfacet
facet normal 0.000019192202208075966 -0.999999999815825 -9.7886420892794e-8
outer loop
vertex -31.632850646972656 -72.12130737304688 -9.949999809265137
vertex 69.29788970947266 -72.11936950683594 -17.949399948120117
vertex 53.86043167114258 -72.11966705322266 -5
endloop
endfacet
facet normal 0.000019151660213786615 -0.9999999998165648 2.904395515552073e-7
outer loop
vertex -54.59943771362305 -72.12174987792969 -5
vertex -69.94081115722656 -72.1220474243164 -17.855051040649414
vertex -46.632850646972656 -72.12159729003906 -4.949999809265137
endloop
endfacet
facet normal -0.5759029474946386 0.8175180701776491 0
outer loop
vertex -71.45313262939453 68.4524917602539 -5.783059597015381
vertex -72.25841522216797 67.88520812988281 -5.977420330047607
vertex -71.45313262939453 68.4524917602539 -1
endloop
endfacet
facet normal -6.23576978854578e-16 -1.4332943507561318e-14 1
outer loop
vertex -69.63285064697266 -69.637451171875 0
vertex -70.45354461669922 -69.60174560546875 0
vertex -71.87969207763672 -69.86840057373047 -4.711263321198304e-15
endloop
endfacet
facet normal -2.4428244644589764e-15 3.366000895184683e-15 1
outer loop
vertex -71.0735855102539 -70.59661102294922 -2.909294534813689e-16
vertex -69.63285064697266 -69.637451171875 0
vertex -71.87969207763672 -69.86840057373047 -4.711263321198304e-15
endloop
endfacet
facet normal 0.0000199753637140958 -0.9999999998004925 0
outer loop
vertex 65.86042785644531 -72.11943817138672 -4
vertex 69.29788970947266 -72.11936950683594 -17.949399948120117
vertex 69.29788970947266 -72.11936950683594 -1
endloop
endfacet
facet normal 0.00020613137232020068 0.9999999787542581 -0.00000115793160824312
outer loop
vertex 58.660430908203125 69.11126708984375 -2.5
vertex -59.599456787109375 69.1356430053711 -3.5
vertex 10.700927734375 69.12115478515625 -1
endloop
endfacet
facet normal 0.17423151121612884 -0.9847047174149944 0
outer loop
vertex 69.50093841552734 -72.09878540039062 -1
vertex 70.05803680419922 -72.00021362304688 -17.86651039123535
vertex 70.05803680419922 -72.00021362304688 -1
endloop
endfacet
facet normal 0 0 1
outer loop
vertex -70.95502471923828 67.5801773071289 0
vertex 69.0677261352539 66.63040161132812 0
vertex 71.48793029785156 67.21897888183594 0
endloop
endfacet
facet normal -0.670343648016703 -0.7420508025490293 0
outer loop
vertex -72.59336853027344 -70.57130432128906 -1
vertex -71.69087219238281 -71.38658905029297 -17.902647018432617
vertex -71.69087219238281 -71.38658905029297 -1
endloop
endfacet
facet normal 0.0000090048783848815 -0.9999999998345165 -0.00001580756934830231
outer loop
vertex -65.09943389892578 -72.1219482421875 -1.509170651435852
vertex -60.99943542480469 -72.12187194824219 -4
vertex -64.34325408935547 -72.12194061279297 -1.5610500574111938
endloop
endfacet
facet normal -0.8767471070392744 -0.4809516714788118 0
outer loop
vertex -73.29056549072266 -69.6822509765625 -17.681461334228516
vertex -73.29056549072266 -69.6822509765625 -1
vertex -73.5145034790039 -69.2740249633789 -1
endloop
endfacet
facet normal -1.2755584550340962e-12 -8.660330217780361e-13 1
outer loop
vertex -70.93285369873047 -56.5591926574707 0
vertex -71.26039123535156 -56.0767707824707 0
vertex -72.96255493164062 -67.89260864257812 -1.2404115061481757e-11
endloop
endfacet
facet normal 0 0 1
outer loop
vertex 72.51762390136719 66.01757049560547 0
vertex 71.17571258544922 65.35011291503906 0
vertex 72.84455871582031 65.293212890625 0
endloop
endfacet
facet normal -3.416571641354245e-13 7.914284654255624e-12 1
outer loop
vertex -72.65970611572266 -68.75305938720703 -3.6315690038479786e-12
vertex -72.44001770019531 -69.15353393554688 -3.8704131045952384e-13
vertex -70.90406036376953 -69.1361312866211 0
endloop
endfacet
facet normal 0.17423151121612881 -0.9847047174149943 0
outer loop
vertex 70.05803680419922 -72.00021362304688 -17.86651039123535
vertex 69.50093841552734 -72.09878540039062 -1
vertex 69.50093841552734 -72.09878540039062 -17.921974182128906
endloop
endfacet
facet normal 0 0 1
outer loop
vertex 71.48793029785156 67.21897888183594 0
vertex 70.86799621582031 65.7586898803711 0
vertex 72.51762390136719 66.01757049560547 0
endloop
endfacet
facet normal 0 0 1
outer loop
vertex 71.48793029785156 67.21897888183594 0
vertex 70.4887466430664 66.1019058227539 0
vertex 70.86799621582031 65.7586898803711 0
endloop
endfacet
facet normal -4.4559269395915506e-17 7.867480673511373e-16 1
outer loop
vertex -71.0735855102539 -70.59661102294922 -2.909294534813689e-16
vertex -70.65538787841797 -70.8777847290039 -5.108200271517529e-17
vertex -66.59943389892578 -70.43744659423828 -2.1678683319340745e-16
endloop
endfacet
facet normal 0.00001995261753409121 -0.9999999997981946 -0.0000023460241848538055
outer loop
vertex -69.94081115722656 -72.1220474243164 -17.855051040649414
vertex -46.193511962890625 -72.12158966064453 -11.010660171508789
vertex -46.51866912841797 -72.12159729003906 -10.524024963378906
endloop
endfacet
facet normal -1.9777662789534163e-17 7.41586239744515e-16 1
outer loop
vertex -66.45298767089844 -70.79100036621094 -1.2960554358078496e-16
vertex -70.21080780029297 -71.05436706542969 -8.617322776116127e-18
vertex -66.29077911376953 -70.8993911743164 -4.6016305630508695e-17
endloop
endfacet
facet normal 0.000018091934334848043 -0.9999999998298655 0.000003598735214197971
outer loop
vertex -46.51866912841797 -72.12159729003906 -10.524024963378906
vertex -46.632850646972656 -72.12159729003906 -9.949999809265137
vertex -69.94081115722656 -72.1220474243164 -17.855051040649414
endloop
endfacet
facet normal -0.719759563124278 0.6942234303818537 0
outer loop
vertex -72.25841522216797 67.88520812988281 -5.977420330047607
vertex -72.94225311279297 67.17621612548828 -5.940248012542725
vertex -72.25841522216797 67.88520812988281 -1
endloop
endfacet
facet normal -0.9257231602898436 0.3782018383125398 0
outer loop
vertex -73.48009490966797 66.3509750366211 -6.047911643981934
vertex -73.8526382446289 65.43910217285156 -6.031571388244629
vertex -73.48009490966797 66.3509750366211 -1
endloop
endfacet
facet normal 0.91477214604417 -0.4039701979376 0
outer loop
vertex 73.73827362060547 -68.7758560180664 -17.68491554260254
vertex 73.50972747802734 -69.29338836669922 -1
vertex 73.50972747802734 -69.29338836669922 -17.758094787597656
endloop
endfacet
facet normal 0.6942227534435925 0.7197602160450359 0
outer loop
vertex 72.11366271972656 68.00479888916016 -5.972458362579346
vertex 72.11366271972656 68.00479888916016 -1
vertex 72.5682373046875 67.56635284423828 -1
endloop
endfacet
facet normal 0.5733582578784906 -0.8193047712069924 0
outer loop
vertex 71.61979675292969 -71.35301971435547 -1
vertex 72.08332061767578 -71.02864074707031 -17.876712799072266
vertex 72.08332061767578 -71.02864074707031 -1
endloop
endfacet
facet normal -0.9999999764837413 0.00021686981534653046 0
outer loop
vertex -74.07499694824219 -66.92288208007812 -17.61806297302246
vertex -74.07499694824219 -66.92288208007812 -1
vertex -74.05860137939453 8.678088188171387 -1
endloop
endfacet
facet normal 0.00002032228832869184 -0.9999999996571699 0.000016512561798081743
outer loop
vertex -32.07218933105469 -72.1213150024414 -11.010660171508789
vertex -32.5588264465332 -72.12133026123047 -11.335819244384766
vertex 69.29788970947266 -72.11936950683594 -17.949399948120117
endloop
endfacet
facet normal 0.6589847024564346 -0.7521563414134089 0
outer loop
vertex 72.08332061767578 -71.02864074707031 -1
vertex 72.50885009765625 -70.65582275390625 -17.789676666259766
vertex 72.50885009765625 -70.65582275390625 -1
endloop
endfacet
facet normal -0.670346034356871 -0.7420486468029013 0
outer loop
vertex -72.59336853027344 -70.57130432128906 -17.71640968322754
vertex -71.77569580078125 -71.30996704101562 -17.918254852294922
vertex -72.59336853027344 -70.57130432128906 -1
endloop
endfacet
facet normal 0.6942134580420987 0.7197691815231746 0.0000016403016600775557
outer loop
vertex 72.8226547241211 67.32096862792969 -1
vertex 72.11366271972656 68.00479888916016 -5.972458362579346
vertex 72.5682373046875 67.56635284423828 -1
endloop
endfacet
facet normal 0.7368103475585723 -0.6760994836047546 0
outer loop
vertex 72.50885009765625 -70.65582275390625 -1
vertex 72.891357421875 -70.23896789550781 -17.723886489868164
vertex 72.891357421875 -70.23896789550781 -1
endloop
endfacet
facet normal 0.911465888496054 0.4113756605684136 0
outer loop
vertex 73.795166015625 65.61785888671875 -1
vertex 73.38994598388672 66.51568603515625 -6.03987455368042
vertex 73.38994598388672 66.51568603515625 -1
endloop
endfacet
facet normal -8.0704741515685345e-19 1.5054927009009256e-16 1
outer loop
vertex 54.36043167114258 -70.93744659423828 -3.165523258672646e-17
vertex -54.74588394165039 -70.79100036621094 -1.4175657531628272e-16
vertex 59.46043014526367 -71.11956024169922 -1.2221530219455335e-19
endloop
endfacet
facet normal 0.8059078128563891 -0.5920410434902561 0
outer loop
vertex 72.891357421875 -70.23896789550781 -1
vertex 73.22630310058594 -69.78302764892578 -17.713315963745117
vertex 73.22630310058594 -69.78302764892578 -1
endloop
endfacet
facet normal 0.9960204298185709 -0.0891252118316107 0
outer loop
vertex 74.02057647705078 -67.68187713623047 -1
vertex 74.07099914550781 -67.11837768554688 -17.63028907775879
vertex 74.07099914550781 -67.11837768554688 -1
endloop
endfacet
facet normal 0 0 1
outer loop
vertex 73.07099914550781 -67.0737075805664 0
vertex 72.93951416015625 -67.98632049560547 0
vertex 73.02941131591797 -67.53848266601562 0
endloop
endfacet
facet normal 0.19681464769874213 0.9804407143989993 0
outer loop
vertex 70.37654876708984 68.9151840209961 -1
vertex 69.41077423095703 69.10905456542969 -5.931890964508057
vertex 69.41077423095703 69.10905456542969 -1
endloop
endfacet
facet normal -0.9999999618466474 0.00020027929898731717 0.00019024958916035586
outer loop
vertex -74.07496643066406 -66.7490005493164 -17.640703201293945
vertex -74.07499694824219 -66.92288208007812 -17.61806297302246
vertex -74.04650115966797 64.47332763671875 -6.160236835479736
endloop
endfacet
facet normal 1.3196458911771517e-18 -3.715717529929671e-18 1
outer loop
vertex 29.703744888305664 -69.55120849609375 0
vertex 29.493070602416992 -69.62602996826172 0
vertex 53.86043167114258 -70.43744659423828 -3.517128289439131e-17
endloop
endfacet
facet normal 0 0 1
outer loop
vertex -71.60472106933594 67.12248992919922 0
vertex -68.875 66.6375503540039 0
vertex 69.0677261352539 66.63040161132812 0
endloop
endfacet
facet normal 0 0 1
outer loop
vertex 29.703744888305664 -69.55120849609375 0
vertex 53.86043167114258 -69.43744659423828 0
vertex 53.89849090576172 -69.24610900878906 0
endloop
endfacet
facet normal 0.972695159841564 0.2320864623815749 0
outer loop
vertex 74.0237808227539 64.65971374511719 -1
vertex 73.795166015625 65.61785888671875 -6.022000789642334
vertex 73.795166015625 65.61785888671875 -1
endloop
endfacet
facet normal -0.8767523903544343 -0.48094204013880704 0.000005908290560789689
outer loop
vertex -73.29056549072266 -69.6822509765625 -17.681461334228516
vertex -73.56300354003906 -69.18539428710938 -1
vertex -73.56266021728516 -69.18622589111328 -17.746685028076172
endloop
endfacet
facet normal 0 0 1
outer loop
vertex 29.703744888305664 -69.55120849609375 0
vertex 54.00687789916992 -69.08389282226562 0
vertex 54.16908645629883 -68.97550964355469 0
endloop
endfacet
facet normal 0.9147740025517782 -0.40396599393438964 0
outer loop
vertex 73.61460876464844 -69.05589294433594 -1
vertex 73.73827362060547 -68.7758560180664 -17.68491554260254
vertex 73.73827362060547 -68.7758560180664 -1
endloop
endfacet
facet normal 0 0 1
outer loop
vertex 71.17571258544922 65.35011291503906 0
vertex 71.40084075927734 64.89083099365234 0
vertex 72.84455871582031 65.293212890625 0
endloop
endfacet
facet normal 0.9975507039825084 0.06994707273361618 0
outer loop
vertex 74.07499694824219 63.92929458618164 -1
vertex 74.0237808227539 64.65971374511719 -6.143954753875732
vertex 74.0237808227539 64.65971374511719 -1
endloop
endfacet
facet normal 0.9532498726588396 -0.3021831899293969 0
outer loop
vertex 73.73827362060547 -68.7758560180664 -1
vertex 73.90923309326172 -68.23655700683594 -17.607484817504883
vertex 73.90923309326172 -68.23655700683594 -1
endloop
endfacet
facet normal 0 0 1
outer loop
vertex 30.063152313232422 -69.01214599609375 0
vertex 30.004104614257812 -69.22777557373047 0
vertex 73.07099914550781 -67.0737075805664 0
endloop
endfacet
facet normal -2.6039135963708417e-13 7.417668868683534e-13 1
outer loop
vertex -72.44001770019531 -69.15353393554688 -3.8704131045952384e-13
vertex -72.1781234741211 -69.52777099609375 -4.124965749833717e-14
vertex -70.90406036376953 -69.1361312866211 0
endloop
endfacet
facet normal 0 0 1
outer loop
vertex 73.07099914550781 -67.0737075805664 0
vertex 29.703744888305664 -69.55120849609375 0
vertex 54.16908645629883 -68.97550964355469 0
endloop
endfacet
facet normal 0 0 1
outer loop
vertex 71.40084075927734 64.89083099365234 0
vertex 71.5353012084961 64.39732360839844 0
vertex 72.84455871582031 65.293212890625 0
endloop
endfacet
facet normal 0 0 1
outer loop
vertex 71.03935241699219 -56.42619705200195 0
vertex 70.6961441040039 -56.80544662475586 0
vertex 73.07099914550781 -67.0737075805664 0
endloop
endfacet
facet normal 0 0 1
outer loop
vertex 73.03199005126953 64.50767517089844 0
vertex 71.57499694824219 63.93754959106445 0
vertex 73.07499694824219 63.894290924072266 0
endloop
endfacet
facet normal -0.5758846332663548 0.8175309635008773 -0.00011351212820202306
outer loop
vertex -72.1635971069336 67.95199584960938 -6.006198406219482
vertex -72.25841522216797 67.88520812988281 -5.977420330047607
vertex -71.45313262939453 68.4524917602539 -5.783059597015381
endloop
endfacet
facet normal 0 0 1
outer loop
vertex 70.28755950927734 -57.1131591796875 0
vertex 69.82827758789062 -57.338287353515625 0
vertex 73.07099914550781 -67.0737075805664 0
endloop
endfacet
facet normal -0.8377730516205931 0.5460185976419807 -0.00007076301095463316
outer loop
vertex -73.3908462524414 66.48790740966797 -6.083207130432129
vertex -73.48009490966797 66.3509750366211 -6.047911643981934
vertex -72.94225311279297 67.17621612548828 -5.940248012542725
endloop
endfacet
facet normal 0.0002061186869730689 0.9999999787575432 0
outer loop
vertex 69.41077423095703 69.10905456542969 -5.931890964508057
vertex 60.860408782958984 69.1108169555664 -3.5
vertex 69.41077423095703 69.10905456542969 -1
endloop
endfacet
facet normal 0 0 1
outer loop
vertex -70.95502471923828 67.5801773071289 0
vertex -71.60472106933594 67.12248992919922 0
vertex 69.0677261352539 66.63040161132812 0
endloop
endfacet
facet normal 0.8175144235971921 0.5759081239317178 0
outer loop
vertex 72.8226547241211 67.32096862792969 -5.932815074920654
vertex 73.38994598388672 66.51568603515625 -1
vertex 73.38994598388672 66.51568603515625 -6.03987455368042
endloop
endfacet
facet normal -0.41138209509388307 0.9114629843477833 0
outer loop
vertex -70.55530548095703 68.85771942138672 -1
vertex -71.45313262939453 68.4524917602539 -5.783059597015381
vertex -71.45313262939453 68.4524917602539 -1
endloop
endfacet
facet normal 0.6942194178862408 0.7197634332401788 0
outer loop
vertex 72.8226547241211 67.32096862792969 -5.932815074920654
vertex 72.11366271972656 68.00479888916016 -5.972458362579346
vertex 72.8226547241211 67.32096862792969 -1
endloop
endfacet
facet normal 0.19681464769874216 0.9804407143989994 0
outer loop
vertex 70.37654876708984 68.9151840209961 -5.745267391204834
vertex 69.41077423095703 69.10905456542969 -5.931890964508057
vertex 70.37654876708984 68.9151840209961 -1
endloop
endfacet
facet normal -0.719759563124278 0.6942234303818537 0
outer loop
vertex -72.25841522216797 67.88520812988281 -1
vertex -72.94225311279297 67.17621612548828 -5.940248012542725
vertex -72.94225311279297 67.17621612548828 -1
endloop
endfacet
facet normal 0.9975507039825084 0.06994707273361618 0
outer loop
vertex 74.0237808227539 64.65971374511719 -6.143954753875732
vertex 74.07499694824219 63.92929458618164 -1
vertex 74.07499694824219 63.92929458618164 -6.156706809997559
endloop
endfacet
facet normal 0.0002105495755820648 0.9999999554811655 -0.00021143921859437844
outer loop
vertex 10.700927734375 69.12115478515625 -1
vertex -61.59943771362305 69.13584899902344 -3.5
vertex -59.399436950683594 69.1355972290039 -2.5
endloop
endfacet
facet normal 0.00020662962361789423 0.9999999580852312 -0.00020281453239743126
outer loop
vertex 58.86043167114258 69.11102294921875 -3.5
vertex 58.660430908203125 69.11126708984375 -2.5
vertex 61.060428619384766 69.11077117919922 -2.5
endloop
endfacet
facet normal -0.8377772767846426 0.5460121193740193 0
outer loop
vertex -73.48009490966797 66.3509750366211 -6.047911643981934
vertex -73.48009490966797 66.3509750366211 -1
vertex -72.94225311279297 67.17621612548828 -1
endloop
endfacet
facet normal 0.0002061020456643849 0.99999997826693 -0.000031433836870477825
outer loop
vertex 10.700927734375 69.12115478515625 -1
vertex 69.41077423095703 69.10905456542969 -1
vertex 58.660430908203125 69.11126708984375 -1.100000023841858
endloop
endfacet
facet normal 0.9960204298185709 -0.0891252118316107 0
outer loop
vertex 74.02057647705078 -67.68187713623047 -17.589204788208008
vertex 74.07099914550781 -67.11837768554688 -17.63028907775879
vertex 74.02057647705078 -67.68187713623047 -1
endloop
endfacet
facet normal 0.546023822659312 0.8377696461958375 0.0000707206714178229
outer loop
vertex 72.11366271972656 68.00479888916016 -5.972458362579346
vertex 72.0208740234375 68.06527709960938 -6.000319004058838
vertex 71.28842163085938 68.54264068603516 -5.777860641479492
endloop
endfacet
facet normal 0.00020662962706480566 0.9999999747668242 -0.00008815071264103905
outer loop
vertex 58.660430908203125 69.11126708984375 -1.100000023841858
vertex 69.41077423095703 69.10905456542969 -1
vertex 61.060428619384766 69.11077117919922 -1.100000023841858
endloop
endfacet
facet normal 0.8175088576730594 0.575916017947192 -0.00008887035012424139
outer loop
vertex 73.38994598388672 66.51568603515625 -6.03987455368042
vertex 73.29737854003906 66.64707946777344 -6.075013160705566
vertex 72.8226547241211 67.32096862792969 -5.932815074920654
endloop
endfacet
facet normal 0.7368103475585723 -0.6760994836047546 0
outer loop
vertex 72.891357421875 -70.23896789550781 -17.723886489868164
vertex 72.50885009765625 -70.65582275390625 -1
vertex 72.50885009765625 -70.65582275390625 -17.789676666259766
endloop
endfacet
facet normal -0.9999999764840672 0.00021686831280960794 6.83552919104011e-9
outer loop
vertex -74.07499694824219 -66.92288208007812 -17.61806297302246
vertex -74.05860137939453 8.678088188171387 -1
vertex -74.04650115966797 64.47332763671875 -1
endloop
endfacet
facet normal -0.3691464340855778 -0.9293712445529517 0
outer loop
vertex -71.12427520751953 -71.76753997802734 -17.86788558959961
vertex -70.5433120727539 -71.99829864501953 -17.950414657592773
vertex -71.12427520751953 -71.76753997802734 -1
endloop
endfacet
facet normal 0.00020609556845180334 0.9999999787623081 0
outer loop
vertex -59.599456787109375 69.1356430053711 -5.892622947692871
vertex -59.599456787109375 69.1356430053711 -3.5
vertex 58.860450744628906 69.1112289428711 -5.943097114562988
endloop
endfacet
facet normal 0.6589778928006462 -0.7521623074841806 -3.050664953497646e-7
outer loop
vertex 72.50885009765625 -70.65582275390625 -17.789676666259766
vertex 72.08332061767578 -71.02864074707031 -1
vertex 72.15696716308594 -70.964111328125 -17.885984420776367
endloop
endfacet
facet normal 1.2174636396184705e-18 8.54262543205047e-16 1
outer loop
vertex -54.74588394165039 -70.79100036621094 -1.4175657531628272e-16
vertex -54.90809631347656 -70.8993911743164 -4.896488025946012e-17
vertex 59.46043014526367 -71.11956024169922 -1.2221530219455335e-19
endloop
endfacet
facet normal -0.9804422089366605 0.19680720244798433 0
outer loop
vertex -73.8526382446289 65.43910217285156 -1
vertex -74.04650115966797 64.47332763671875 -6.160236835479736
vertex -74.04650115966797 64.47332763671875 -1
endloop
endfacet
facet normal -1.5700773925687602e-18 -2.691287882714824e-16 1
outer loop
vertex -54.59943771362305 -70.43744659423828 -2.0546167181637243e-16
vertex -54.63749694824219 -70.62879180908203 -2.5701793357267133e-16
vertex 53.86043167114258 -70.43744659423828 -3.517128289439131e-17
endloop
endfacet
facet normal 0.00020662929933971814 0.9999999781722023 0.00003098269748322771
outer loop
vertex -68.86674499511719 69.1375503540039 -1
vertex -59.399436950683594 69.1355972290039 -1.100000023841858
vertex -61.7994384765625 69.13609313964844 -1.100000023841858
endloop
endfacet
facet normal 0.00001923436546908794 -0.999999999814418 -0.0000010970217120484243
outer loop
vertex 55.36043167114258 -72.11963653564453 -1
vertex -56.09943771362305 -72.12178039550781 -1
vertex -45.132850646972656 -72.12156677246094 -3.450000047683716
endloop
endfacet
facet normal -0.06986164718051253 0.9975566901649706 -0.000012662322104733834
outer loop
vertex -69.55631256103516 69.08919525146484 -5.946173667907715
vertex -69.59716796875 69.08633422851562 -5.930892467498779
vertex -68.86674499511719 69.1375503540039 -1
endloop
endfacet
facet normal 0.000019673180602931637 -0.9999999996536376 -0.00001748401167932841
outer loop
vertex -32.5588264465332 -72.12133026123047 -3.564180612564087
vertex -32.07218933105469 -72.1213150024414 -3.8893399238586426
vertex 55.36043167114258 -72.11963653564453 -1.5093971490859985
endloop
endfacet
facet normal -0.9238161084839801 -0.38283651563756965 0
outer loop
vertex -73.77925109863281 -68.66357421875 -17.675935745239258
vertex -73.56266021728516 -69.18622589111328 -17.746685028076172
vertex -73.77925109863281 -68.66357421875 -1
endloop
endfacet
facet normal 0.000019073486324195424 -0.999999999793977 0.0000069460733312500604
outer loop
vertex -45.132850646972656 -72.12156677246094 -3.450000047683716
vertex -33.132850646972656 -72.121337890625 -3.450000047683716
vertex 55.36043167114258 -72.11963653564453 -1.5093971490859985
endloop
endfacet
facet normal -0.23208821088009507 0.9726947426456445 0
outer loop
vertex -70.55530548095703 68.85771942138672 -5.7476067543029785
vertex -69.59716796875 69.08633422851562 -1
vertex -69.59716796875 69.08633422851562 -5.930892467498779
endloop
endfacet
facet normal -1.6516297668475915e-20 2.1326211210555133e-16 1
outer loop
vertex -54.90809631347656 -70.8993911743164 -4.896488025946012e-17
vertex -60.19943618774414 -71.12185668945312 -1.6088079751824538e-18
vertex 59.46043014526367 -71.11956024169922 -1.2221530219455335e-19
endloop
endfacet
facet normal 0.0002061909046489542 0.9999999787426552 0
outer loop
vertex -68.86674499511719 69.1375503540039 -1
vertex -61.7994384765625 69.13609313964844 -1.100000023841858
vertex -61.7994384765625 69.13609313964844 -2.5
endloop
endfacet
facet normal 0.000020537676362964446 -0.9999999997891019 0
outer loop
vertex 60.26042938232422 -72.11954498291016 -4
vertex 61.003395080566406 -72.1195297241211 -1.6610950231552124
vertex 60.26042938232422 -72.11954498291016 -1.6680169105529785
endloop
endfacet
facet normal 0.000020549774975624952 -0.9999999997888533 0
outer loop
vertex -66.59943389892578 -72.12197875976562 -5
vertex -66.59943389892578 -72.12197875976562 -4
vertex -69.94081115722656 -72.1220474243164 -17.855051040649414
endloop
endfacet
facet normal 0.000021255304373992064 -0.9999999997730191 -0.0000014743897923645124
outer loop
vertex 62.21970748901367 -72.1195068359375 -1.6274389028549194
vertex 60.26042938232422 -72.11954498291016 -4
vertex 62.93984603881836 -72.11949157714844 -1.5949000120162964
endloop
endfacet
facet normal 3.0464025261447845e-13 1.087631166785492e-11 1
outer loop
vertex -72.8345718383789 -68.33108520507812 -8.167820586546526e-12
vertex -72.65970611572266 -68.75305938720703 -3.6315690038479786e-12
vertex -70.90406036376953 -69.1361312866211 0
endloop
endfacet
facet normal 0.000019206510635219955 -0.999999999815555 0
outer loop
vertex -31.632850646972656 -72.12130737304688 -4.949999809265137
vertex -31.632850646972656 -72.12130737304688 -9.949999809265137
vertex 55.36043167114258 -72.11963653564453 -1.5093971490859985
endloop
endfacet
facet normal 0.00016121680919936433 0.9999999645543723 -0.0002118971315077452
outer loop
vertex -61.59943771362305 69.13584899902344 -3.5
vertex -68.86674499511719 69.1375503540039 -1
vertex -61.7994384765625 69.13609313964844 -2.5
endloop
endfacet
facet normal -2.0534894604325493e-18 1.1564330550361126e-16 1
outer loop
vertex 59.46043014526367 -70.93744659423828 -2.1182439471896708e-17
vertex 54.36043167114258 -70.93744659423828 -3.165523258672646e-17
vertex 59.46043014526367 -71.11956024169922 -1.2221530219455335e-19
endloop
endfacet
facet normal 0.9804419447039316 -0.19680851878201971 0
outer loop
vertex 74.02057647705078 -67.68187713623047 -17.589204788208008
vertex 73.90923309326172 -68.23655700683594 -1
vertex 73.90923309326172 -68.23655700683594 -17.607484817504883
endloop
endfacet
facet normal 0 0 1
outer loop
vertex 73.07099914550781 -67.0737075805664 0
vertex 54.16908645629883 -68.97550964355469 0
vertex 65.55177307128906 -68.97550964355469 0
endloop
endfacet
facet normal 0.6590174623972543 -0.7521276382739059 0
outer loop
vertex 72.08332061767578 -71.02864074707031 -17.876712799072266
vertex 72.15696716308594 -70.964111328125 -17.885984420776367
vertex 72.08332061767578 -71.02864074707031 -1
endloop
endfacet
facet normal 0.00002034505207912271 -0.9999999997930394 0
outer loop
vertex 64.36042785644531 -72.11946868896484 -1.5094140768051147
vertex 65.86042785644531 -72.11943817138672 -4
vertex 64.36042785644531 -72.11946868896484 -1
endloop
endfacet
facet normal 6.849764320972337e-17 -2.546190057868999e-16 1
outer loop
vertex -66.59943389892578 -70.43744659423828 -2.1678683319340745e-16
vertex -70.65538787841797 -70.8777847290039 -5.108200271517529e-17
vertex -66.5613784790039 -70.62879180908203 -2.6811366813500864e-16
endloop
endfacet
facet normal -6.650140819196823e-20 4.13485086789737e-17 1
outer loop
vertex 65.55177307128906 -70.8993911743164 -8.863426379143516e-18
vertex 60.26042938232422 -71.11954498291016 -1.1227652033957559e-19
vertex 69.36319732666016 -71.10762023925781 0
endloop
endfacet
facet normal -0.9847070309796189 -0.17421843513045326 0
outer loop
vertex -74.03633117675781 -67.56339263916016 -17.57195281982422
vertex -73.9377670288086 -68.12049102783203 -17.594236373901367
vertex -74.03633117675781 -67.56339263916016 -1
endloop
endfacet
facet normal -2.053506315513155e-18 4.97837609716325e-18 1
outer loop
vertex 65.71398162841797 -70.79100036621094 -9.069940290873505e-18
vertex 65.55177307128906 -70.8993911743164 -8.863426379143516e-18
vertex 69.36319732666016 -71.10762023925781 0
endloop
endfacet
facet normal -9.982815162643e-19 5.188418705566875e-18 1
outer loop
vertex 53.86043167114258 -70.43744659423828 -3.517128289439131e-17
vertex -54.74588394165039 -70.79100036621094 -1.4175657531628272e-16
vertex 53.89849090576172 -70.62879180908203 -3.414050997203183e-17
endloop
endfacet
facet normal -2.0535110742040353e-18 4.9784774028777044e-18 1
outer loop
vertex 65.86042785644531 -70.43744659423828 -1.0529420245203905e-17
vertex 65.82237243652344 -70.62879180908203 -9.654959643198571e-18
vertex 69.36319732666016 -71.10762023925781 0
endloop
endfacet
facet normal 2.923744497128569e-20 2.405817509004099e-16 1
outer loop
vertex -66.09943389892578 -70.93744659423828 -3.686646051964318e-17
vertex -66.29077911376953 -70.8993911743164 -4.6016305630508695e-17
vertex -70.21080780029297 -71.05436706542969 -8.617322776116127e-18
endloop
endfacet
facet normal -2.053484866060399e-18 4.9786143839214725e-18 1
outer loop
vertex 71.46531677246094 -70.2405776977539 0
vertex 65.86042785644531 -70.43744659423828 -1.0529420245203905e-17
vertex 69.36319732666016 -71.10762023925781 0
endloop
endfacet
facet normal 0.00002041120317894843 -0.9999999996999372 -0.000013546525526462652
outer loop
vertex 58.71745681762695 -72.11957550048828 -1.6610902547836304
vertex -31.632850646972656 -72.12130737304688 -9.949999809265137
vertex 59.46043014526367 -72.11956024169922 -1.6680152416229248
endloop
endfacet
facet normal 0 0 1
outer loop
vertex 65.82237243652344 -69.24610900878906 0
vertex 65.86042785644531 -69.43744659423828 0
vertex 73.07099914550781 -67.0737075805664 0
endloop
endfacet
facet normal 0.5733582578784906 -0.8193047712069924 0
outer loop
vertex 72.08332061767578 -71.02864074707031 -17.876712799072266
vertex 71.61979675292969 -71.35301971435547 -1
vertex 71.61979675292969 -71.35301971435547 -17.876249313354492
endloop
endfacet
facet normal -0.9981828709692903 -0.060257415340397164 0
outer loop
vertex -74.07499694824219 -66.92288208007812 -17.61806297302246
vertex -74.03633117675781 -67.56339263916016 -17.57195281982422
vertex -74.07499694824219 -66.92288208007812 -1
endloop
endfacet
facet normal 0.3828365156375697 -0.9238161084839801 0
outer loop
vertex 70.60112762451172 -71.8416976928711 -1
vertex 71.123779296875 -71.62510681152344 -17.91135597229004
vertex 71.123779296875 -71.62510681152344 -1
endloop
endfacet
facet normal 0 0 1
outer loop
vertex -71.60472106933594 67.12248992919922 0
vertex -72.15643310546875 66.55048370361328 0
vertex -68.875 66.6375503540039 0
endloop
endfacet
facet normal 1.304114626265756e-17 2.733145043849619e-16 1
outer loop
vertex -70.65538787841797 -70.8777847290039 -5.108200271517529e-17
vertex -70.21080780029297 -71.05436706542969 -8.617322776116127e-18
vertex -66.45298767089844 -70.79100036621094 -1.2960554358078496e-16
endloop
endfacet
facet normal 1.0007972544708573e-10 -1.1512036178917412e-12 1
outer loop
vertex -73.07499694824219 -66.89282989501953 0
vertex -72.96255493164062 -67.89260864257812 -1.2404115061481757e-11
vertex -71.56785583496094 64.1302719116211 0
endloop
endfacet
facet normal -2.299888690388065e-13 9.594263748270196e-12 1
outer loop
vertex -72.8345718383789 -68.33108520507812 -8.167820586546526e-12
vertex -70.90406036376953 -69.1361312866211 0
vertex -72.96255493164062 -67.89260864257812 -1.2404115061481757e-11
endloop
endfacet
facet normal 0.9726970757900492 0.23207842272194498 0.00006675613260405277
outer loop
vertex 74.0237808227539 64.65971374511719 -6.143954753875732
vertex 73.98284912109375 64.8312759399414 -6.169975757598877
vertex 73.795166015625 65.61785888671875 -6.022000789642334
endloop
endfacet
facet normal 0.000013339684778887278 -0.9999999991744013 -0.00003838294359088951
outer loop
vertex -56.8557014465332 -72.12179565429688 -1.5610698461532593
vertex -57.52497482299805 -72.1218032836914 -1.5949000120162964
vertex -45.132850646972656 -72.12156677246094 -3.450000047683716
endloop
endfacet
facet normal 0.00001887715997470876 -0.9999999998189696 -0.0000023903155485293857
outer loop
vertex -58.23931884765625 -72.12181854248047 -1.6271768808364868
vertex -59.45606231689453 -72.12184143066406 -1.6608450412750244
vertex -45.132850646972656 -72.12156677246094 -3.450000047683716
endloop
endfacet
facet normal 0.000020486345846191688 -0.9999999997901549 0
outer loop
vertex -69.94081115722656 -72.1220474243164 -1
vertex -65.09943389892578 -72.1219482421875 -1.509170651435852
vertex -65.09943389892578 -72.1219482421875 -1
endloop
endfacet
facet normal 0.000021443099837488718 -0.9999999997687565 0.000001637180008882996
outer loop
vertex -63.67364501953125 -72.1219253540039 -1.5949000120162964
vertex -60.99943542480469 -72.12187194824219 -4
vertex -62.95958709716797 -72.12191009521484 -1.6271666288375854
endloop
endfacet
facet normal -0.92381255418244 -0.38284508515997395 0.00007418738831875812
outer loop
vertex -73.56266021728516 -69.18622589111328 -17.746685028076172
vertex -73.77925109863281 -68.66357421875 -17.675935745239258
vertex -73.62346649169922 -69.03950500488281 -17.776737213134766
endloop
endfacet
facet normal 0.00001879538306363904 -0.9999999998232156 -5.500475172288534e-7
outer loop
vertex -62.95958709716797 -72.12191009521484 -1.6271666288375854
vertex -60.99943542480469 -72.12187194824219 -4
vertex -61.74281692504883 -72.12188720703125 -1.6608402729034424
endloop
endfacet
facet normal 0.48093660357140955 -0.87675537257846 -5.1766491806117255e-8
outer loop
vertex 71.61979675292969 -71.35301971435547 -17.876249313354492
vertex 71.123779296875 -71.62510681152344 -1
vertex 71.17153930664062 -71.59890747070312 -17.92096519470215
endloop
endfacet
facet normal 0.0002061392713812443 0.9999999787533002 0
outer loop
vertex 60.860408782958984 69.1108169555664 -5.943949222564697
vertex 60.860408782958984 69.1108169555664 -3.5
vertex 69.37290954589844 69.10906219482422 -5.947576522827148
endloop
endfacet
facet normal -6.034163926313881e-12 -1.3814466959142526e-14 1
outer loop
vertex -72.96255493164062 -67.89260864257812 -1.2404115061481757e-11
vertex -70.90406036376953 -69.1361312866211 0
vertex -70.93285369873047 -56.5591926574707 0
endloop
endfacet
facet normal 0.000020432653285250878 -0.9999999997406284 0.000010062300283947045
outer loop
vertex -59.45606231689453 -72.12184143066406 -1.6608450412750244
vertex -60.19943618774414 -72.12185668945312 -1.6677707433700562
vertex -45.132850646972656 -72.12156677246094 -3.450000047683716
endloop
endfacet
facet normal 0.000019186534654422337 -0.9999999998159386 0
outer loop
vertex -31.632850646972656 -72.12130737304688 -9.949999809265137
vertex 53.86043167114258 -72.11966705322266 -5
vertex 53.86043167114258 -72.11966705322266 -4
endloop
endfacet
facet normal 0.000018415517468661514 -0.9999999998220405 -0.0000040973139160529605
outer loop
vertex -46.193511962890625 -72.12158966064453 -3.8893399238586426
vertex -45.70687484741211 -72.12158203125 -3.564180612564087
vertex -60.19943618774414 -72.12185668945312 -1.6677707433700562
endloop
endfacet
facet normal 0.000019185576428646413 -0.9999999998159206 2.691310495874321e-7
outer loop
vertex -54.59943771362305 -72.12174987792969 -4
vertex -46.632850646972656 -72.12159729003906 -4.949999809265137
vertex -60.19943618774414 -72.12185668945312 -1.6677707433700562
endloop
endfacet
facet normal 0.000020879532073108498 -0.9999999997750342 0.0000037385557345142212
outer loop
vertex -65.09943389892578 -72.1219482421875 -1.509170651435852
vertex -69.94081115722656 -72.1220474243164 -1
vertex -60.99943542480469 -72.12187194824219 -4
endloop
endfacet
facet normal -5.8917216191211914e-12 -3.2331487260084013e-13 1
outer loop
vertex -72.96255493164062 -67.89260864257812 -1.2404115061481757e-11
vertex -71.55904388427734 -55.1031608581543 0
vertex -71.57499694824219 -54.81245040893555 0
endloop
endfacet
facet normal 0.000019153483081327546 -0.9999999998165721 0
outer loop
vertex -54.59943771362305 -72.12174987792969 -4
vertex -54.59943771362305 -72.12174987792969 -5
vertex -46.632850646972656 -72.12159729003906 -4.949999809265137
endloop
endfacet
facet normal 0 -7.034256578878262e-17 1
outer loop
vertex 29.367149353027344 -69.93744659423828 0
vertex -31.632850646972656 -69.93744659423828 0
vertex 53.86043167114258 -70.43744659423828 -3.517128289439131e-17
endloop
endfacet
facet normal 0 0 1
outer loop
vertex 71.46531677246094 -70.2405776977539 0
vertex 69.36319732666016 -71.10762023925781 0
vertex 69.83015441894531 -71.0250015258789 0
endloop
endfacet
facet normal -2.0193129277012276e-16 0 1
outer loop
vertex -69.63285064697266 -69.637451171875 0
vertex -71.0735855102539 -70.59661102294922 -2.909294534813689e-16
vertex -69.63285064697266 -69.93744659423828 0
endloop
endfacet
facet normal 0 0 1
outer loop
vertex -73.04652404785156 64.37384033203125 0
vertex -71.56785583496094 64.1302719116211 0
vertex -71.4831771850586 64.63470458984375 0
endloop
endfacet
facet normal 0 0 1
outer loop
vertex 70.82212829589844 67.65290832519531 0
vertex -70.95502471923828 67.5801773071289 0
vertex 71.48793029785156 67.21897888183594 0
endloop
endfacet
facet normal 0.00020783453246089683 0.9999999748476217 0.00008431822462713734
outer loop
vertex 58.860450744628906 69.1112289428711 -5.943097114562988
vertex -59.599456787109375 69.1356430053711 -3.5
vertex 58.86043167114258 69.11102294921875 -3.5
endloop
endfacet
facet normal 0 0 1
outer loop
vertex 70.26863098144531 -70.89701843261719 0
vertex 70.69060516357422 -70.72215270996094 0
vertex 71.09107971191406 -70.50247192382812 0
endloop
endfacet
facet normal 0.00001835262975213467 -0.999999999756403 -0.000012262756517576479
outer loop
vertex -31.747032165527344 -72.1213150024414 -10.524024963378906
vertex -32.07218933105469 -72.1213150024414 -11.010660171508789
vertex 69.29788970947266 -72.11936950683594 -17.949399948120117
endloop
endfacet
facet normal 0 0 1
outer loop
vertex 73.07099914550781 -67.0737075805664 0
vertex 65.86042785644531 -69.43744659423828 0
vertex 71.46531677246094 -70.2405776977539 0
endloop
endfacet
facet normal 0.000019939017691055333 -0.9999999997577409 0.000009324900089460789
outer loop
vertex -31.632850646972656 -72.12130737304688 -9.949999809265137
vertex -31.747032165527344 -72.1213150024414 -10.524024963378906
vertex 69.29788970947266 -72.11936950683594 -17.949399948120117
endloop
endfacet
facet normal 0 0 1
outer loop
vertex 73.07099914550781 -67.0737075805664 0
vertex 71.80888366699219 -69.93956756591797 0
vertex 72.11770629882812 -69.60301971435547 0
endloop
endfacet
facet normal -1.6064471624208966e-20 1.9195257093658909e-16 1
outer loop
vertex -60.99943542480469 -70.93744659423828 -3.70196676039778e-17
vertex -69.84828186035156 -71.12203979492188 -1.7286801978190712e-18
vertex -60.99943542480469 -71.12187194824219 -1.6187467570374316e-18
endloop
endfacet
facet normal 0.10085828379200587 -0.994900802387118 0
outer loop
vertex 69.29788970947266 -72.11936950683594 -1
vertex 69.50093841552734 -72.09878540039062 -17.921974182128906
vertex 69.50093841552734 -72.09878540039062 -1
endloop
endfacet
facet normal 0 0 1
outer loop
vertex 73.07099914550781 -67.0737075805664 0
vertex 72.6169662475586 -68.8395767211914 0
vertex 72.80148315429688 -68.42173767089844 0
endloop
endfacet
facet normal 0 0 1
outer loop
vertex 71.30487060546875 -55.989017486572266 0
vertex 73.07099914550781 -67.0737075805664 0
vertex 71.48316955566406 -55.50960922241211 0
endloop
endfacet
facet normal 0.28019434805739335 -0.959943293802656 0
outer loop
vertex 70.29580688476562 -71.93081665039062 -1
vertex 70.60112762451172 -71.8416976928711 -17.862957000732422
vertex 70.60112762451172 -71.8416976928711 -1
endloop
endfacet
facet normal -9.952951753255828e-19 1.0299706745000557e-17 1
outer loop
vertex -54.74588394165039 -70.79100036621094 -1.4175657531628272e-16
vertex 54.36043167114258 -70.93744659423828 -3.165523258672646e-17
vertex 54.16908645629883 -70.8993911743164 -3.223763722113524e-17
endloop
endfacet
facet normal 0.000019209218290531926 -0.9999999998154498 -3.2593253258603794e-7
outer loop
vertex -31.632850646972656 -72.12130737304688 -9.949999809265137
vertex 53.86043167114258 -72.11966705322266 -4
vertex 59.46043014526367 -72.11956024169922 -1.6680152416229248
endloop
endfacet
facet normal -0.3691005681249765 -0.9293894612090817 0.0000018200194012220422
outer loop
vertex -70.50859832763672 -72.0120849609375 -17.946941375732422
vertex -71.12427520751953 -71.76753997802734 -1
vertex -70.5433120727539 -71.99829864501953 -17.950414657592773
endloop
endfacet
facet normal 0.00020602522691611218 0.9999999787768027 0
outer loop
vertex -59.399436950683594 69.1355972290039 -2.5
vertex -59.399436950683594 69.1355972290039 -1.100000023841858
vertex 10.700927734375 69.12115478515625 -1
endloop
endfacet
facet normal -0.5759029474946387 0.8175180701776492 0
outer loop
vertex -71.45313262939453 68.4524917602539 -1
vertex -72.25841522216797 67.88520812988281 -5.977420330047607
vertex -72.25841522216797 67.88520812988281 -1
endloop
endfacet
facet normal 0.37820183831253973 0.9257231602898436 0
outer loop
vertex 71.28842163085938 68.54264068603516 -5.777860641479492
vertex 70.37654876708984 68.9151840209961 -5.745267391204834
vertex 71.28842163085938 68.54264068603516 -1
endloop
endfacet
facet normal 2.153762230245266e-8 0.08715510667403194 -0.9961947537407723
outer loop
vertex -71.632568359375 67.34739685058594 -6.9011101722717285
vertex -69.38359069824219 68.36245727539062 -6.812304496765137
vertex -60.79452896118164 68.15505981445312 -6.830449104309082
endloop
endfacet
facet normal -2.842034213929568e-7 0.08715917825159464 -0.9961943975180879
outer loop
vertex -71.632568359375 67.34739685058594 -6.9011101722717285
vertex -60.79452896118164 68.15505981445312 -6.830449104309082
vertex -60.59943771362305 68.13584899902344 -6.832129955291748
endloop
endfacet
facet normal -1.3888252806196446e-8 0.08715365070734432 -0.996194881119343
outer loop
vertex -69.38359069824219 68.36245727539062 -6.812304496765137
vertex -60.982120513916016 68.21196746826172 -6.825470447540283
vertex -60.79452896118164 68.15505981445312 -6.830449104309082
endloop
endfacet
facet normal 6.251464131848601e-8 0.08715788369026597 -0.9961945107812179
outer loop
vertex -61.155006408691406 68.30437469482422 -6.817385673522949
vertex -60.982120513916016 68.21196746826172 -6.825470447540283
vertex -69.38359069824219 68.36245727539062 -6.812304496765137
endloop
endfacet
facet normal 2.56337099729641e-8 0.08715269843882129 -0.9961949644295696
outer loop
vertex -61.155006408691406 68.30437469482422 -6.817385673522949
vertex -69.38359069824219 68.36245727539062 -6.812304496765137
vertex -61.22739791870117 68.36378479003906 -6.812188148498535
endloop
endfacet
facet normal -0.0000010120436194745089 0.08715184297917945 -0.9961950392690722
outer loop
vertex 73.0352554321289 64.75751495361328 -7.1276960372924805
vertex 59.665340423583984 68.13023376464844 -6.832621097564697
vertex 59.86043167114258 68.11102294921875 -6.834301948547363
endloop
endfacet
facet normal 4.474376022837127e-7 0.0871575332439273 -0.996194541441898
outer loop
vertex 59.86043167114258 68.11102294921875 -6.834301948547363
vertex 60.055519104003906 68.13023376464844 -6.832621097564697
vertex 73.0352554321289 64.75751495361328 -7.1276960372924805
endloop
endfacet
facet normal 3.3240194840817504e-10 0.0871558256910487 -0.9961946908351357
outer loop
vertex 59.665340423583984 68.13023376464844 -6.832621097564697
vertex 73.0352554321289 64.75751495361328 -7.1276960372924805
vertex -59.97122573852539 68.3639907836914 -6.812170028686523
endloop
endfacet
facet normal -3.885384250579393e-9 0.087153683430286 -0.9961948782565254
outer loop
vertex 59.665340423583984 68.13023376464844 -6.832621097564697
vertex -59.97122573852539 68.3639907836914 -6.812170028686523
vertex 59.477745056152344 68.18714141845703 -6.827642440795898
endloop
endfacet
facet normal 2.2138506592004205e-9 0.08715777172974071 -0.9961945205767327
outer loop
vertex -59.97122573852539 68.3639907836914 -6.812170028686523
vertex 59.30485916137695 68.27954864501953 -6.8195576667785645
vertex 59.477745056152344 68.18714141845703 -6.827642440795898
endloop
endfacet
facet normal -2.2430505250130014e-9 0.0871515240941349 -0.9961950671671033
outer loop
vertex 59.30485916137695 68.27954864501953 -6.8195576667785645
vertex -59.97122573852539 68.3639907836914 -6.812170028686523
vertex 59.17823791503906 68.38346862792969 -6.810466289520264
endloop
endfacet
facet normal -3.881606261638679e-9 0.08715574102076167 -0.9961946982428295
outer loop
vertex 73.0823745727539 -66.73394775390625 -18.6317081451416
vertex -71.632568359375 67.34739685058594 -6.9011101722717285
vertex 73.0352554321289 64.75751495361328 -7.1276960372924805
endloop
endfacet
facet normal 8.99446084346841e-9 0.08715574640405187 -0.9961946977718525
outer loop
vertex 69.16631317138672 -70.87442016601562 -18.99395179748535
vertex -39.44150924682617 -36.47550964355469 -15.984437942504883
vertex -73.05795288085938 64.58935546875 -7.1424078941345215
endloop
endfacet
facet normal -2.788510048422042e-7 0.08715485015407343 -0.9961947761831234
outer loop
vertex -39.1709098815918 -36.74610900878906 -16.00811195373535
vertex -39.279296875 -36.58389663696289 -15.99392032623291
vertex 69.16631317138672 -70.87442016601562 -18.99395179748535
endloop
endfacet
facet normal 0.0000010468886902741595 0.08715902662597665 -0.9961944107836163
outer loop
vertex 69.16631317138672 -70.87442016601562 -18.99395179748535
vertex -39.132850646972656 -36.93745040893555 -16.024852752685547
vertex -39.1709098815918 -36.74610900878906 -16.00811195373535
endloop
endfacet
facet normal -0.0000013657958686786722 0.08715143874392683 -0.9961950746329749
outer loop
vertex -39.279296875 -36.58389663696289 -15.99392032623291
vertex -39.44150924682617 -36.47550964355469 -15.984437942504883
vertex 69.16631317138672 -70.87442016601562 -18.99395179748535
endloop
endfacet
facet normal -1.5123727239376037e-8 0.08715566329178215 -0.9961947050432305
outer loop
vertex 69.16631317138672 -70.87442016601562 -18.99395179748535
vertex -39.132850646972656 -50.93745040893555 -17.249692916870117
vertex -39.132850646972656 -36.93745040893555 -16.024852752685547
endloop
endfacet
facet normal 5.502929701813051e-7 0.08715871134803589 -0.9961944383682569
outer loop
vertex 69.16631317138672 -70.87442016601562 -18.99395179748535
vertex -39.1709098815918 -51.12879180908203 -17.266433715820312
vertex -39.132850646972656 -50.93745040893555 -17.249692916870117
endloop
endfacet
facet normal 8.402568444948699e-7 0.08716029019101248 -0.996194300231191
outer loop
vertex 69.16631317138672 -70.87442016601562 -18.99395179748535
vertex -39.279296875 -51.2910041809082 -17.28062629699707
vertex -39.1709098815918 -51.12879180908203 -17.266433715820312
endloop
endfacet
facet normal -0.0000015619951722677218 0.08714708846761494 -0.9961954552040367
outer loop
vertex 69.16631317138672 -70.87442016601562 -18.99395179748535
vertex -39.44150924682617 -51.399391174316406 -17.29010772705078
vertex -39.279296875 -51.2910041809082 -17.28062629699707
endloop
endfacet
facet normal 2.1614990660263416e-9 0.08715574515765262 -0.9961946978808984
outer loop
vertex -39.44150924682617 -51.399391174316406 -17.29010772705078
vertex 69.16631317138672 -70.87442016601562 -18.99395179748535
vertex -70.24403381347656 -70.77489471435547 -18.985244750976562
endloop
endfacet
facet normal -0.0000026711785404207674 0.08715486168981679 -0.9961947751703448
outer loop
vertex -39.44150924682617 -36.47550964355469 -15.984437942504883
vertex -39.632850646972656 -36.43745040893555 -15.981107711791992
vertex -73.05795288085938 64.58935546875 -7.1424078941345215
endloop
endfacet
facet normal -3.0014711006648806e-7 0.08715467805677014 -0.9961947912395098
outer loop
vertex 60.055519104003906 68.13023376464844 -6.832621097564697
vertex 60.24311447143555 68.18714141845703 -6.827642440795898
vertex 73.0352554321289 64.75751495361328 -7.1276960372924805
endloop
endfacet
facet normal 3.5596559015979903e-7 0.087157106697663 -0.996194578760578
outer loop
vertex 60.41600036621094 68.27954864501953 -6.8195576667785645
vertex 73.0352554321289 64.75751495361328 -7.1276960372924805
vertex 60.24311447143555 68.18714141845703 -6.827642440795898
endloop
endfacet
facet normal 0 0.08715573874649958 -0.9961946984418015
outer loop
vertex -39.632850646972656 -36.43745040893555 -15.981107711791992
vertex -58.632850646972656 -36.43745040893555 -15.981107711791992
vertex -73.05795288085938 64.58935546875 -7.1424078941345215
endloop
endfacet
facet normal -5.185236025237061e-7 0.08715399725097182 -0.9961948508012419
outer loop
vertex 60.41600036621094 68.27954864501953 -6.8195576667785645
vertex 60.54289245605469 68.3836898803711 -6.810446739196777
vertex 73.0352554321289 64.75751495361328 -7.1276960372924805
endloop
endfacet
facet normal 0.0000024264756080357617 0.08715608257852785 -0.9961946683573835
outer loop
vertex -58.632850646972656 -36.43745040893555 -15.981107711791992
vertex -58.82419204711914 -36.47550964355469 -15.984437942504883
vertex -73.05795288085938 64.58935546875 -7.1424078941345215
endloop
endfacet
facet normal 0.17304748741239773 0.6601089070868562 -0.7309656612214094
outer loop
vertex 60.54289245605469 68.3836898803711 -6.810446739196777
vertex 60.567535400390625 68.40391540527344 -6.78634786605835
vertex 73.0352554321289 64.75751495361328 -7.1276960372924805
endloop
endfacet
facet normal -0.0000014007116888223835 0.0871555476601852 -0.9961947151586839
outer loop
vertex -58.82419204711914 -36.47550964355469 -15.984437942504883
vertex -58.98640441894531 -36.58389663696289 -15.99392032623291
vertex -73.05795288085938 64.58935546875 -7.1424078941345215
endloop
endfacet
facet normal -8.811730242306528e-7 0.08715561937069755 -0.9961947088854336
outer loop
vertex -58.98640441894531 -36.58389663696289 -15.99392032623291
vertex -59.094791412353516 -36.74610900878906 -16.00811195373535
vertex -73.05795288085938 64.58935546875 -7.1424078941345215
endloop
endfacet
facet normal 0.000009217980679115632 0.08715700037348885 -0.9961945880202946
outer loop
vertex -59.094791412353516 -36.74610900878906 -16.00811195373535
vertex -59.132850646972656 -36.93745040893555 -16.024852752685547
vertex -73.05795288085938 64.58935546875 -7.1424078941345215
endloop
endfacet
facet normal -3.131654255578624e-8 0.08715574140878243 -0.9961946982088816
outer loop
vertex -59.132850646972656 -36.93745040893555 -16.024852752685547
vertex -73.08639526367188 -66.55328369140625 -18.615901947021484
vertex -73.05795288085938 64.58935546875 -7.1424078941345215
endloop
endfacet
facet normal 0.000001016824692309808 0.08715702516661189 -0.9961945858932745
outer loop
vertex -71.05999755859375 -70.34488677978516 -18.94762420654297
vertex -72.65164947509766 -68.47383880615234 -18.78392791748047
vertex -70.24403381347656 -70.77489471435547 -18.985244750976562
endloop
endfacet
facet normal -1.0454281308374308e-8 0.0871553766675511 -0.996194730119537
outer loop
vertex -71.632568359375 67.34739685058594 -6.9011101722717285
vertex -60.59943771362305 68.13584899902344 -6.832129955291748
vertex 73.0352554321289 64.75751495361328 -7.1276960372924805
endloop
endfacet
facet normal 1.267974759055847e-7 0.08716076460947397 -0.9961942587230042
outer loop
vertex 73.0352554321289 64.75751495361328 -7.1276960372924805
vertex -60.59943771362305 68.13584899902344 -6.832129955291748
vertex -60.40434646606445 68.15505981445312 -6.830449104309082
endloop
endfacet
facet normal -5.032833740051549e-8 0.08715386078431414 -0.9961948627404106
outer loop
vertex 73.0352554321289 64.75751495361328 -7.1276960372924805
vertex -60.40434646606445 68.15505981445312 -6.830449104309082
vertex -60.21675491333008 68.21196746826172 -6.825470447540283
endloop
endfacet
facet normal -0.002578572031498648 0.08446094000481533 -0.9964234544508581
outer loop
vertex 60.567535400390625 68.40391540527344 -6.78634786605835
vertex 69.21601867675781 68.3851089477539 -6.8103227615356445
vertex 73.0352554321289 64.75751495361328 -7.1276960372924805
endloop
endfacet
facet normal 4.93355698481181e-8 0.08715767601586895 -0.9961945289508021
outer loop
vertex 73.0352554321289 64.75751495361328 -7.1276960372924805
vertex -60.21675491333008 68.21196746826172 -6.825470447540283
vertex -60.04386520385742 68.30437469482422 -6.817385673522949
endloop
endfacet
facet normal -4.0075965916439416e-8 0.08715434675443262 -0.9961948202243408
outer loop
vertex 73.0352554321289 64.75751495361328 -7.1276960372924805
vertex -60.04386520385742 68.30437469482422 -6.817385673522949
vertex -59.97122573852539 68.3639907836914 -6.812170028686523
endloop
endfacet
facet normal -2.778767109958691e-7 0.0871554475040654 -0.99619472392213
outer loop
vertex 69.16631317138672 -70.87442016601562 -18.99395179748535
vertex -73.05795288085938 64.58935546875 -7.1424078941345215
vertex 70.7239990234375 -70.4527587890625 -18.957061767578125
endloop
endfacet
facet normal -3.634691491801549e-7 0.08715535706438463 -0.9961947318345181
outer loop
vertex 70.7239990234375 -70.4527587890625 -18.957061767578125
vertex -73.05795288085938 64.58935546875 -7.1424078941345215
vertex 71.42171478271484 -70.01904296875 -18.919116973876953
endloop
endfacet
facet normal 2.5466052126641893e-7 0.08715601548379176 -0.9961946742303556
outer loop
vertex 71.42171478271484 -70.01904296875 -18.919116973876953
vertex -73.05795288085938 64.58935546875 -7.1424078941345215
vertex 72.60660552978516 -68.57760620117188 -18.793006896972656
endloop
endfacet
facet normal -1.8837979473274612e-7 0.08715554340317713 -0.9961947155320898
outer loop
vertex 72.60660552978516 -68.57760620117188 -18.793006896972656
vertex -71.632568359375 67.34739685058594 -6.9011101722717285
vertex 73.0823745727539 -66.73394775390625 -18.6317081451416
endloop
endfacet
facet normal -1.4182813275608505e-7 0.08715557422898094 -0.9961947128351949
outer loop
vertex 73.0352554321289 64.75751495361328 -7.1276960372924805
vertex 69.21601867675781 68.3851089477539 -6.8103227615356445
vertex 71.51719665527344 67.44497680664062 -6.892573833465576
endloop
endfacet
facet normal 0.000003646508659127698 0.08714999550431218 -0.9961952008870055
outer loop
vertex -70.24403381347656 -70.77489471435547 -18.985244750976562
vertex -39.632850646972656 -51.43745040893555 -17.293437957763672
vertex -39.44150924682617 -51.399391174316406 -17.29010772705078
endloop
endfacet
facet normal 6.980401269244108e-7 0.08715604503920081 -0.9961946716443717
outer loop
vertex 73.0352554321289 64.75751495361328 -7.1276960372924805
vertex 71.51719665527344 67.44497680664062 -6.892573833465576
vertex 72.51507568359375 66.28068542480469 -6.994435787200928
endloop
endfacet
facet normal 1.35752704386036e-7 0.08715566329178136 -0.9961947050432216
outer loop
vertex -59.132850646972656 -50.93745040893555 -17.249692916870117
vertex -73.08639526367188 -66.55328369140625 -18.615901947021484
vertex -59.132850646972656 -36.93745040893555 -16.024852752685547
endloop
endfacet
facet normal 0.000004547441760515017 0.08715152256420275 -0.9961950672905694
outer loop
vertex -58.82419204711914 -51.399391174316406 -17.29010772705078
vertex -73.08639526367188 -66.55328369140625 -18.615901947021484
vertex -58.98640441894531 -51.2910041809082 -17.28062629699707
endloop
endfacet
facet normal -0.000002096643696350047 0.08715772819838569 -0.9961945243831148
outer loop
vertex -58.632850646972656 -51.43745040893555 -17.293437957763672
vertex -73.08639526367188 -66.55328369140625 -18.615901947021484
vertex -58.82419204711914 -51.399391174316406 -17.29010772705078
endloop
endfacet
facet normal -0.000002800603128729614 0.08715826714447612 -0.9961944772284821
outer loop
vertex -59.094791412353516 -51.12879180908203 -17.266433715820312
vertex -73.08639526367188 -66.55328369140625 -18.615901947021484
vertex -59.132850646972656 -50.93745040893555 -17.249692916870117
endloop
endfacet
facet normal -0.000003263167215534012 0.08715868355027188 -0.9961944407951369
outer loop
vertex -73.08639526367188 -66.55328369140625 -18.615901947021484
vertex -59.094791412353516 -51.12879180908203 -17.266433715820312
vertex -58.98640441894531 -51.2910041809082 -17.28062629699707
endloop
endfacet
facet normal 0 0.08715572408317195 -0.9961946997246763
outer loop
vertex -70.24403381347656 -70.77489471435547 -18.985244750976562
vertex -58.632850646972656 -51.43745040893555 -17.293437957763672
vertex -39.632850646972656 -51.43745040893555 -17.293437957763672
endloop
endfacet
facet normal 4.1251926978226645e-8 0.08715569950157485 -0.9961947018752857
outer loop
vertex -70.24403381347656 -70.77489471435547 -18.985244750976562
vertex -73.08639526367188 -66.55328369140625 -18.615901947021484
vertex -58.632850646972656 -51.43745040893555 -17.293437957763672
endloop
endfacet
facet normal -8.033701823821085e-7 0.0871551351470343 -0.9961947512494014
outer loop
vertex -72.65164947509766 -68.47383880615234 -18.78392791748047
vertex -73.08639526367188 -66.55328369140625 -18.615901947021484
vertex -70.24403381347656 -70.77489471435547 -18.985244750976562
endloop
endfacet
facet normal 1.4437125520610952e-7 0.08715589576037867 -0.9961946847048448
outer loop
vertex -73.05795288085938 64.58935546875 -7.1424078941345215
vertex -72.58786010742188 66.147705078125 -7.006069660186768
vertex 72.60660552978516 -68.57760620117188 -18.793006896972656
endloop
endfacet
facet normal 2.649448423470474e-8 0.08715576968869776 -0.9961946957347092
outer loop
vertex 72.60660552978516 -68.57760620117188 -18.793006896972656
vertex -72.58786010742188 66.147705078125 -7.006069660186768
vertex -71.632568359375 67.34739685058594 -6.9011101722717285
endloop
endfacet
facet normal -0.9644912195500644 0.26411491326850384 0
outer loop
vertex 30.063152313232422 -69.01214599609375 -4.099999904632568
vertex 30.004104614257812 -69.22777557373047 -4.099999904632568
vertex 30.004104614257812 -69.22777557373047 0
endloop
endfacet
facet normal 0 0 1
outer loop
vertex -71.26039123535156 -56.0767707824707 -4.099999904632568
vertex -70.93285369873047 -56.5591926574707 -4.099999904632568
vertex -69.63285064697266 -36.93745040893555 -4.099999904632568
endloop
endfacet
facet normal -0.6146851494158223 0.7887725699386662 0
outer loop
vertex 29.880084991455078 -69.41378784179688 -4.099999904632568
vertex 29.703744888305664 -69.55120849609375 -4.099999904632568
vertex 29.703744888305664 -69.55120849609375 0
endloop
endfacet
facet normal -0.9644912195500644 0.26411491326850384 0
outer loop
vertex 30.063152313232422 -69.01214599609375 0
vertex 30.063152313232422 -69.01214599609375 -4.099999904632568
vertex 30.004104614257812 -69.22777557373047 0
endloop
endfacet
facet normal -0.3346723521895801 0.9423345566622789 0
outer loop
vertex 29.703744888305664 -69.55120849609375 -4.099999904632568
vertex 29.493070602416992 -69.62602996826172 -4.099999904632568
vertex 29.493070602416992 -69.62602996826172 0
endloop
endfacet
facet normal -0.09033036240854553 0.9959118563543365 0
outer loop
vertex 29.493070602416992 -69.62602996826172 -4.099999904632568
vertex 29.367149353027344 -69.637451171875 -4.099999904632568
vertex 29.367149353027344 -69.637451171875 0
endloop
endfacet
facet normal 0 0 1
outer loop
vertex 30.067150115966797 -57.512451171875 -4.099999904632568
vertex 29.493070602416992 -69.62602996826172 -4.099999904632568
vertex 30.063152313232422 -69.01214599609375 -4.099999904632568
endloop
endfacet
facet normal 0 0 1
outer loop
vertex 29.367149353027344 -69.637451171875 -4.099999904632568
vertex 29.493070602416992 -69.62602996826172 -4.099999904632568
vertex 30.067150115966797 -57.512451171875 -4.099999904632568
endloop
endfacet
facet normal 0.999997379390248 0.002289369484407525 0
outer loop
vertex -70.90406036376953 -69.1361312866211 0
vertex -70.93285369873047 -56.5591926574707 -4.099999904632568
vertex -70.93285369873047 -56.5591926574707 0
endloop
endfacet
facet normal 0.9239535822149398 0.38250461162210897 0
outer loop
vertex -71.26039123535156 -56.0767707824707 0
vertex -71.26039123535156 -56.0767707824707 -4.099999904632568
vertex -71.45603942871094 -55.60417556762695 0
endloop
endfacet
facet normal 0.8273324510752436 0.5617125736511779 0
outer loop
vertex -70.93285369873047 -56.5591926574707 0
vertex -70.93285369873047 -56.5591926574707 -4.099999904632568
vertex -71.26039123535156 -56.0767707824707 0
endloop
endfacet
facet normal -0.9999999395717447 0.00034764422481675314 0
outer loop
vertex 30.063152313232422 -69.01214599609375 0
vertex 30.067150115966797 -57.512451171875 0
vertex 30.067150115966797 -57.512451171875 -4.099999904632568
endloop
endfacet
facet normal 0 0 1
outer loop
vertex 29.367149353027344 -36.93745040893555 -4.099999904632568
vertex 29.367149353027344 -69.637451171875 -4.099999904632568
vertex 30.067150115966797 -57.512451171875 -4.099999904632568
endloop
endfacet
facet normal 0.08601679368497075 -0.9962936872248852 0
outer loop
vertex -69.33477783203125 66.59785461425781 0
vertex -69.33477783203125 66.59785461425781 -4.099999904632568
vertex -68.875 66.6375503540039 0
endloop
endfacet
facet normal 0.2628940033756577 -0.9648247213816195 0
outer loop
vertex -69.82827758789062 66.46338653564453 0
vertex -69.82827758789062 66.46338653564453 -4.099999904632568
vertex -69.33477783203125 66.59785461425781 0
endloop
endfacet
facet normal 0.44014141782829763 -0.8979284672578856 0
outer loop
vertex -70.28755950927734 66.2382583618164 0
vertex -70.28755950927734 66.2382583618164 -4.099999904632568
vertex -69.82827758789062 66.46338653564453 0
endloop
endfacet
facet normal 0.6015882545567564 -0.7988063419749215 0
outer loop
vertex -70.6961441040039 65.93054962158203 0
vertex -70.6961441040039 65.93054962158203 -4.099999904632568
vertex -70.28755950927734 66.2382583618164 0
endloop
endfacet
facet normal -0.999999998197704 0.000060038253110887606 0
outer loop
vertex 71.57499694824219 63.93754959106445 -4.099999904632568
vertex 71.56785583496094 -55.00517272949219 0
vertex 71.57499694824219 63.93754959106445 0
endloop
endfacet
facet normal 0 0 1
outer loop
vertex 69.57215881347656 66.54572296142578 -4.099999904632568
vertex 68.875 -57.512451171875 -4.099999904632568
vertex 70.05156707763672 66.36742401123047 -4.099999904632568
endloop
endfacet
facet normal 0 0 1
outer loop
vertex 69.0677261352539 66.63040161132812 -4.099999904632568
vertex 68.875 -57.512451171875 -4.099999904632568
vertex 69.57215881347656 66.54572296142578 -4.099999904632568
endloop
endfacet
facet normal 0.7414668684525779 -0.6709894805338809 0
outer loop
vertex -71.03935241699219 65.5512924194336 0
vertex -71.03935241699219 65.5512924194336 -4.099999904632568
vertex -70.6961441040039 65.93054962158203 0
endloop
endfacet
facet normal 0 0 1
outer loop
vertex 71.40084075927734 64.89083099365234 -4.099999904632568
vertex 71.48316955566406 -55.50960922241211 -4.099999904632568
vertex 71.5353012084961 64.39732360839844 -4.099999904632568
endloop
endfacet
facet normal 0 0 1
outer loop
vertex 71.17571258544922 65.35011291503906 -4.099999904632568
vertex 71.30487060546875 -55.989017486572266 -4.099999904632568
vertex 71.40084075927734 64.89083099365234 -4.099999904632568
endloop
endfacet
facet normal 0 0 1
outer loop
vertex 71.5353012084961 64.39732360839844 -4.099999904632568
vertex 71.56785583496094 -55.00517272949219 -4.099999904632568
vertex 71.57499694824219 63.93754959106445 -4.099999904632568
endloop
endfacet
facet normal 0 0 1
outer loop
vertex 70.86799621582031 65.7586898803711 -4.099999904632568
vertex 70.6961441040039 -56.80544662475586 -4.099999904632568
vertex 71.17571258544922 65.35011291503906 -4.099999904632568
endloop
endfacet
facet normal 0 0 1
outer loop
vertex 70.4887466430664 66.1019058227539 -4.099999904632568
vertex 70.28755950927734 -57.1131591796875 -4.099999904632568
vertex 70.86799621582031 65.7586898803711 -4.099999904632568
endloop
endfacet
facet normal 0 0 1
outer loop
vertex 70.05156707763672 66.36742401123047 -4.099999904632568
vertex 69.82827758789062 -57.338287353515625 -4.099999904632568
vertex 70.4887466430664 66.1019058227539 -4.099999904632568
endloop
endfacet
facet normal 0.8547073918230562 -0.5191100792346731 0
outer loop
vertex -71.30487060546875 65.11412048339844 0
vertex -71.30487060546875 65.11412048339844 -4.099999904632568
vertex -71.03935241699219 65.5512924194336 0
endloop
endfacet
facet normal 0.9372734257796355 -0.3485950735843894 0
outer loop
vertex -71.4831771850586 64.63470458984375 0
vertex -71.4831771850586 64.63470458984375 -4.099999904632568
vertex -71.30487060546875 65.11412048339844 0
endloop
endfacet
facet normal 0.9862009536384775 -0.16555264734385197 0
outer loop
vertex -71.56785583496094 64.1302719116211 0
vertex -71.56785583496094 64.1302719116211 -4.099999904632568
vertex -71.4831771850586 64.63470458984375 0
endloop
endfacet
facet normal 0 0 1
outer loop
vertex 68.875 -57.512451171875 -4.099999904632568
vertex -71.56785583496094 64.1302719116211 -4.099999904632568
vertex 29.367149353027344 -36.93745040893555 -4.099999904632568
endloop
endfacet
facet normal -0.000051823991496094335 -0.9999999986571371 0
outer loop
vertex 69.0677261352539 66.63040161132812 0
vertex -68.875 66.6375503540039 -4.099999904632568
vertex 69.0677261352539 66.63040161132812 -4.099999904632568
endloop
endfacet
facet normal -0.3346723521895801 0.9423345566622789 0
outer loop
vertex 29.703744888305664 -69.55120849609375 0
vertex 29.703744888305664 -69.55120849609375 -4.099999904632568
vertex 29.493070602416992 -69.62602996826172 0
endloop
endfacet
facet normal 0.08601679368497075 -0.9962936872248852 0
outer loop
vertex -69.33477783203125 66.59785461425781 -4.099999904632568
vertex -68.875 66.6375503540039 -4.099999904632568
vertex -68.875 66.6375503540039 0
endloop
endfacet
facet normal -0.7987937756968707 -0.6016049400627768 0
outer loop
vertex 70.86799621582031 65.7586898803711 0
vertex 70.86799621582031 65.7586898803711 -4.099999904632568
vertex 71.17571258544922 65.35011291503906 0
endloop
endfacet
facet normal -0.6710051016150175 -0.7414527318761593 0
outer loop
vertex 70.4887466430664 66.1019058227539 0
vertex 70.4887466430664 66.1019058227539 -4.099999904632568
vertex 70.86799621582031 65.7586898803711 0
endloop
endfacet
facet normal 0 0 1
outer loop
vertex 29.493070602416992 -69.62602996826172 -4.099999904632568
vertex 30.004104614257812 -69.22777557373047 -4.099999904632568
vertex 30.063152313232422 -69.01214599609375 -4.099999904632568
endloop
endfacet
facet normal -0.5191034612209339 -0.8547114112660753 0
outer loop
vertex 70.05156707763672 66.36742401123047 0
vertex 70.05156707763672 66.36742401123047 -4.099999904632568
vertex 70.4887466430664 66.1019058227539 0
endloop
endfacet
facet normal 0 0 1
outer loop
vertex 30.004104614257812 -69.22777557373047 -4.099999904632568
vertex 29.703744888305664 -69.55120849609375 -4.099999904632568
vertex 29.880084991455078 -69.41378784179688 -4.099999904632568
endloop
endfacet
facet normal 0 0 1
outer loop
vertex 29.493070602416992 -69.62602996826172 -4.099999904632568
vertex 29.703744888305664 -69.55120849609375 -4.099999904632568
vertex 30.004104614257812 -69.22777557373047 -4.099999904632568
endloop
endfacet
facet normal 0.2628940033756577 -0.9648247213816195 0
outer loop
vertex -69.82827758789062 66.46338653564453 -4.099999904632568
vertex -69.33477783203125 66.59785461425781 -4.099999904632568
vertex -69.33477783203125 66.59785461425781 0
endloop
endfacet
facet normal 0.44014141782829763 -0.8979284672578856 0
outer loop
vertex -70.28755950927734 66.2382583618164 -4.099999904632568
vertex -69.82827758789062 66.46338653564453 -4.099999904632568
vertex -69.82827758789062 66.46338653564453 0
endloop
endfacet
facet normal 0.6015882545567564 -0.7988063419749215 0
outer loop
vertex -70.6961441040039 65.93054962158203 -4.099999904632568
vertex -70.28755950927734 66.2382583618164 -4.099999904632568
vertex -70.28755950927734 66.2382583618164 0
endloop
endfacet
facet normal 0.7414668684525779 -0.6709894805338809 0
outer loop
vertex -71.03935241699219 65.5512924194336 -4.099999904632568
vertex -70.6961441040039 65.93054962158203 -4.099999904632568
vertex -70.6961441040039 65.93054962158203 0
endloop
endfacet
facet normal -0.34858684363133263 -0.9372764866607638 0
outer loop
vertex 69.57215881347656 66.54572296142578 0
vertex 69.57215881347656 66.54572296142578 -4.099999904632568
vertex 70.05156707763672 66.36742401123047 0
endloop
endfacet
facet normal -0.8979284672578856 -0.44014141782829763 0
outer loop
vertex 71.17571258544922 65.35011291503906 0
vertex 71.17571258544922 65.35011291503906 -4.099999904632568
vertex 71.40084075927734 64.89083099365234 0
endloop
endfacet
facet normal 0 0 1
outer loop
vertex -68.875 66.6375503540039 -4.099999904632568
vertex 68.875 -57.512451171875 -4.099999904632568
vertex 69.0677261352539 66.63040161132812 -4.099999904632568
endloop
endfacet
facet normal -0.9648295354468724 -0.2628763350500994 0
outer loop
vertex 71.40084075927734 64.89083099365234 0
vertex 71.40084075927734 64.89083099365234 -4.099999904632568
vertex 71.5353012084961 64.39732360839844 0
endloop
endfacet
facet normal -0.9962936260643476 -0.08601750207692552 0
outer loop
vertex 71.5353012084961 64.39732360839844 0
vertex 71.5353012084961 64.39732360839844 -4.099999904632568
vertex 71.57499694824219 63.93754959106445 0
endloop
endfacet
facet normal -0.16555264734385197 -0.9862009536384775 0
outer loop
vertex 69.0677261352539 66.63040161132812 0
vertex 69.0677261352539 66.63040161132812 -4.099999904632568
vertex 69.57215881347656 66.54572296142578 0
endloop
endfacet
facet normal -0.999999998197704 0.000060038253110887606 0
outer loop
vertex 71.56785583496094 -55.00517272949219 0
vertex 71.57499694824219 63.93754959106445 -4.099999904632568
vertex 71.56785583496094 -55.00517272949219 -4.099999904632568
endloop
endfacet
facet normal 0 0 1
outer loop
vertex 71.48316955566406 -55.50960922241211 -4.099999904632568
vertex 71.56785583496094 -55.00517272949219 -4.099999904632568
vertex 71.5353012084961 64.39732360839844 -4.099999904632568
endloop
endfacet
facet normal 0 0 1
outer loop
vertex 71.30487060546875 -55.989017486572266 -4.099999904632568
vertex 71.48316955566406 -55.50960922241211 -4.099999904632568
vertex 71.40084075927734 64.89083099365234 -4.099999904632568
endloop
endfacet
facet normal 0 0 1
outer loop
vertex 71.17571258544922 65.35011291503906 -4.099999904632568
vertex 71.03935241699219 -56.42619705200195 -4.099999904632568
vertex 71.30487060546875 -55.989017486572266 -4.099999904632568
endloop
endfacet
facet normal 0 0 1
outer loop
vertex 70.6961441040039 -56.80544662475586 -4.099999904632568
vertex 71.03935241699219 -56.42619705200195 -4.099999904632568
vertex 71.17571258544922 65.35011291503906 -4.099999904632568
endloop
endfacet
facet normal 0 0 1
outer loop
vertex 70.28755950927734 -57.1131591796875 -4.099999904632568
vertex 70.6961441040039 -56.80544662475586 -4.099999904632568
vertex 70.86799621582031 65.7586898803711 -4.099999904632568
endloop
endfacet
facet normal 0 0 1
outer loop
vertex 69.82827758789062 -57.338287353515625 -4.099999904632568
vertex 70.28755950927734 -57.1131591796875 -4.099999904632568
vertex 70.4887466430664 66.1019058227539 -4.099999904632568
endloop
endfacet
facet normal 0 0 1
outer loop
vertex 70.05156707763672 66.36742401123047 -4.099999904632568
vertex 69.33477783203125 -57.47275161743164 -4.099999904632568
vertex 69.82827758789062 -57.338287353515625 -4.099999904632568
endloop
endfacet
facet normal 0 0 1
outer loop
vertex 68.875 -57.512451171875 -4.099999904632568
vertex 69.33477783203125 -57.47275161743164 -4.099999904632568
vertex 70.05156707763672 66.36742401123047 -4.099999904632568
endloop
endfacet
facet normal 0.8547073918230562 -0.5191100792346731 0
outer loop
vertex -71.30487060546875 65.11412048339844 -4.099999904632568
vertex -71.03935241699219 65.5512924194336 -4.099999904632568
vertex -71.03935241699219 65.5512924194336 0
endloop
endfacet
facet normal 0.9372734257796355 -0.3485950735843894 0
outer loop
vertex -71.4831771850586 64.63470458984375 -4.099999904632568
vertex -71.30487060546875 65.11412048339844 -4.099999904632568
vertex -71.30487060546875 65.11412048339844 0
endloop
endfacet
facet normal -0.986198722669666 0.16556593672829875 0
outer loop
vertex 71.56785583496094 -55.00517272949219 -4.099999904632568
vertex 71.48316955566406 -55.50960922241211 0
vertex 71.56785583496094 -55.00517272949219 0
endloop
endfacet
facet normal -0.986198722669666 0.16556593672829875 0
outer loop
vertex 71.48316955566406 -55.50960922241211 -4.099999904632568
vertex 71.48316955566406 -55.50960922241211 0
vertex 71.56785583496094 -55.00517272949219 -4.099999904632568
endloop
endfacet
facet normal 0.9862009536384775 -0.16555264734385197 0
outer loop
vertex -71.56785583496094 64.1302719116211 -4.099999904632568
vertex -71.4831771850586 64.63470458984375 -4.099999904632568
vertex -71.4831771850586 64.63470458984375 0
endloop
endfacet
facet normal 0 1 0
outer loop
vertex 30.067150115966797 -57.512451171875 -4.099999904632568
vertex 30.067150115966797 -57.512451171875 0
vertex 68.875 -57.512451171875 -4.099999904632568
endloop
endfacet
facet normal -0.7987937756968707 -0.6016049400627768 0
outer loop
vertex 70.86799621582031 65.7586898803711 -4.099999904632568
vertex 71.17571258544922 65.35011291503906 -4.099999904632568
vertex 71.17571258544922 65.35011291503906 0
endloop
endfacet
facet normal -0.6710051016150175 -0.7414527318761593 0
outer loop
vertex 70.4887466430664 66.1019058227539 -4.099999904632568
vertex 70.86799621582031 65.7586898803711 -4.099999904632568
vertex 70.86799621582031 65.7586898803711 0
endloop
endfacet
facet normal -0.5191034612209339 -0.8547114112660753 0
outer loop
vertex 70.05156707763672 66.36742401123047 -4.099999904632568
vertex 70.4887466430664 66.1019058227539 -4.099999904632568
vertex 70.4887466430664 66.1019058227539 0
endloop
endfacet
facet normal -0.34858684363133263 -0.9372764866607638 0
outer loop
vertex 69.57215881347656 66.54572296142578 -4.099999904632568
vertex 70.05156707763672 66.36742401123047 -4.099999904632568
vertex 70.05156707763672 66.36742401123047 0
endloop
endfacet
facet normal -0.8979284672578856 -0.44014141782829763 0
outer loop
vertex 71.17571258544922 65.35011291503906 -4.099999904632568
vertex 71.40084075927734 64.89083099365234 -4.099999904632568
vertex 71.40084075927734 64.89083099365234 0
endloop
endfacet
facet normal -0.9372764866607638 0.34858684363133263 0
outer loop
vertex 71.48316955566406 -55.50960922241211 -4.099999904632568
vertex 71.30487060546875 -55.989017486572266 0
vertex 71.48316955566406 -55.50960922241211 0
endloop
endfacet
facet normal -0.8547114112660753 0.5191034612209339 0
outer loop
vertex 71.30487060546875 -55.989017486572266 0
vertex 71.30487060546875 -55.989017486572266 -4.099999904632568
vertex 71.03935241699219 -56.42619705200195 0
endloop
endfacet
facet normal -0.741460152824835 0.6709969014630188 0
outer loop
vertex 71.03935241699219 -56.42619705200195 0
vertex 71.03935241699219 -56.42619705200195 -4.099999904632568
vertex 70.6961441040039 -56.80544662475586 0
endloop
endfacet
facet normal -0.6015930133811593 0.7988027580391646 0
outer loop
vertex 70.6961441040039 -56.80544662475586 0
vertex 70.6961441040039 -56.80544662475586 -4.099999904632568
vertex 70.28755950927734 -57.1131591796875 0
endloop
endfacet
facet normal -0.44014141782829763 0.8979284672578856 0
outer loop
vertex 70.28755950927734 -57.1131591796875 0
vertex 70.28755950927734 -57.1131591796875 -4.099999904632568
vertex 69.82827758789062 -57.338287353515625 0
endloop
endfacet
facet normal -0.2628870608150256 0.9648266130533698 0
outer loop
vertex 69.82827758789062 -57.338287353515625 0
vertex 69.82827758789062 -57.338287353515625 -4.099999904632568
vertex 69.33477783203125 -57.47275161743164 0
endloop
endfacet
facet normal -0.9648295354468724 -0.2628763350500994 0
outer loop
vertex 71.40084075927734 64.89083099365234 -4.099999904632568
vertex 71.5353012084961 64.39732360839844 -4.099999904632568
vertex 71.5353012084961 64.39732360839844 0
endloop
endfacet
facet normal 0 0 1
outer loop
vertex 29.367149353027344 -36.93745040893555 -4.099999904632568
vertex 30.067150115966797 -57.512451171875 -4.099999904632568
vertex 68.875 -57.512451171875 -4.099999904632568
endloop
endfacet
facet normal -0.09033036240854553 0.9959118563543365 0
outer loop
vertex 29.493070602416992 -69.62602996826172 0
vertex 29.493070602416992 -69.62602996826172 -4.099999904632568
vertex 29.367149353027344 -69.637451171875 0
endloop
endfacet
facet normal 0 0 1
outer loop
vertex -71.4831771850586 64.63470458984375 -4.099999904632568
vertex -71.56785583496094 64.1302719116211 -4.099999904632568
vertex 68.875 -57.512451171875 -4.099999904632568
endloop
endfacet
facet normal 0 0 1
outer loop
vertex -71.30487060546875 65.11412048339844 -4.099999904632568
vertex -71.4831771850586 64.63470458984375 -4.099999904632568
vertex 68.875 -57.512451171875 -4.099999904632568
endloop
endfacet
facet normal 0 0 1
outer loop
vertex -71.03935241699219 65.5512924194336 -4.099999904632568
vertex -71.30487060546875 65.11412048339844 -4.099999904632568
vertex 68.875 -57.512451171875 -4.099999904632568
endloop
endfacet
facet normal 0 0 1
outer loop
vertex -70.6961441040039 65.93054962158203 -4.099999904632568
vertex -71.03935241699219 65.5512924194336 -4.099999904632568
vertex 68.875 -57.512451171875 -4.099999904632568
endloop
endfacet
facet normal -0.8320266678720447 0.5547356342887504 0
outer loop
vertex 30.004104614257812 -69.22777557373047 -4.099999904632568
vertex 29.880084991455078 -69.41378784179688 -4.099999904632568
vertex 29.880084991455078 -69.41378784179688 0
endloop
endfacet
facet normal 0 0 1
outer loop
vertex -70.28755950927734 66.2382583618164 -4.099999904632568
vertex -70.6961441040039 65.93054962158203 -4.099999904632568
vertex 68.875 -57.512451171875 -4.099999904632568
endloop
endfacet
facet normal 0 0 1
outer loop
vertex -69.82827758789062 66.46338653564453 -4.099999904632568
vertex -70.28755950927734 66.2382583618164 -4.099999904632568
vertex 68.875 -57.512451171875 -4.099999904632568
endloop
endfacet
facet normal -0.9999999395717447 0.00034764422481675314 0
outer loop
vertex 30.067150115966797 -57.512451171875 -4.099999904632568
vertex 30.063152313232422 -69.01214599609375 -4.099999904632568
vertex 30.063152313232422 -69.01214599609375 0
endloop
endfacet
facet normal 0 0 1
outer loop
vertex -69.33477783203125 66.59785461425781 -4.099999904632568
vertex -69.82827758789062 66.46338653564453 -4.099999904632568
vertex 68.875 -57.512451171875 -4.099999904632568
endloop
endfacet
facet normal 0 0 1
outer loop
vertex -68.875 66.6375503540039 -4.099999904632568
vertex -69.33477783203125 66.59785461425781 -4.099999904632568
vertex 68.875 -57.512451171875 -4.099999904632568
endloop
endfacet
facet normal -0.9962936260643476 -0.08601750207692552 0
outer loop
vertex 71.5353012084961 64.39732360839844 -4.099999904632568
vertex 71.57499694824219 63.93754959106445 -4.099999904632568
vertex 71.57499694824219 63.93754959106445 0
endloop
endfacet
facet normal -0.16555264734385197 -0.9862009536384775 0
outer loop
vertex 69.0677261352539 66.63040161132812 -4.099999904632568
vertex 69.57215881347656 66.54572296142578 -4.099999904632568
vertex 69.57215881347656 66.54572296142578 0
endloop
endfacet
facet normal 0.999999998197704 -0.000060038253110887606 0
outer loop
vertex -71.56785583496094 64.1302719116211 0
vertex -71.57499694824219 -54.81245040893555 -4.099999904632568
vertex -71.56785583496094 64.1302719116211 -4.099999904632568
endloop
endfacet
facet normal -0.000051823991496094335 -0.9999999986571371 0
outer loop
vertex -68.875 66.6375503540039 0
vertex -68.875 66.6375503540039 -4.099999904632568
vertex 69.0677261352539 66.63040161132812 0
endloop
endfacet
facet normal 0 0 1
outer loop
vertex -71.56785583496094 64.1302719116211 -4.099999904632568
vertex -37.132850646972656 -36.93745040893555 -4.099999904632568
vertex 29.367149353027344 -36.93745040893555 -4.099999904632568
endloop
endfacet
facet normal 0 0 1
outer loop
vertex -70.90406036376953 -69.1361312866211 -4.099999904632568
vertex -70.6517333984375 -69.498291015625 -4.099999904632568
vertex -70.45354461669922 -69.60174560546875 -4.099999904632568
endloop
endfacet
facet normal -0.08602499859309397 0.9962929788054607 0
outer loop
vertex 68.875 -57.512451171875 -4.099999904632568
vertex 69.33477783203125 -57.47275161743164 0
vertex 69.33477783203125 -57.47275161743164 -4.099999904632568
endloop
endfacet
facet normal -0.2628870608150256 0.9648266130533698 0
outer loop
vertex 69.33477783203125 -57.47275161743164 -4.099999904632568
vertex 69.33477783203125 -57.47275161743164 0
vertex 69.82827758789062 -57.338287353515625 -4.099999904632568
endloop
endfacet
facet normal 0 0 1
outer loop
vertex -70.6517333984375 -69.498291015625 -4.099999904632568
vertex -70.90406036376953 -69.1361312866211 -4.099999904632568
vertex -70.80718994140625 -69.3376235961914 -4.099999904632568
endloop
endfacet
facet normal -0.44014141782829763 0.8979284672578856 0
outer loop
vertex 69.82827758789062 -57.338287353515625 -4.099999904632568
vertex 69.82827758789062 -57.338287353515625 0
vertex 70.28755950927734 -57.1131591796875 -4.099999904632568
endloop
endfacet
facet normal -0.6015930133811593 0.7988027580391646 0
outer loop
vertex 70.28755950927734 -57.1131591796875 -4.099999904632568
vertex 70.28755950927734 -57.1131591796875 0
vertex 70.6961441040039 -56.80544662475586 -4.099999904632568
endloop
endfacet
facet normal -0.741460152824835 0.6709969014630188 0
outer loop
vertex 70.6961441040039 -56.80544662475586 -4.099999904632568
vertex 70.6961441040039 -56.80544662475586 0
vertex 71.03935241699219 -56.42619705200195 -4.099999904632568
endloop
endfacet
facet normal -0.8547114112660753 0.5191034612209339 0
outer loop
vertex 71.03935241699219 -56.42619705200195 -4.099999904632568
vertex 71.03935241699219 -56.42619705200195 0
vertex 71.30487060546875 -55.989017486572266 -4.099999904632568
endloop
endfacet
facet normal -0.9372764866607638 0.34858684363133263 0
outer loop
vertex 71.30487060546875 -55.989017486572266 -4.099999904632568
vertex 71.30487060546875 -55.989017486572266 0
vertex 71.48316955566406 -55.50960922241211 -4.099999904632568
endloop
endfacet
facet normal 0 0 1
outer loop
vertex -70.45354461669922 -69.60174560546875 -4.099999904632568
vertex -70.93285369873047 -56.5591926574707 -4.099999904632568
vertex -70.90406036376953 -69.1361312866211 -4.099999904632568
endloop
endfacet
facet normal -0.8320266678720447 0.5547356342887504 0
outer loop
vertex 30.004104614257812 -69.22777557373047 0
vertex 30.004104614257812 -69.22777557373047 -4.099999904632568
vertex 29.880084991455078 -69.41378784179688 0
endloop
endfacet
facet normal -0.0010109527583528916 0.9999537050262823 -0.009569000926482768
outer loop
vertex 68.875 -57.512451171875 -4.099999904632568
vertex 30.067150115966797 -57.512451171875 0
vertex 69.33477783203125 -57.47275161743164 0
endloop
endfacet
facet normal 0.7186648534065891 0.6953566196406601 0
outer loop
vertex -70.6517333984375 -69.498291015625 -4.099999904632568
vertex -70.80718994140625 -69.3376235961914 -4.099999904632568
vertex -70.80718994140625 -69.3376235961914 0
endloop
endfacet
facet normal 0.9012539621651107 0.43329123656230256 0
outer loop
vertex -70.80718994140625 -69.3376235961914 -4.099999904632568
vertex -70.90406036376953 -69.1361312866211 -4.099999904632568
vertex -70.90406036376953 -69.1361312866211 0
endloop
endfacet
facet normal 0.4627479344329507 0.8864899035962213 0
outer loop
vertex -70.45354461669922 -69.60174560546875 -4.099999904632568
vertex -70.6517333984375 -69.498291015625 -4.099999904632568
vertex -70.6517333984375 -69.498291015625 0
endloop
endfacet
facet normal 0.0434654371899157 0.9990549313075281 0
outer loop
vertex -70.45354461669922 -69.60174560546875 -4.099999904632568
vertex -69.63285064697266 -69.637451171875 0
vertex -69.63285064697266 -69.637451171875 -4.099999904632568
endloop
endfacet
facet normal 0.999997379390248 0.002289369484407525 0
outer loop
vertex -70.90406036376953 -69.1361312866211 -4.099999904632568
vertex -70.93285369873047 -56.5591926574707 -4.099999904632568
vertex -70.90406036376953 -69.1361312866211 0
endloop
endfacet
facet normal 0 0 1
outer loop
vertex -69.63285064697266 -36.93745040893555 -4.099999904632568
vertex -70.45354461669922 -69.60174560546875 -4.099999904632568
vertex -69.63285064697266 -69.637451171875 -4.099999904632568
endloop
endfacet
facet normal 0.999999998197704 -0.000060038253110887606 0
outer loop
vertex -71.57499694824219 -54.81245040893555 0
vertex -71.57499694824219 -54.81245040893555 -4.099999904632568
vertex -71.56785583496094 64.1302719116211 0
endloop
endfacet
facet normal 0 0 1
outer loop
vertex -71.56785583496094 64.1302719116211 -4.099999904632568
vertex -69.63285064697266 -36.93745040893555 -4.099999904632568
vertex -37.132850646972656 -36.93745040893555 -4.099999904632568
endloop
endfacet
facet normal 0 0 1
outer loop
vertex -69.63285064697266 -36.93745040893555 -4.099999904632568
vertex -71.56785583496094 64.1302719116211 -4.099999904632568
vertex -71.57499694824219 -54.81245040893555 -4.099999904632568
endloop
endfacet
facet normal 0.9239535822149398 0.38250461162210897 0
outer loop
vertex -71.26039123535156 -56.0767707824707 -4.099999904632568
vertex -71.45603942871094 -55.60417556762695 -4.099999904632568
vertex -71.45603942871094 -55.60417556762695 0
endloop
endfacet
facet normal 0.8273324510752436 0.5617125736511779 0
outer loop
vertex -71.26039123535156 -56.0767707824707 -4.099999904632568
vertex -71.26039123535156 -56.0767707824707 0
vertex -70.93285369873047 -56.5591926574707 -4.099999904632568
endloop
endfacet
facet normal 0.7186648534065891 0.6953566196406601 0
outer loop
vertex -70.6517333984375 -69.498291015625 0
vertex -70.6517333984375 -69.498291015625 -4.099999904632568
vertex -70.80718994140625 -69.3376235961914 0
endloop
endfacet
facet normal 0.9012539621651107 0.43329123656230256 0
outer loop
vertex -70.80718994140625 -69.3376235961914 0
vertex -70.80718994140625 -69.3376235961914 -4.099999904632568
vertex -70.90406036376953 -69.1361312866211 0
endloop
endfacet
facet normal 0.4627479344329507 0.8864899035962213 0
outer loop
vertex -70.45354461669922 -69.60174560546875 0
vertex -70.45354461669922 -69.60174560546875 -4.099999904632568
vertex -70.6517333984375 -69.498291015625 0
endloop
endfacet
facet normal 0.0434654371899157 0.9990549313075281 0
outer loop
vertex -69.63285064697266 -69.637451171875 0
vertex -70.45354461669922 -69.60174560546875 -4.099999904632568
vertex -70.45354461669922 -69.60174560546875 0
endloop
endfacet
facet normal 0.9984976974243827 0.054793687941276085 0
outer loop
vertex -71.57499694824219 -54.81245040893555 0
vertex -71.55904388427734 -55.1031608581543 0
vertex -71.55904388427734 -55.1031608581543 -4.099999904632568
endloop
endfacet
facet normal 0.9795132400286655 0.20137977209378874 0
outer loop
vertex -71.45603942871094 -55.60417556762695 0
vertex -71.45603942871094 -55.60417556762695 -4.099999904632568
vertex -71.55904388427734 -55.1031608581543 0
endloop
endfacet
facet normal 0.9984976974243827 0.054793687941276085 0
outer loop
vertex -71.55904388427734 -55.1031608581543 -4.099999904632568
vertex -71.57499694824219 -54.81245040893555 -4.099999904632568
vertex -71.57499694824219 -54.81245040893555 0
endloop
endfacet
facet normal 0.9795132400286655 0.20137977209378874 0
outer loop
vertex -71.45603942871094 -55.60417556762695 -4.099999904632568
vertex -71.55904388427734 -55.1031608581543 -4.099999904632568
vertex -71.55904388427734 -55.1031608581543 0
endloop
endfacet
facet normal 0 0 1
outer loop
vertex -71.45603942871094 -55.60417556762695 -4.099999904632568
vertex -69.63285064697266 -36.93745040893555 -4.099999904632568
vertex -71.55904388427734 -55.1031608581543 -4.099999904632568
endloop
endfacet
facet normal 0 0 1
outer loop
vertex -71.55904388427734 -55.1031608581543 -4.099999904632568
vertex -69.63285064697266 -36.93745040893555 -4.099999904632568
vertex -71.57499694824219 -54.81245040893555 -4.099999904632568
endloop
endfacet
facet normal 0 0 1
outer loop
vertex -71.45603942871094 -55.60417556762695 -4.099999904632568
vertex -71.26039123535156 -56.0767707824707 -4.099999904632568
vertex -69.63285064697266 -36.93745040893555 -4.099999904632568
endloop
endfacet
facet normal 0 0 1
outer loop
vertex -70.93285369873047 -56.5591926574707 -4.099999904632568
vertex -70.45354461669922 -69.60174560546875 -4.099999904632568
vertex -69.63285064697266 -36.93745040893555 -4.099999904632568
endloop
endfacet
facet normal -0.6146851494158223 0.7887725699386662 0
outer loop
vertex 29.880084991455078 -69.41378784179688 0
vertex 29.880084991455078 -69.41378784179688 -4.099999904632568
vertex 29.703744888305664 -69.55120849609375 0
endloop
endfacet
facet normal 0 1 0
outer loop
vertex 29.367149353027344 -69.93744659423828 -11.899999618530273
vertex -31.632850646972656 -69.93744659423828 0
vertex 29.367149353027344 -69.93744659423828 0
endloop
endfacet
facet normal 0 0 1
outer loop
vertex -37.132850646972656 -36.93745040893555 -11.899999618530273
vertex -31.632850646972656 -51.93745040893555 -11.899999618530273
vertex 29.367149353027344 -36.93745040893555 -11.899999618530273
endloop
endfacet
facet normal 0 1 0
outer loop
vertex 29.367149353027344 -69.93744659423828 -11.899999618530273
vertex -31.632850646972656 -69.93744659423828 -11.899999618530273
vertex -31.632850646972656 -69.93744659423828 -8.199999809265137
endloop
endfacet
facet normal 0 0 1
outer loop
vertex -31.632850646972656 -51.93745040893555 -11.899999618530273
vertex -31.632850646972656 -69.93744659423828 -11.899999618530273
vertex 29.367149353027344 -69.93744659423828 -11.899999618530273
endloop
endfacet
facet normal 0 1 0
outer loop
vertex -31.632850646972656 -51.93745040893555 -11.899999618530273
vertex -37.132850646972656 -51.93745040893555 -11.899999618530273
vertex -31.632850646972656 -51.93745040893555 -8.199999809265137
endloop
endfacet
facet normal 0 0 1
outer loop
vertex -37.132850646972656 -36.93745040893555 -11.899999618530273
vertex -37.132850646972656 -51.93745040893555 -11.899999618530273
vertex -31.632850646972656 -51.93745040893555 -11.899999618530273
endloop
endfacet
facet normal 1 0 0
outer loop
vertex -31.632850646972656 -69.93744659423828 -11.899999618530273
vertex -31.632850646972656 -51.93745040893555 -11.899999618530273
vertex -31.632850646972656 -69.93744659423828 -8.199999809265137
endloop
endfacet
facet normal 0 -1 0
outer loop
vertex -37.132850646972656 -36.93745040893555 -4.099999904632568
vertex -37.132850646972656 -36.93745040893555 -8.199999809265137
vertex 29.367149353027344 -36.93745040893555 -4.099999904632568
endloop
endfacet
facet normal 0 -1 0
outer loop
vertex -37.132850646972656 -36.93745040893555 -8.199999809265137
vertex -37.132850646972656 -36.93745040893555 -11.899999618530273
vertex 29.367149353027344 -36.93745040893555 -4.099999904632568
endloop
endfacet
facet normal -1 0 0
outer loop
vertex 29.367149353027344 -69.637451171875 0
vertex 29.367149353027344 -69.637451171875 -4.099999904632568
vertex 29.367149353027344 -69.93744659423828 0
endloop
endfacet
facet normal 0 0 1
outer loop
vertex 29.367149353027344 -36.93745040893555 -11.899999618530273
vertex -31.632850646972656 -51.93745040893555 -11.899999618530273
vertex 29.367149353027344 -69.93744659423828 -11.899999618530273
endloop
endfacet
facet normal 1 0 0
outer loop
vertex -37.132850646972656 -51.93745040893555 -8.199999809265137
vertex -37.132850646972656 -36.93745040893555 -11.899999618530273
vertex -37.132850646972656 -36.93745040893555 -8.199999809265137
endloop
endfacet
facet normal 0 1 0
outer loop
vertex 29.367149353027344 -69.93744659423828 -11.899999618530273
vertex -31.632850646972656 -69.93744659423828 -8.199999809265137
vertex -31.632850646972656 -69.93744659423828 0
endloop
endfacet
facet normal 0 1 0
outer loop
vertex -31.632850646972656 -51.93745040893555 -8.199999809265137
vertex -37.132850646972656 -51.93745040893555 -11.899999618530273
vertex -37.132850646972656 -51.93745040893555 -8.199999809265137
endloop
endfacet
facet normal 0 -1 0
outer loop
vertex 29.367149353027344 -36.93745040893555 -4.099999904632568
vertex -37.132850646972656 -36.93745040893555 -11.899999618530273
vertex 29.367149353027344 -36.93745040893555 -11.899999618530273
endloop
endfacet
facet normal 1 0 0
outer loop
vertex -31.632850646972656 -69.93744659423828 -8.199999809265137
vertex -31.632850646972656 -51.93745040893555 -11.899999618530273
vertex -31.632850646972656 -51.93745040893555 -8.199999809265137
endloop
endfacet
facet normal 1 0 0
outer loop
vertex -37.132850646972656 -51.93745040893555 -11.899999618530273
vertex -37.132850646972656 -36.93745040893555 -11.899999618530273
vertex -37.132850646972656 -51.93745040893555 -8.199999809265137
endloop
endfacet
facet normal -1 0 0
outer loop
vertex 29.367149353027344 -36.93745040893555 -11.899999618530273
vertex 29.367149353027344 -69.93744659423828 -11.899999618530273
vertex 29.367149353027344 -69.637451171875 -4.099999904632568
endloop
endfacet
facet normal -1 0 0
outer loop
vertex 29.367149353027344 -69.637451171875 -4.099999904632568
vertex 29.367149353027344 -69.93744659423828 -11.899999618530273
vertex 29.367149353027344 -69.93744659423828 0
endloop
endfacet
facet normal -1 0 0
outer loop
vertex 29.367149353027344 -36.93745040893555 -11.899999618530273
vertex 29.367149353027344 -69.637451171875 -4.099999904632568
vertex 29.367149353027344 -36.93745040893555 -4.099999904632568
endloop
endfacet
facet normal 0 0 1
outer loop
vertex -44.132850646972656 -60.93745040893555 -8.199999809265137
vertex -69.63285064697266 -69.93744659423828 -8.199999809265137
vertex -44.132850646972656 -69.93744659423828 -8.199999809265137
endloop
endfacet
facet normal 0 0 1
outer loop
vertex -31.632850646972656 -51.93745040893555 -8.199999809265137
vertex -37.132850646972656 -51.93745040893555 -8.199999809265137
vertex -34.132850646972656 -60.93745040893555 -8.199999809265137
endloop
endfacet
facet normal 0 1 0
outer loop
vertex -31.632850646972656 -69.93744659423828 0
vertex -34.675743103027344 -69.93744659423828 -5.992893218994141
vertex -35.00016784667969 -69.93744659423828 -5.776120662689209
endloop
endfacet
facet normal 0 1 0
outer loop
vertex -35.382850646972656 -69.93744659423828 -5.699999809265137
vertex -42.882850646972656 -69.93744659423828 -5.699999809265137
vertex -31.632850646972656 -69.93744659423828 0
endloop
endfacet
facet normal 0 1 0
outer loop
vertex -31.632850646972656 -69.93744659423828 0
vertex -34.4589729309082 -69.93744659423828 -6.31731653213501
vertex -34.675743103027344 -69.93744659423828 -5.992893218994141
endloop
endfacet
facet normal 1 0 0
outer loop
vertex -69.63285064697266 -36.93745040893555 -4.099999904632568
vertex -69.63285064697266 -69.93744659423828 -8.199999809265137
vertex -69.63285064697266 -36.93745040893555 -8.199999809265137
endloop
endfacet
facet normal 0 1 0
outer loop
vertex -69.63285064697266 -69.93744659423828 -8.199999809265137
vertex -66.59943389892578 -69.93744659423828 -5
vertex -54.59943771362305 -69.93744659423828 -5
endloop
endfacet
facet normal 1 0 0
outer loop
vertex -69.63285064697266 -69.93744659423828 -8.199999809265137
vertex -69.63285064697266 -36.93745040893555 -4.099999904632568
vertex -69.63285064697266 -69.637451171875 -4.099999904632568
endloop
endfacet
facet normal 0 1 0
outer loop
vertex -54.59943771362305 -69.93744659423828 -5
vertex -42.882850646972656 -69.93744659423828 -5.699999809265137
vertex -69.63285064697266 -69.93744659423828 -8.199999809265137
endloop
endfacet
facet normal 0 1 0
outer loop
vertex -42.882850646972656 -69.93744659423828 -5.699999809265137
vertex -54.59943771362305 -69.93744659423828 -5
vertex -31.632850646972656 -69.93744659423828 0
endloop
endfacet
facet normal 0 0 1
outer loop
vertex -69.63285064697266 -69.93744659423828 -8.199999809265137
vertex -44.132850646972656 -60.93745040893555 -8.199999809265137
vertex -69.63285064697266 -36.93745040893555 -8.199999809265137
endloop
endfacet
facet normal 0 1 0
outer loop
vertex -69.63285064697266 -69.93744659423828 -8.199999809265137
vertex -43.882850646972656 -69.93744659423828 -6.699999809265137
vertex -44.132850646972656 -69.93744659423828 -8.199999809265137
endloop
endfacet
facet normal 0 1 0
outer loop
vertex -31.632850646972656 -69.93744659423828 0
vertex -34.132850646972656 -69.93744659423828 -8.199999809265137
vertex -34.382850646972656 -69.93744659423828 -6.699999809265137
endloop
endfacet
facet normal 0 1 0
outer loop
vertex -35.00016784667969 -69.93744659423828 -5.776120662689209
vertex -35.382850646972656 -69.93744659423828 -5.699999809265137
vertex -31.632850646972656 -69.93744659423828 0
endloop
endfacet
facet normal 0 1 0
outer loop
vertex -31.632850646972656 -69.93744659423828 -8.199999809265137
vertex -34.132850646972656 -69.93744659423828 -8.199999809265137
vertex -31.632850646972656 -69.93744659423828 0
endloop
endfacet
facet normal 0 0 1
outer loop
vertex -41.58285140991211 -39.03744888305664 -8.199999809265137
vertex -41.58285140991211 -48.83744812011719 -8.199999809265137
vertex -37.132850646972656 -36.93745040893555 -8.199999809265137
endloop
endfacet
facet normal 1 0 0
outer loop
vertex -69.63285064697266 -69.93744659423828 -8.199999809265137
vertex -69.63285064697266 -69.637451171875 -4.099999904632568
vertex -69.63285064697266 -69.93744659423828 0
endloop
endfacet
facet normal 0 1 0
outer loop
vertex -43.882850646972656 -69.93744659423828 -8.199999809265137
vertex -44.132850646972656 -69.93744659423828 -8.199999809265137
vertex -43.882850646972656 -69.93744659423828 -6.699999809265137
endloop
endfacet
facet normal 0 0 1
outer loop
vertex -41.58285140991211 -48.83744812011719 -8.199999809265137
vertex -37.132850646972656 -51.93745040893555 -8.199999809265137
vertex -37.132850646972656 -36.93745040893555 -8.199999809265137
endloop
endfacet
facet normal 0 1 0
outer loop
vertex -69.63285064697266 -69.93744659423828 0
vertex -66.59943389892578 -69.93744659423828 0
vertex -66.59943389892578 -69.93744659423828 -5
endloop
endfacet
facet normal 0 1 0
outer loop
vertex -66.59943389892578 -69.93744659423828 -5
vertex -69.63285064697266 -69.93744659423828 -8.199999809265137
vertex -69.63285064697266 -69.93744659423828 0
endloop
endfacet
facet normal 0 1 0
outer loop
vertex -43.882850646972656 -69.93744659423828 -6.699999809265137
vertex -69.63285064697266 -69.93744659423828 -8.199999809265137
vertex -43.80672836303711 -69.93744659423828 -6.31731653213501
endloop
endfacet
facet normal 0 1 0
outer loop
vertex -43.80672836303711 -69.93744659423828 -6.31731653213501
vertex -69.63285064697266 -69.93744659423828 -8.199999809265137
vertex -43.58995819091797 -69.93744659423828 -5.992893218994141
endloop
endfacet
facet normal 0 1 0
outer loop
vertex -43.58995819091797 -69.93744659423828 -5.992893218994141
vertex -69.63285064697266 -69.93744659423828 -8.199999809265137
vertex -43.265533447265625 -69.93744659423828 -5.776120662689209
endloop
endfacet
facet normal 0 1 0
outer loop
vertex -43.265533447265625 -69.93744659423828 -5.776120662689209
vertex -69.63285064697266 -69.93744659423828 -8.199999809265137
vertex -42.882850646972656 -69.93744659423828 -5.699999809265137
endloop
endfacet
facet normal 0 1 0
outer loop
vertex -31.632850646972656 -69.93744659423828 0
vertex -54.59943771362305 -69.93744659423828 -5
vertex -54.59943771362305 -69.93744659423828 0
endloop
endfacet
facet normal 0 -1 0
outer loop
vertex -69.63285064697266 -36.93745040893555 -4.099999904632568
vertex -69.63285064697266 -36.93745040893555 -8.199999809265137
vertex -37.132850646972656 -36.93745040893555 -4.099999904632568
endloop
endfacet
facet normal 0 0 1
outer loop
vertex -69.63285064697266 -36.93745040893555 -8.199999809265137
vertex -41.58285140991211 -39.03744888305664 -8.199999809265137
vertex -37.132850646972656 -36.93745040893555 -8.199999809265137
endloop
endfacet
facet normal 0 -1 0
outer loop
vertex -37.132850646972656 -36.93745040893555 -4.099999904632568
vertex -69.63285064697266 -36.93745040893555 -8.199999809265137
vertex -37.132850646972656 -36.93745040893555 -8.199999809265137
endloop
endfacet
facet normal 0 0 1
outer loop
vertex -34.132850646972656 -60.93745040893555 -8.199999809265137
vertex -34.132850646972656 -69.93744659423828 -8.199999809265137
vertex -31.632850646972656 -51.93745040893555 -8.199999809265137
endloop
endfacet
facet normal 0 0 1
outer loop
vertex -34.132850646972656 -69.93744659423828 -8.199999809265137
vertex -31.632850646972656 -69.93744659423828 -8.199999809265137
vertex -31.632850646972656 -51.93745040893555 -8.199999809265137
endloop
endfacet
facet normal 1 0 0
outer loop
vertex -69.63285064697266 -69.93744659423828 0
vertex -69.63285064697266 -69.637451171875 -4.099999904632568
vertex -69.63285064697266 -69.637451171875 0
endloop
endfacet
facet normal 0 0 1
outer loop
vertex -41.58285140991211 -48.83744812011719 -8.199999809265137
vertex -45.6828498840332 -48.83744812011719 -8.199999809265137
vertex -37.132850646972656 -51.93745040893555 -8.199999809265137
endloop
endfacet
facet normal 0 0 1
outer loop
vertex -45.6828498840332 -48.83744812011719 -8.199999809265137
vertex -34.132850646972656 -60.93745040893555 -8.199999809265137
vertex -37.132850646972656 -51.93745040893555 -8.199999809265137
endloop
endfacet
facet normal 0 1 0
outer loop
vertex -34.132850646972656 -69.93744659423828 -8.199999809265137
vertex -34.382850646972656 -69.93744659423828 -8.199999809265137
vertex -34.382850646972656 -69.93744659423828 -6.699999809265137
endloop
endfacet
facet normal 0 0 1
outer loop
vertex -69.63285064697266 -36.93745040893555 -8.199999809265137
vertex -45.6828498840332 -39.03744888305664 -8.199999809265137
vertex -41.58285140991211 -39.03744888305664 -8.199999809265137
endloop
endfacet
facet normal 0 0 1
outer loop
vertex -69.63285064697266 -36.93745040893555 -8.199999809265137
vertex -45.6828498840332 -48.83744812011719 -8.199999809265137
vertex -45.6828498840332 -39.03744888305664 -8.199999809265137
endloop
endfacet
facet normal 0 0 1
outer loop
vertex -69.63285064697266 -36.93745040893555 -8.199999809265137
vertex -34.132850646972656 -60.93745040893555 -8.199999809265137
vertex -45.6828498840332 -48.83744812011719 -8.199999809265137
endloop
endfacet
facet normal 0 0 1
outer loop
vertex -69.63285064697266 -36.93745040893555 -8.199999809265137
vertex -44.132850646972656 -60.93745040893555 -8.199999809265137
vertex -34.132850646972656 -60.93745040893555 -8.199999809265137
endloop
endfacet
facet normal 0 1 0
outer loop
vertex -31.632850646972656 -69.93744659423828 0
vertex -34.382850646972656 -69.93744659423828 -6.699999809265137
vertex -34.4589729309082 -69.93744659423828 -6.31731653213501
endloop
endfacet
facet normal 0 1 0
outer loop
vertex -35.00016784667969 -69.93744659423828 -9.123879432678223
vertex -34.675743103027344 -69.93744659423828 -8.907106399536133
vertex -34.132850646972656 -69.93744659423828 -9.5
endloop
endfacet
facet normal 0 1 0
outer loop
vertex -34.675743103027344 -69.93744659423828 -8.907106399536133
vertex -34.4589729309082 -69.93744659423828 -8.582683563232422
vertex -34.132850646972656 -69.93744659423828 -9.5
endloop
endfacet
facet normal 0 1 0
outer loop
vertex -44.132850646972656 -69.93744659423828 -9.5
vertex -43.265533447265625 -69.93744659423828 -9.123879432678223
vertex -42.882850646972656 -69.93744659423828 -9.199999809265137
endloop
endfacet
facet normal 0 1 0
outer loop
vertex -43.265533447265625 -69.93744659423828 -9.123879432678223
vertex -44.132850646972656 -69.93744659423828 -9.5
vertex -43.58995819091797 -69.93744659423828 -8.907106399536133
endloop
endfacet
facet normal 0 1 0
outer loop
vertex -43.58995819091797 -69.93744659423828 -8.907106399536133
vertex -44.132850646972656 -69.93744659423828 -9.5
vertex -43.80672836303711 -69.93744659423828 -8.582683563232422
endloop
endfacet
facet normal 0 1 0
outer loop
vertex -34.4589729309082 -69.93744659423828 -8.582683563232422
vertex -34.382850646972656 -69.93744659423828 -8.199999809265137
vertex -34.132850646972656 -69.93744659423828 -9.5
endloop
endfacet
facet normal 0 1 0
outer loop
vertex -34.382850646972656 -69.93744659423828 -8.199999809265137
vertex -34.132850646972656 -69.93744659423828 -8.199999809265137
vertex -34.132850646972656 -69.93744659423828 -9.5
endloop
endfacet
facet normal 0 1 0
outer loop
vertex -43.80672836303711 -69.93744659423828 -8.582683563232422
vertex -44.132850646972656 -69.93744659423828 -9.5
vertex -44.132850646972656 -69.93744659423828 -8.199999809265137
endloop
endfacet
facet normal 0 1 0
outer loop
vertex -43.882850646972656 -69.93744659423828 -8.199999809265137
vertex -43.80672836303711 -69.93744659423828 -8.582683563232422
vertex -44.132850646972656 -69.93744659423828 -8.199999809265137
endloop
endfacet
facet normal 1 0 0
outer loop
vertex -44.132850646972656 -60.93745040893555 -8.199999809265137
vertex -44.132850646972656 -69.93744659423828 -8.199999809265137
vertex -44.132850646972656 -69.93744659423828 -9.5
endloop
endfacet
facet normal -1 0 0
outer loop
vertex -34.132850646972656 -60.93745040893555 -9.5
vertex -34.132850646972656 -69.93744659423828 -9.5
vertex -34.132850646972656 -69.93744659423828 -8.199999809265137
endloop
endfacet
facet normal 0 1 0
outer loop
vertex -42.882850646972656 -69.93744659423828 -9.199999809265137
vertex -35.382850646972656 -69.93744659423828 -9.199999809265137
vertex -44.132850646972656 -69.93744659423828 -9.5
endloop
endfacet
facet normal 0 1 0
outer loop
vertex -34.132850646972656 -69.93744659423828 -9.5
vertex -44.132850646972656 -69.93744659423828 -9.5
vertex -35.382850646972656 -69.93744659423828 -9.199999809265137
endloop
endfacet
facet normal 1 0 0
outer loop
vertex -44.132850646972656 -60.93745040893555 -8.199999809265137
vertex -44.132850646972656 -69.93744659423828 -9.5
vertex -44.132850646972656 -60.93745040893555 -9.5
endloop
endfacet
facet normal 0 1 0
outer loop
vertex -34.132850646972656 -69.93744659423828 -9.5
vertex -35.382850646972656 -69.93744659423828 -9.199999809265137
vertex -35.00016784667969 -69.93744659423828 -9.123879432678223
endloop
endfacet
facet normal 0 -1 0
outer loop
vertex -44.132850646972656 -60.93745040893555 -9.5
vertex -34.132850646972656 -60.93745040893555 -9.5
vertex -34.132850646972656 -60.93745040893555 -8.199999809265137
endloop
endfacet
facet normal 0 0 1
outer loop
vertex -44.132850646972656 -69.93744659423828 -9.5
vertex -34.132850646972656 -69.93744659423828 -9.5
vertex -44.132850646972656 -60.93745040893555 -9.5
endloop
endfacet
facet normal 0 0 1
outer loop
vertex -44.132850646972656 -60.93745040893555 -9.5
vertex -34.132850646972656 -69.93744659423828 -9.5
vertex -34.132850646972656 -60.93745040893555 -9.5
endloop
endfacet
facet normal 0 -1 0
outer loop
vertex -44.132850646972656 -60.93745040893555 -8.199999809265137
vertex -44.132850646972656 -60.93745040893555 -9.5
vertex -34.132850646972656 -60.93745040893555 -8.199999809265137
endloop
endfacet
facet normal -1 0 0
outer loop
vertex -34.132850646972656 -60.93745040893555 -8.199999809265137
vertex -34.132850646972656 -60.93745040893555 -9.5
vertex -34.132850646972656 -69.93744659423828 -8.199999809265137
endloop
endfacet
facet normal 0 0 1
outer loop
vertex -42.382850646972656 -40.68745040893555 -10
vertex -42.382850646972656 -47.18745040893555 -10
vertex -41.58285140991211 -39.03744888305664 -10
endloop
endfacet
facet normal 0 0 1
outer loop
vertex -42.382850646972656 -47.18745040893555 -10
vertex -44.882850646972656 -47.18745040893555 -10
vertex -45.6828498840332 -48.83744812011719 -10
endloop
endfacet
facet normal 1 0 0
outer loop
vertex -45.6828498840332 -39.03744888305664 -8.199999809265137
vertex -45.6828498840332 -48.83744812011719 -8.199999809265137
vertex -45.6828498840332 -48.83744812011719 -10
endloop
endfacet
facet normal 0 -1 0
outer loop
vertex -45.6828498840332 -39.03744888305664 -10
vertex -41.58285140991211 -39.03744888305664 -10
vertex -41.58285140991211 -39.03744888305664 -8.199999809265137
endloop
endfacet
facet normal 0 -1 0
outer loop
vertex -41.58285140991211 -39.03744888305664 -8.199999809265137
vertex -45.6828498840332 -39.03744888305664 -8.199999809265137
vertex -45.6828498840332 -39.03744888305664 -10
endloop
endfacet
facet normal -1 0 0
outer loop
vertex -41.58285140991211 -39.03744888305664 -10
vertex -41.58285140991211 -48.83744812011719 -10
vertex -41.58285140991211 -48.83744812011719 -8.199999809265137
endloop
endfacet
facet normal 0 0 1
outer loop
vertex -45.6828498840332 -48.83744812011719 -10
vertex -44.882850646972656 -47.18745040893555 -10
vertex -44.882850646972656 -40.68745040893555 -10
endloop
endfacet
facet normal -1 0 0
outer loop
vertex -41.58285140991211 -39.03744888305664 -8.199999809265137
vertex -41.58285140991211 -39.03744888305664 -10
vertex -41.58285140991211 -48.83744812011719 -8.199999809265137
endloop
endfacet
facet normal 1 0 0
outer loop
vertex -45.6828498840332 -39.03744888305664 -8.199999809265137
vertex -45.6828498840332 -48.83744812011719 -10
vertex -45.6828498840332 -39.03744888305664 -10
endloop
endfacet
facet normal 0 1 0
outer loop
vertex -41.58285140991211 -48.83744812011719 -10
vertex -45.6828498840332 -48.83744812011719 -8.199999809265137
vertex -41.58285140991211 -48.83744812011719 -8.199999809265137
endloop
endfacet
facet normal 0 1 0
outer loop
vertex -41.58285140991211 -48.83744812011719 -10
vertex -45.6828498840332 -48.83744812011719 -10
vertex -45.6828498840332 -48.83744812011719 -8.199999809265137
endloop
endfacet
facet normal 0 0 1
outer loop
vertex -41.58285140991211 -39.03744888305664 -10
vertex -44.882850646972656 -40.68745040893555 -10
vertex -42.382850646972656 -40.68745040893555 -10
endloop
endfacet
facet normal 0 0 1
outer loop
vertex -45.6828498840332 -39.03744888305664 -10
vertex -44.882850646972656 -40.68745040893555 -10
vertex -41.58285140991211 -39.03744888305664 -10
endloop
endfacet
facet normal 0 0 1
outer loop
vertex -45.6828498840332 -48.83744812011719 -10
vertex -44.882850646972656 -40.68745040893555 -10
vertex -45.6828498840332 -39.03744888305664 -10
endloop
endfacet
facet normal 0 0 1
outer loop
vertex -42.382850646972656 -47.18745040893555 -10
vertex -41.58285140991211 -48.83744812011719 -10
vertex -41.58285140991211 -39.03744888305664 -10
endloop
endfacet
facet normal 0 0 1
outer loop
vertex -42.382850646972656 -47.18745040893555 -10
vertex -45.6828498840332 -48.83744812011719 -10
vertex -41.58285140991211 -48.83744812011719 -10
endloop
endfacet
facet normal 0 1 0
outer loop
vertex -42.382850646972656 -47.18745040893555 -10
vertex -44.882850646972656 -47.18745040893555 -11.699999809265137
vertex -44.882850646972656 -47.18745040893555 -10
endloop
endfacet
facet normal -1 0 0
outer loop
vertex -42.382850646972656 -40.68745040893555 -10
vertex -42.382850646972656 -47.18745040893555 -11.699999809265137
vertex -42.382850646972656 -47.18745040893555 -10
endloop
endfacet
facet normal 1 0 0
outer loop
vertex -44.882850646972656 -47.18745040893555 -10
vertex -44.882850646972656 -40.68745040893555 -11.699999809265137
vertex -44.882850646972656 -40.68745040893555 -10
endloop
endfacet
facet normal 0 -1 0
outer loop
vertex -44.882850646972656 -40.68745040893555 -11.699999809265137
vertex -42.382850646972656 -40.68745040893555 -11.699999809265137
vertex -44.882850646972656 -40.68745040893555 -10
endloop
endfacet
facet normal 0 -1 0
outer loop
vertex -44.882850646972656 -40.68745040893555 -10
vertex -42.382850646972656 -40.68745040893555 -11.699999809265137
vertex -42.382850646972656 -40.68745040893555 -10
endloop
endfacet
facet normal -1 0 0
outer loop
vertex -42.382850646972656 -47.18745040893555 -11.699999809265137
vertex -42.382850646972656 -40.68745040893555 -10
vertex -42.382850646972656 -40.68745040893555 -11.699999809265137
endloop
endfacet
facet normal 1 0 0
outer loop
vertex -44.882850646972656 -47.18745040893555 -10
vertex -44.882850646972656 -47.18745040893555 -11.699999809265137
vertex -44.882850646972656 -40.68745040893555 -11.699999809265137
endloop
endfacet
facet normal 0 1 0
outer loop
vertex -42.382850646972656 -47.18745040893555 -11.699999809265137
vertex -44.882850646972656 -47.18745040893555 -11.699999809265137
vertex -42.382850646972656 -47.18745040893555 -10
endloop
endfacet
facet normal 0 0 -1
outer loop
vertex -39.132850646972656 -50.93745040893555 -11.699999809265137
vertex -39.1709098815918 -51.12879180908203 -11.699999809265137
vertex -39.132850646972656 -36.93745040893555 -11.699999809265137
endloop
endfacet
facet normal 0.19508570553829574 -0.9807861986664704 0
outer loop
vertex -58.632850646972656 -36.43745040893555 -11.699999809265137
vertex -58.82419204711914 -36.47550964355469 -11.699999809265137
vertex -58.82419204711914 -36.47550964355469 -15.984437942504883
endloop
endfacet
facet normal 0 0 -1
outer loop
vertex -39.632850646972656 -36.43745040893555 -11.699999809265137
vertex -42.382850646972656 -47.18745040893555 -11.699999809265137
vertex -42.382850646972656 -40.68745040893555 -11.699999809265137
endloop
endfacet
facet normal -0.5555707707654927 -0.831469252991977 0
outer loop
vertex -39.279296875 -36.58389663696289 -11.699999809265137
vertex -39.44150924682617 -36.47550964355469 -11.699999809265137
vertex -39.44150924682617 -36.47550964355469 -15.984437942504883
endloop
endfacet
facet normal 0 0 -1
outer loop
vertex -39.1709098815918 -51.12879180908203 -11.699999809265137
vertex -39.279296875 -51.2910041809082 -11.699999809265137
vertex -39.1709098815918 -36.74610900878906 -11.699999809265137
endloop
endfacet
facet normal -0.5555707707654927 0.831469252991977 0
outer loop
vertex -39.279296875 -51.2910041809082 -11.699999809265137
vertex -39.279296875 -51.2910041809082 -17.28062629699707
vertex -39.44150924682617 -51.399391174316406 -11.699999809265137
endloop
endfacet
facet normal 0 0 -1
outer loop
vertex -39.279296875 -51.2910041809082 -11.699999809265137
vertex -39.44150924682617 -51.399391174316406 -11.699999809265137
vertex -39.279296875 -36.58389663696289 -11.699999809265137
endloop
endfacet
facet normal 0 0 -1
outer loop
vertex -39.44150924682617 -36.47550964355469 -11.699999809265137
vertex -39.632850646972656 -51.43745040893555 -11.699999809265137
vertex -39.632850646972656 -36.43745040893555 -11.699999809265137
endloop
endfacet
facet normal 0 0 -1
outer loop
vertex -44.882850646972656 -47.18745040893555 -11.699999809265137
vertex -58.632850646972656 -51.43745040893555 -11.699999809265137
vertex -44.882850646972656 -40.68745040893555 -11.699999809265137
endloop
endfacet
facet normal 0 0 -1
outer loop
vertex -39.279296875 -36.58389663696289 -11.699999809265137
vertex -39.44150924682617 -51.399391174316406 -11.699999809265137
vertex -39.44150924682617 -36.47550964355469 -11.699999809265137
endloop
endfacet
facet normal 0 0 -1
outer loop
vertex -39.1709098815918 -36.74610900878906 -11.699999809265137
vertex -39.279296875 -51.2910041809082 -11.699999809265137
vertex -39.279296875 -36.58389663696289 -11.699999809265137
endloop
endfacet
facet normal 0 0 -1
outer loop
vertex -39.44150924682617 -51.399391174316406 -11.699999809265137
vertex -39.632850646972656 -51.43745040893555 -11.699999809265137
vertex -39.44150924682617 -36.47550964355469 -11.699999809265137
endloop
endfacet
facet normal 0 0 -1
outer loop
vertex -39.632850646972656 -51.43745040893555 -11.699999809265137
vertex -42.382850646972656 -47.18745040893555 -11.699999809265137
vertex -39.632850646972656 -36.43745040893555 -11.699999809265137
endloop
endfacet
facet normal 0 0 -1
outer loop
vertex -59.094791412353516 -36.74610900878906 -11.699999809265137
vertex -59.132850646972656 -50.93745040893555 -11.699999809265137
vertex -59.132850646972656 -36.93745040893555 -11.699999809265137
endloop
endfacet
facet normal 0 0 -1
outer loop
vertex -58.632850646972656 -51.43745040893555 -11.699999809265137
vertex -58.82419204711914 -51.399391174316406 -11.699999809265137
vertex -58.632850646972656 -36.43745040893555 -11.699999809265137
endloop
endfacet
facet normal 0 0 -1
outer loop
vertex -58.632850646972656 -36.43745040893555 -11.699999809265137
vertex -39.632850646972656 -36.43745040893555 -11.699999809265137
vertex -58.632850646972656 -51.43745040893555 -11.699999809265137
endloop
endfacet
facet normal 0 0 -1
outer loop
vertex -58.82419204711914 -36.47550964355469 -11.699999809265137
vertex -58.98640441894531 -51.2910041809082 -11.699999809265137
vertex -58.98640441894531 -36.58389663696289 -11.699999809265137
endloop
endfacet
facet normal 0 0 -1
outer loop
vertex -58.632850646972656 -36.43745040893555 -11.699999809265137
vertex -58.82419204711914 -51.399391174316406 -11.699999809265137
vertex -58.82419204711914 -36.47550964355469 -11.699999809265137
endloop
endfacet
facet normal 0 0 -1
outer loop
vertex -39.132850646972656 -36.93745040893555 -11.699999809265137
vertex -39.1709098815918 -51.12879180908203 -11.699999809265137
vertex -39.1709098815918 -36.74610900878906 -11.699999809265137
endloop
endfacet
facet normal 0 0 -1
outer loop
vertex -58.82419204711914 -51.399391174316406 -11.699999809265137
vertex -58.98640441894531 -51.2910041809082 -11.699999809265137
vertex -58.82419204711914 -36.47550964355469 -11.699999809265137
endloop
endfacet
facet normal 0 0 -1
outer loop
vertex -58.98640441894531 -51.2910041809082 -11.699999809265137
vertex -59.094791412353516 -51.12879180908203 -11.699999809265137
vertex -58.98640441894531 -36.58389663696289 -11.699999809265137
endloop
endfacet
facet normal 0 0 -1
outer loop
vertex -44.882850646972656 -40.68745040893555 -11.699999809265137
vertex -58.632850646972656 -51.43745040893555 -11.699999809265137
vertex -39.632850646972656 -36.43745040893555 -11.699999809265137
endloop
endfacet
facet normal 0 0 -1
outer loop
vertex -59.094791412353516 -51.12879180908203 -11.699999809265137
vertex -59.132850646972656 -50.93745040893555 -11.699999809265137
vertex -59.094791412353516 -36.74610900878906 -11.699999809265137
endloop
endfacet
facet normal 0 0 -1
outer loop
vertex -44.882850646972656 -40.68745040893555 -11.699999809265137
vertex -39.632850646972656 -36.43745040893555 -11.699999809265137
vertex -42.382850646972656 -40.68745040893555 -11.699999809265137
endloop
endfacet
facet normal 1 0 0
outer loop
vertex -59.132850646972656 -50.93745040893555 -11.699999809265137
vertex -59.132850646972656 -50.93745040893555 -17.249692916870117
vertex -59.132850646972656 -36.93745040893555 -11.699999809265137
endloop
endfacet
facet normal 0.9807861986664705 0.19508570553829574 0
outer loop
vertex -59.094791412353516 -51.12879180908203 -11.699999809265137
vertex -59.094791412353516 -51.12879180908203 -17.266433715820312
vertex -59.132850646972656 -50.93745040893555 -11.699999809265137
endloop
endfacet
facet normal 0.19508570553829577 0.9807861986664707 0
outer loop
vertex -58.632850646972656 -51.43745040893555 -11.699999809265137
vertex -58.632850646972656 -51.43745040893555 -17.293437957763672
vertex -58.82419204711914 -51.399391174316406 -11.699999809265137
endloop
endfacet
facet normal 0.5555707707654927 0.8314692529919772 0
outer loop
vertex -58.82419204711914 -51.399391174316406 -11.699999809265137
vertex -58.82419204711914 -51.399391174316406 -17.29010772705078
vertex -58.98640441894531 -51.2910041809082 -11.699999809265137
endloop
endfacet
facet normal 0.831469252991977 0.5555707707654927 0
outer loop
vertex -58.98640441894531 -51.2910041809082 -11.699999809265137
vertex -58.98640441894531 -51.2910041809082 -17.28062629699707
vertex -59.094791412353516 -51.12879180908203 -11.699999809265137
endloop
endfacet
facet normal -1 0 0
outer loop
vertex -39.132850646972656 -50.93745040893555 -17.249692916870117
vertex -39.132850646972656 -50.93745040893555 -11.699999809265137
vertex -39.132850646972656 -36.93745040893555 -16.024852752685547
endloop
endfacet
facet normal -0.9807861986664705 0.19508570553829574 0
outer loop
vertex -39.1709098815918 -51.12879180908203 -17.266433715820312
vertex -39.1709098815918 -51.12879180908203 -11.699999809265137
vertex -39.132850646972656 -50.93745040893555 -17.249692916870117
endloop
endfacet
facet normal -0.831469252991977 0.5555707707654927 0
outer loop
vertex -39.279296875 -51.2910041809082 -17.28062629699707
vertex -39.279296875 -51.2910041809082 -11.699999809265137
vertex -39.1709098815918 -51.12879180908203 -17.266433715820312
endloop
endfacet
facet normal -0.5555707707654927 0.8314692529919772 0
outer loop
vertex -39.44150924682617 -51.399391174316406 -17.29010772705078
vertex -39.44150924682617 -51.399391174316406 -11.699999809265137
vertex -39.279296875 -51.2910041809082 -17.28062629699707
endloop
endfacet
facet normal -0.19508570553829577 0.9807861986664707 0
outer loop
vertex -39.44150924682617 -51.399391174316406 -17.29010772705078
vertex -39.632850646972656 -51.43745040893555 -17.293437957763672
vertex -39.632850646972656 -51.43745040893555 -11.699999809265137
endloop
endfacet
facet normal 0 1 0
outer loop
vertex -39.632850646972656 -51.43745040893555 -17.293437957763672
vertex -58.632850646972656 -51.43745040893555 -17.293437957763672
vertex -58.632850646972656 -51.43745040893555 -11.699999809265137
endloop
endfacet
facet normal 0 0 -1
outer loop
vertex -39.632850646972656 -51.43745040893555 -11.699999809265137
vertex -58.632850646972656 -51.43745040893555 -11.699999809265137
vertex -44.882850646972656 -47.18745040893555 -11.699999809265137
endloop
endfacet
facet normal -1 0 0
outer loop
vertex -39.132850646972656 -36.93745040893555 -16.024852752685547
vertex -39.132850646972656 -50.93745040893555 -11.699999809265137
vertex -39.132850646972656 -36.93745040893555 -11.699999809265137
endloop
endfacet
facet normal -0.831469252991977 -0.5555707707654927 0
outer loop
vertex -39.1709098815918 -36.74610900878906 -11.699999809265137
vertex -39.279296875 -36.58389663696289 -11.699999809265137
vertex -39.279296875 -36.58389663696289 -15.99392032623291
endloop
endfacet
facet normal 1 0 0
outer loop
vertex -59.132850646972656 -36.93745040893555 -16.024852752685547
vertex -59.132850646972656 -36.93745040893555 -11.699999809265137
vertex -59.132850646972656 -50.93745040893555 -17.249692916870117
endloop
endfacet
facet normal 0.9807861986664704 0.19508570553829574 0
outer loop
vertex -59.094791412353516 -51.12879180908203 -17.266433715820312
vertex -59.132850646972656 -50.93745040893555 -17.249692916870117
vertex -59.132850646972656 -50.93745040893555 -11.699999809265137
endloop
endfacet
facet normal -0.19508570553829574 -0.9807861986664705 0
outer loop
vertex -39.44150924682617 -36.47550964355469 -11.699999809265137
vertex -39.632850646972656 -36.43745040893555 -11.699999809265137
vertex -39.632850646972656 -36.43745040893555 -15.981107711791992
endloop
endfacet
facet normal 0.19508570553829574 0.9807861986664704 0
outer loop
vertex -58.632850646972656 -51.43745040893555 -17.293437957763672
vertex -58.82419204711914 -51.399391174316406 -17.29010772705078
vertex -58.82419204711914 -51.399391174316406 -11.699999809265137
endloop
endfacet
facet normal 0.5555707707654927 0.831469252991977 0
outer loop
vertex -58.82419204711914 -51.399391174316406 -17.29010772705078
vertex -58.98640441894531 -51.2910041809082 -17.28062629699707
vertex -58.98640441894531 -51.2910041809082 -11.699999809265137
endloop
endfacet
facet normal 0.8314692529919772 0.5555707707654927 0
outer loop
vertex -58.98640441894531 -51.2910041809082 -17.28062629699707
vertex -59.094791412353516 -51.12879180908203 -17.266433715820312
vertex -59.094791412353516 -51.12879180908203 -11.699999809265137
endloop
endfacet
facet normal 0.9807861986664705 -0.19508570553829574 0
outer loop
vertex -59.132850646972656 -36.93745040893555 -16.024852752685547
vertex -59.094791412353516 -36.74610900878906 -16.00811195373535
vertex -59.094791412353516 -36.74610900878906 -11.699999809265137
endloop
endfacet
facet normal 0.831469252991977 -0.5555707707654927 0
outer loop
vertex -59.094791412353516 -36.74610900878906 -16.00811195373535
vertex -58.98640441894531 -36.58389663696289 -15.99392032623291
vertex -58.98640441894531 -36.58389663696289 -11.699999809265137
endloop
endfacet
facet normal 0.5555707707654927 -0.831469252991977 0
outer loop
vertex -58.98640441894531 -36.58389663696289 -15.99392032623291
vertex -58.82419204711914 -36.47550964355469 -15.984437942504883
vertex -58.82419204711914 -36.47550964355469 -11.699999809265137
endloop
endfacet
facet normal 0.19508570553829574 -0.9807861986664705 0
outer loop
vertex -58.82419204711914 -36.47550964355469 -15.984437942504883
vertex -58.632850646972656 -36.43745040893555 -15.981107711791992
vertex -58.632850646972656 -36.43745040893555 -11.699999809265137
endloop
endfacet
facet normal 0 -1 0
outer loop
vertex -58.632850646972656 -36.43745040893555 -15.981107711791992
vertex -39.632850646972656 -36.43745040893555 -15.981107711791992
vertex -39.632850646972656 -36.43745040893555 -11.699999809265137
endloop
endfacet
facet normal -0.19508570553829574 -0.9807861986664704 0
outer loop
vertex -39.632850646972656 -36.43745040893555 -15.981107711791992
vertex -39.44150924682617 -36.47550964355469 -15.984437942504883
vertex -39.44150924682617 -36.47550964355469 -11.699999809265137
endloop
endfacet
facet normal 0 0 -1
outer loop
vertex -39.632850646972656 -51.43745040893555 -11.699999809265137
vertex -44.882850646972656 -47.18745040893555 -11.699999809265137
vertex -42.382850646972656 -47.18745040893555 -11.699999809265137
endloop
endfacet
facet normal -0.9807861986664705 -0.19508570553829574 0
outer loop
vertex -39.1709098815918 -36.74610900878906 -11.699999809265137
vertex -39.1709098815918 -36.74610900878906 -16.00811195373535
vertex -39.132850646972656 -36.93745040893555 -11.699999809265137
endloop
endfacet
facet normal 0 1 0
outer loop
vertex -39.632850646972656 -51.43745040893555 -11.699999809265137
vertex -39.632850646972656 -51.43745040893555 -17.293437957763672
vertex -58.632850646972656 -51.43745040893555 -11.699999809265137
endloop
endfacet
facet normal -0.19508570553829574 0.9807861986664704 0
outer loop
vertex -39.44150924682617 -51.399391174316406 -11.699999809265137
vertex -39.44150924682617 -51.399391174316406 -17.29010772705078
vertex -39.632850646972656 -51.43745040893555 -11.699999809265137
endloop
endfacet
facet normal 0 0 -1
outer loop
vertex -58.98640441894531 -36.58389663696289 -11.699999809265137
vertex -59.094791412353516 -51.12879180908203 -11.699999809265137
vertex -59.094791412353516 -36.74610900878906 -11.699999809265137
endloop
endfacet
facet normal -0.9807861986664704 0.19508570553829574 0
outer loop
vertex -39.132850646972656 -50.93745040893555 -11.699999809265137
vertex -39.132850646972656 -50.93745040893555 -17.249692916870117
vertex -39.1709098815918 -51.12879180908203 -11.699999809265137
endloop
endfacet
facet normal -0.9807861986664705 -0.19508570553829577 0
outer loop
vertex -39.132850646972656 -36.93745040893555 -16.024852752685547
vertex -39.132850646972656 -36.93745040893555 -11.699999809265137
vertex -39.1709098815918 -36.74610900878906 -16.00811195373535
endloop
endfacet
facet normal -0.8314692529919772 -0.5555707707654927 0
outer loop
vertex -39.1709098815918 -36.74610900878906 -16.00811195373535
vertex -39.1709098815918 -36.74610900878906 -11.699999809265137
vertex -39.279296875 -36.58389663696289 -15.99392032623291
endloop
endfacet
facet normal -0.5555707707654927 -0.831469252991977 0
outer loop
vertex -39.44150924682617 -36.47550964355469 -15.984437942504883
vertex -39.279296875 -36.58389663696289 -15.99392032623291
vertex -39.279296875 -36.58389663696289 -11.699999809265137
endloop
endfacet
facet normal 0.9807861986664705 -0.19508570553829577 0
outer loop
vertex -59.132850646972656 -36.93745040893555 -11.699999809265137
vertex -59.132850646972656 -36.93745040893555 -16.024852752685547
vertex -59.094791412353516 -36.74610900878906 -11.699999809265137
endloop
endfacet
facet normal 0.8314692529919772 -0.5555707707654927 0
outer loop
vertex -58.98640441894531 -36.58389663696289 -11.699999809265137
vertex -59.094791412353516 -36.74610900878906 -11.699999809265137
vertex -59.094791412353516 -36.74610900878906 -16.00811195373535
endloop
endfacet
facet normal 0.5555707707654927 -0.831469252991977 0
outer loop
vertex -58.82419204711914 -36.47550964355469 -11.699999809265137
vertex -58.98640441894531 -36.58389663696289 -11.699999809265137
vertex -58.98640441894531 -36.58389663696289 -15.99392032623291
endloop
endfacet
facet normal 0 -1 0
outer loop
vertex -39.632850646972656 -36.43745040893555 -11.699999809265137
vertex -58.632850646972656 -36.43745040893555 -11.699999809265137
vertex -58.632850646972656 -36.43745040893555 -15.981107711791992
endloop
endfacet
facet normal -0.8314692529919772 0.5555707707654927 0
outer loop
vertex -39.1709098815918 -51.12879180908203 -11.699999809265137
vertex -39.1709098815918 -51.12879180908203 -17.266433715820312
vertex -39.279296875 -51.2910041809082 -11.699999809265137
endloop
endfacet
facet normal 0.12320026798996532 -0.6962912978813675 0.707106867780169
outer loop
vertex 69.50093841552734 -72.09878540039062 -1
vertex 70.05803680419922 -72.00021362304688 -1
vertex 69.83015441894531 -71.0250015258789 0
endloop
endfacet
facet normal 0.12319473827541691 -0.6962908815354042 0.7071082411851111
outer loop
vertex 69.50093841552734 -72.09878540039062 -1
vertex 69.83015441894531 -71.0250015258789 0
vertex 69.36319732666016 -71.10762023925781 0
endloop
endfacet
facet normal 0.1981138034317809 -0.6787837163535017 0.7071093177883621
outer loop
vertex 70.26863098144531 -70.89701843261719 0
vertex 70.05803680419922 -72.00021362304688 -1
vertex 70.29580688476562 -71.93081665039062 -1
endloop
endfacet
facet normal 0.198127105541304 -0.6787816656671043 0.7071075592892615
outer loop
vertex 70.26863098144531 -70.89701843261719 0
vertex 70.29580688476562 -71.93081665039062 -1
vertex 70.60112762451172 -71.8416976928711 -1
endloop
endfacet
facet normal 0.19812414722383712 -0.6787833674663706 0.7071067545553793
outer loop
vertex 69.83015441894531 -71.0250015258789 0
vertex 70.05803680419922 -72.00021362304688 -1
vertex 70.26863098144531 -70.89701843261719 0
endloop
endfacet
facet normal 0.27070651013736546 -0.6532371509021178 0.7071062226077014
outer loop
vertex 70.60112762451172 -71.8416976928711 -1
vertex 71.123779296875 -71.62510681152344 -1
vertex 70.69060516357422 -70.72215270996094 0
endloop
endfacet
facet normal 0.2707012051356385 -0.653237912515141 0.7071075499462397
outer loop
vertex 70.26863098144531 -70.89701843261719 0
vertex 70.60112762451172 -71.8416976928711 -1
vertex 70.69060516357422 -70.72215270996094 0
endloop
endfacet
facet normal 0.3400784164946296 -0.6199574967083282 0.7071063377665684
outer loop
vertex 70.69060516357422 -70.72215270996094 0
vertex 71.123779296875 -71.62510681152344 -1
vertex 71.09107971191406 -70.50247192382812 0
endloop
endfacet
facet normal 0.34009130771359275 -0.6199541848832608 0.7071030413337155
outer loop
vertex 71.123779296875 -71.62510681152344 -1
vertex 71.21157836914062 -71.57694244384766 -1
vertex 71.09107971191406 -70.50247192382812 0
endloop
endfacet
facet normal 0.34007100194318257 -0.6199604439513433 0.7071073196997845
outer loop
vertex 71.09107971191406 -70.50247192382812 0
vertex 71.21157836914062 -71.57694244384766 -1
vertex 71.61979675292969 -71.35301971435547 -1
endloop
endfacet
facet normal 0.4054252234570256 -0.5793355469843026 0.7071072847773667
outer loop
vertex 71.61979675292969 -71.35301971435547 -1
vertex 72.08332061767578 -71.02864074707031 -1
vertex 71.46531677246094 -70.2405776977539 0
endloop
endfacet
facet normal 0.40542414676060506 -0.5793359526582923 0.707107569738116
outer loop
vertex 71.09107971191406 -70.50247192382812 0
vertex 71.61979675292969 -71.35301971435547 -1
vertex 71.46531677246094 -70.2405776977539 0
endloop
endfacet
facet normal 0.465971840788354 -0.5318540379808138 0.7071078601428612
outer loop
vertex 72.08332061767578 -71.02864074707031 -1
vertex 72.50885009765625 -70.65582275390625 -1
vertex 71.80888366699219 -69.93956756591797 0
endloop
endfacet
facet normal 0.4659737671834341 -0.5318530613829879 0.7071073252303519
outer loop
vertex 71.46531677246094 -70.2405776977539 0
vertex 72.08332061767578 -71.02864074707031 -1
vertex 71.80888366699219 -69.93956756591797 0
endloop
endfacet
facet normal 0.5209988176014004 -0.4780783038372662 0.7071077481247289
outer loop
vertex 71.80888366699219 -69.93956756591797 0
vertex 72.50885009765625 -70.65582275390625 -1
vertex 72.11770629882812 -69.60301971435547 0
endloop
endfacet
facet normal 0.5210040126834665 -0.47807491452648854 0.7071062118721748
outer loop
vertex 72.50885009765625 -70.65582275390625 -1
vertex 72.891357421875 -70.23896789550781 -1
vertex 72.11770629882812 -69.60301971435547 0
endloop
endfacet
facet normal 0.5698636858761749 -0.41863682899107824 0.7071057805816009
outer loop
vertex 72.891357421875 -70.23896789550781 -1
vertex 73.22630310058594 -69.78302764892578 -1
vertex 72.38813781738281 -69.23490142822266 0
endloop
endfacet
facet normal 0.5698615369896841 -0.41863859150541644 0.707106468901336
outer loop
vertex 72.11770629882812 -69.60301971435547 0
vertex 72.891357421875 -70.23896789550781 -1
vertex 72.38813781738281 -69.23490142822266 0
endloop
endfacet
facet normal 0.611979130362625 -0.3542359513850203 0.7071056743846388
outer loop
vertex 72.38813781738281 -69.23490142822266 0
vertex 73.22630310058594 -69.78302764892578 -1
vertex 72.6169662475586 -68.8395767211914 0
endloop
endfacet
facet normal 0.6119766193277092 -0.3542385152451785 0.7071065631947703
outer loop
vertex 73.50972747802734 -69.29338836669922 -1
vertex 72.6169662475586 -68.8395767211914 0
vertex 73.22630310058594 -69.78302764892578 -1
endloop
endfacet
facet normal 0.6468441419282088 -0.2856451069537081 0.7071064480872479
outer loop
vertex 72.6169662475586 -68.8395767211914 0
vertex 73.50972747802734 -69.29338836669922 -1
vertex 72.80148315429688 -68.42173767089844 0
endloop
endfacet
facet normal 0.6468381463593365 -0.2856527353272446 0.7071088510367274
outer loop
vertex 72.80148315429688 -68.42173767089844 0
vertex 73.50972747802734 -69.29338836669922 -1
vertex 73.61460876464844 -69.05589294433594 -1
endloop
endfacet
facet normal 0.6468418220090877 -0.2856466174348264 0.7071079601079355
outer loop
vertex 72.80148315429688 -68.42173767089844 0
vertex 73.61460876464844 -69.05589294433594 -1
vertex 73.73827362060547 -68.7758560180664 -1
endloop
endfacet
facet normal 0.674048870552829 -0.21367559935133465 0.7071073881301929
outer loop
vertex 73.73827362060547 -68.7758560180664 -1
vertex 73.90923309326172 -68.23655700683594 -1
vertex 72.93951416015625 -67.98632049560547 0
endloop
endfacet
facet normal 0.6740469373378372 -0.21367870179804366 0.7071082934483124
outer loop
vertex 72.80148315429688 -68.42173767089844 0
vertex 73.73827362060547 -68.7758560180664 -1
vertex 72.93951416015625 -67.98632049560547 0
endloop
endfacet
facet normal 0.6932767485443733 -0.13916455810979717 0.7071071882634532
outer loop
vertex 73.90923309326172 -68.23655700683594 -1
vertex 74.02057647705078 -67.68187713623047 -1
vertex 73.02941131591797 -67.53848266601562 0
endloop
endfacet
facet normal 0.6932763036314695 -0.13916548298420084 0.7071074424504812
outer loop
vertex 72.93951416015625 -67.98632049560547 0
vertex 73.90923309326172 -68.23655700683594 -1
vertex 73.02941131591797 -67.53848266601562 0
endloop
endfacet
facet normal 0.7042922147215224 -0.06302098927814541 0.7071073689285502
outer loop
vertex 74.07099914550781 -67.11837768554688 -1
vertex 73.07099914550781 -67.0737075805664 0
vertex 74.02057647705078 -67.68187713623047 -1
endloop
endfacet
facet normal 0.7042926638143194 -0.06301973621451198 0.7071070333017369
outer loop
vertex 73.02941131591797 -67.53848266601562 0
vertex 74.02057647705078 -67.68187713623047 -1
vertex 73.07099914550781 -67.0737075805664 0
endloop
endfacet
facet normal 0.7071062989319659 -0.00002158444450278345 0.7071072631113677
outer loop
vertex 73.07099914550781 -67.0737075805664 0
vertex 74.07099914550781 -67.11837768554688 -1
vertex 73.07499694824219 63.894290924072266 0
endloop
endfacet
facet normal 0.707107158560017 -0.0000215713479147178 0.7071064034838433
outer loop
vertex 73.07499694824219 63.894290924072266 0
vertex 74.07099914550781 -67.11837768554688 -1
vertex 74.07499694824219 63.92929458618164 -1
endloop
endfacet
facet normal 0.7053765616522204 0.04945685721612695 0.7071053143245317
outer loop
vertex 74.0237808227539 64.65971374511719 -1
vertex 73.03199005126953 64.50767517089844 0
vertex 73.07499694824219 63.894290924072266 0
endloop
endfacet
facet normal 0.7053751820728561 0.0494600715211394 0.7071064657042876
outer loop
vertex 73.07499694824219 63.894290924072266 0
vertex 74.07499694824219 63.92929458618164 -1
vertex 74.0237808227539 64.65971374511719 -1
endloop
endfacet
facet normal 0.6878005096113755 0.16411098385445758 0.7071053980536804
outer loop
vertex 73.03199005126953 64.50767517089844 0
vertex 74.0237808227539 64.65971374511719 -1
vertex 72.84455871582031 65.293212890625 0
endloop
endfacet
facet normal 0.687800354551802 0.16411015259777958 0.7071057418043987
outer loop
vertex 74.0237808227539 64.65971374511719 -1
vertex 73.795166015625 65.61785888671875 -1
vertex 72.84455871582031 65.293212890625 0
endloop
endfacet
facet normal 0.6445022826405652 0.2908858747271273 0.7071083478190134
outer loop
vertex 73.795166015625 65.61785888671875 -1
vertex 73.38994598388672 66.51568603515625 -1
vertex 72.51762390136719 66.01757049560547 0
endloop
endfacet
facet normal 0.6445022471210476 0.2908925386140225 0.7071056388083815
outer loop
vertex 72.84455871582031 65.293212890625 0
vertex 73.795166015625 65.61785888671875 -1
vertex 72.51762390136719 66.01757049560547 0
endloop
endfacet
facet normal 0.5780702643155988 0.40722873115538294 0.7071064488715052
outer loop
vertex 73.38994598388672 66.51568603515625 -1
vertex 72.8226547241211 67.32096862792969 -1
vertex 72.05994415283203 66.66726684570312 0
endloop
endfacet
facet normal 0.5780713233841156 0.4072233711672524 0.707108669905917
outer loop
vertex 72.51762390136719 66.01757049560547 0
vertex 73.38994598388672 66.51568603515625 -1
vertex 72.05994415283203 66.66726684570312 0
endloop
endfacet
facet normal 0.49088969930992443 0.508947415331731 0.7071066620663127
outer loop
vertex 72.5682373046875 67.56635284423828 -1
vertex 72.11366271972656 68.00479888916016 -1
vertex 71.48793029785156 67.21897888183594 0
endloop
endfacet
facet normal 0.49088482677045364 0.5089555177786375 0.7071042128068682
outer loop
vertex 72.8226547241211 67.32096862792969 -1
vertex 72.5682373046875 67.56635284423828 -1
vertex 71.48793029785156 67.21897888183594 0
endloop
endfacet
facet normal 0.49088687562505995 0.5089504591087323 0.707106431530698
outer loop
vertex 72.05994415283203 66.66726684570312 0
vertex 72.8226547241211 67.32096862792969 -1
vertex 71.48793029785156 67.21897888183594 0
endloop
endfacet
facet normal 0.3860891348922421 0.5923979644098774 0.7071066621671683
outer loop
vertex 71.48793029785156 67.21897888183594 0
vertex 72.11366271972656 68.00479888916016 -1
vertex 70.82212829589844 67.65290832519531 0
endloop
endfacet
facet normal 0.38608899453169143 0.5923981812090748 0.7071065571762772
outer loop
vertex 72.11366271972656 68.00479888916016 -1
vertex 71.28842163085938 68.54264068603516 -1
vertex 70.82212829589844 67.65290832519531 0
endloop
endfacet
facet normal 0.26742687856263825 0.6545865984525467 0.7071062506784735
outer loop
vertex 70.82212829589844 67.65290832519531 0
vertex 71.28842163085938 68.54264068603516 -1
vertex 70.08644104003906 67.9534683227539 0
endloop
endfacet
facet normal 0.2674288476987541 0.654584544456334 0.7071074073840625
outer loop
vertex 71.28842163085938 68.54264068603516 -1
vertex 70.37654876708984 68.9151840209961 -1
vertex 70.08644104003906 67.9534683227539 0
endloop
endfacet
facet normal 0.13916693153807908 0.6932758148697639 0.7071076365610404
outer loop
vertex 70.37654876708984 68.9151840209961 -1
vertex 69.31129455566406 68.10906982421875 0
vertex 70.08644104003906 67.9534683227539 0
endloop
endfacet
facet normal 0.13916863723270545 0.693274609922445 0.7071084822342844
outer loop
vertex 70.37654876708984 68.9151840209961 -1
vertex 69.41077423095703 69.10905456542969 -1
vertex 69.31129455566406 68.10906982421875 0
endloop
endfacet
facet normal 0.00014573577359283974 0.7071049195837147 0.7071086277663373
outer loop
vertex 69.41077423095703 69.10905456542969 -1
vertex 10.700927734375 69.12115478515625 -1
vertex 69.31129455566406 68.10906982421875 0
endloop
endfacet
facet normal 0.00014570509439996892 0.7071066197190086 0.7071069276421938
outer loop
vertex 10.700927734375 69.12115478515625 -1
vertex -68.86674499511719 69.1375503540039 -1
vertex -68.83183288574219 68.13754272460938 0
endloop
endfacet
facet normal 0.000145742563859024 0.7071051173783318 0.7071084299713027
outer loop
vertex 10.700927734375 69.12115478515625 -1
vertex -68.83183288574219 68.13754272460938 0
vertex 69.31129455566406 68.10906982421875 0
endloop
endfacet
facet normal -0.04945969803369772 0.7053735394533223 0.7071081304224325
outer loop
vertex -68.86674499511719 69.1375503540039 -1
vertex -69.59716796875 69.08633422851562 -1
vertex -69.44512939453125 68.09453582763672 0
endloop
endfacet
facet normal -0.049463792105302926 0.7053745595488524 0.7071068264497421
outer loop
vertex -68.86674499511719 69.1375503540039 -1
vertex -69.44512939453125 68.09453582763672 0
vertex -68.83183288574219 68.13754272460938 0
endloop
endfacet
facet normal -0.1641113749388396 0.6878000007239836 0.7071058022812227
outer loop
vertex -69.59716796875 69.08633422851562 -1
vertex -70.55530548095703 68.85771942138672 -1
vertex -70.23065948486328 67.90711212158203 0
endloop
endfacet
facet normal -0.1641055153580059 0.6877989077088515 0.7071082253683618
outer loop
vertex -69.44512939453125 68.09453582763672 0
vertex -69.59716796875 69.08633422851562 -1
vertex -70.23065948486328 67.90711212158203 0
endloop
endfacet
facet normal -0.29089179481585925 0.644503264938252 0.7071050170892167
outer loop
vertex -70.55530548095703 68.85771942138672 -1
vertex -71.45313262939453 68.4524917602539 -1
vertex -70.95502471923828 67.5801773071289 0
endloop
endfacet
facet normal -0.29088993862637924 0.6445032748283149 0.7071057716788336
outer loop
vertex -70.23065948486328 67.90711212158203 0
vertex -70.55530548095703 68.85771942138672 -1
vertex -70.95502471923828 67.5801773071289 0
endloop
endfacet
facet normal -0.4072248182142037 0.578072484197555 0.7071068875665661
outer loop
vertex -71.45313262939453 68.4524917602539 -1
vertex -72.25841522216797 67.88520812988281 -1
vertex -71.60472106933594 67.12248992919922 0
endloop
endfacet
facet normal -0.4072302246823829 0.5780714159572875 0.7071046472469775
outer loop
vertex -70.95502471923828 67.5801773071289 0
vertex -71.45313262939453 68.4524917602539 -1
vertex -71.60472106933594 67.12248992919922 0
endloop
endfacet
facet normal -0.5089470044206952 0.4908902269499914 0.7071065915236449
outer loop
vertex -72.25841522216797 67.88520812988281 -1
vertex -72.94225311279297 67.17621612548828 -1
vertex -71.60472106933594 67.12248992919922 0
endloop
endfacet
facet normal -0.5089470410324293 0.4908901262466867 0.7071066350826068
outer loop
vertex -71.60472106933594 67.12248992919922 0
vertex -72.94225311279297 67.17621612548828 -1
vertex -72.15643310546875 66.55048370361328 0
endloop
endfacet
facet normal -0.5924012963049804 0.3860845181205684 0.7071063915732819
outer loop
vertex -72.15643310546875 66.55048370361328 0
vertex -72.94225311279297 67.17621612548828 -1
vertex -72.5903549194336 65.88468170166016 0
endloop
endfacet
facet normal -0.5923962879864872 0.3860877606447073 0.7071088169865979
outer loop
vertex -72.94225311279297 67.17621612548828 -1
vertex -73.48009490966797 66.3509750366211 -1
vertex -72.5903549194336 65.88468170166016 0
endloop
endfacet
facet normal -0.6545827174993089 0.26742930797377107 0.7071089245568111
outer loop
vertex -72.5903549194336 65.88468170166016 0
vertex -73.48009490966797 66.3509750366211 -1
vertex -72.89092254638672 65.14898681640625 0
endloop
endfacet
facet normal -0.6545836000711888 0.26742846187260944 0.7071084275401419
outer loop
vertex -73.48009490966797 66.3509750366211 -1
vertex -73.8526382446289 65.43910217285156 -1
vertex -72.89092254638672 65.14898681640625 0
endloop
endfacet
facet normal -0.6932774778322621 0.13916373620872594 0.7071066349957166
outer loop
vertex -73.8526382446289 65.43910217285156 -1
vertex -74.04650115966797 64.47332763671875 -1
vertex -73.04652404785156 64.37384033203125 0
endloop
endfacet
facet normal -0.6932752943735919 0.13916682705462016 0.7071081674388713
outer loop
vertex -73.8526382446289 65.43910217285156 -1
vertex -73.04652404785156 64.37384033203125 0
vertex -72.89092254638672 65.14898681640625 0
endloop
endfacet
facet normal -0.7071072369252204 0.0001533491570535847 0.7071063088192725
outer loop
vertex -74.04650115966797 64.47332763671875 -1
vertex -74.05860137939453 8.678088188171387 -1
vertex -73.04652404785156 64.37384033203125 0
endloop
endfacet
facet normal -0.7071080347437879 0.00015337797937470254 0.7071055109925063
outer loop
vertex -74.05860137939453 8.678088188171387 -1
vertex -73.07499694824219 -66.89282989501953 0
vertex -73.04652404785156 64.37384033203125 0
endloop
endfacet
facet normal -0.7071090771290701 0.00015335061859306982 0.7071044686079013
outer loop
vertex -74.05860137939453 8.678088188171387 -1
vertex -74.07499694824219 -66.92288208007812 -1
vertex -73.07499694824219 -66.89282989501953 0
endloop
endfacet
facet normal -0.7058215227331938 -0.04260840562233423 0.7071071360246044
outer loop
vertex -74.07499694824219 -66.92288208007812 -1
vertex -74.03633117675781 -67.56339263916016 -1
vertex -73.04161071777344 -67.44576263427734 -1.2710017933958984e-11
endloop
endfacet
facet normal -0.7058236680413515 -0.042617826703741236 0.7071044268562474
outer loop
vertex -74.07499694824219 -66.92288208007812 -1
vertex -73.04161071777344 -67.44576263427734 -1.2710017933958984e-11
vertex -73.07499694824219 -66.89282989501953 0
endloop
endfacet
facet normal -0.6962931857306093 -0.12319106637159327 0.7071066119556153
outer loop
vertex -74.03633117675781 -67.56339263916016 -1
vertex -73.9377670288086 -68.12049102783203 -1
vertex -72.96255493164062 -67.89260864257812 -1.2404115061481757e-11
endloop
endfacet
facet normal -0.6962929413214313 -0.12318782048428896 0.707107418112892
outer loop
vertex -73.04161071777344 -67.44576263427734 -1.2710017933958984e-11
vertex -74.03633117675781 -67.56339263916016 -1
vertex -72.96255493164062 -67.89260864257812 -1.2404115061481757e-11
endloop
endfacet
facet normal -0.6787833674638267 -0.19812414721626298 0.7071067545599434
outer loop
vertex -72.96255493164062 -67.89260864257812 -1.2404115061481757e-11
vertex -73.9377670288086 -68.12049102783203 -1
vertex -72.8345718383789 -68.33108520507812 -8.167820586546526e-12
endloop
endfacet
facet normal -0.6787873790114893 -0.19811181156086344 0.7071063599026569
outer loop
vertex -73.86836242675781 -68.3582534790039 -1
vertex -73.77925109863281 -68.66357421875 -1
vertex -72.8345718383789 -68.33108520507812 -8.167820586546526e-12
endloop
endfacet
facet normal -0.678782776352354 -0.1981416671953974 0.7071024128430186
outer loop
vertex -73.9377670288086 -68.12049102783203 -1
vertex -73.86836242675781 -68.3582534790039 -1
vertex -72.8345718383789 -68.33108520507812 -8.167820586546526e-12
endloop
endfacet
facet normal -0.6532406136209855 -0.27070232446387676 0.7071046260956947
outer loop
vertex -72.8345718383789 -68.33108520507812 -8.167820586546526e-12
vertex -73.56300354003906 -69.18539428710938 -1
vertex -72.65970611572266 -68.75305938720703 -3.6315690038479786e-12
endloop
endfacet
facet normal -0.6532364714953742 -0.27070785642530104 0.7071063348449735
outer loop
vertex -73.77925109863281 -68.66357421875 -1
vertex -73.56300354003906 -69.18539428710938 -1
vertex -72.8345718383789 -68.33108520507812 -8.167820586546526e-12
endloop
endfacet
facet normal -0.6203209305254864 -0.3394490966127673 0.7070899900018178
outer loop
vertex -73.56300354003906 -69.18539428710938 -1
vertex -73.5145034790039 -69.2740249633789 -1
vertex -72.65970611572266 -68.75305938720703 -3.6315690038479786e-12
endloop
endfacet
facet normal -0.6199519393258678 -0.34008717861324134 0.7071069960543317
outer loop
vertex -72.65970611572266 -68.75305938720703 -3.6315690038479786e-12
vertex -73.5145034790039 -69.2740249633789 -1
vertex -72.44001770019531 -69.15353393554688 -3.8704131045952384e-13
endloop
endfacet
facet normal -0.6199530004336047 -0.3400837361228842 0.7071077214103034
outer loop
vertex -73.5145034790039 -69.2740249633789 -1
vertex -73.29056549072266 -69.6822509765625 -1
vertex -72.44001770019531 -69.15353393554688 -3.8704131045952384e-13
endloop
endfacet
facet normal -0.5793364004775167 -0.40542295820360963 0.7071078843028047
outer loop
vertex -73.29056549072266 -69.6822509765625 -1
vertex -72.96619415283203 -70.14576721191406 -1
vertex -72.1781234741211 -69.52777099609375 -4.124965749833717e-14
endloop
endfacet
facet normal -0.5793359526584752 -0.40542414676007965 0.7071075697382674
outer loop
vertex -72.44001770019531 -69.15353393554688 -3.8704131045952384e-13
vertex -73.29056549072266 -69.6822509765625 -1
vertex -72.1781234741211 -69.52777099609375 -4.124965749833717e-14
endloop
endfacet
facet normal -0.5318544874682801 -0.46597341579016865 0.7071064841568739
outer loop
vertex -72.96619415283203 -70.14576721191406 -1
vertex -72.59336853027344 -70.57130432128906 -1
vertex -71.87969207763672 -69.86840057373047 -4.711263321198304e-15
endloop
endfacet
facet normal -0.5318568139139899 -0.46596884747141437 0.7071077447457504
outer loop
vertex -72.1781234741211 -69.52777099609375 -4.124965749833717e-14
vertex -72.96619415283203 -70.14576721191406 -1
vertex -71.87969207763672 -69.86840057373047 -4.711263321198304e-15
endloop
endfacet
facet normal -0.47400517538294423 -0.5247091486527818 0.7071063590650682
outer loop
vertex -71.87969207763672 -69.86840057373047 -4.711263321198304e-15
vertex -72.59336853027344 -70.57130432128906 -1
vertex -71.0735855102539 -70.59661102294922 -2.909294534813689e-16
endloop
endfacet
facet normal -0.4740050048156296 -0.5247096698482183 0.7071060866500223
outer loop
vertex -72.59336853027344 -70.57130432128906 -1
vertex -71.69087219238281 -71.38658905029297 -1
vertex -71.0735855102539 -70.59661102294922 -2.909294534813689e-16
endloop
endfacet
facet normal -0.39453696177917696 -0.5868060189657509 0.7071062734098906
outer loop
vertex -71.0735855102539 -70.59661102294922 -2.909294534813689e-16
vertex -71.69087219238281 -71.38658905029297 -1
vertex -70.65538787841797 -70.8777847290039 -5.108200271517529e-17
endloop
endfacet
facet normal -0.394537789547027 -0.5868050336599767 0.7071066292226791
outer loop
vertex -71.69087219238281 -71.38658905029297 -1
vertex -71.12427520751953 -71.76753997802734 -1
vertex -70.65538787841797 -70.8777847290039 -5.108200271517529e-17
endloop
endfacet
facet normal -0.261019621498794 -0.6571672233302105 0.7071067796118826
outer loop
vertex -70.65538787841797 -70.8777847290039 -5.108200271517529e-17
vertex -71.12427520751953 -71.76753997802734 -1
vertex -70.21080780029297 -71.05436706542969 -8.617322776116127e-18
endloop
endfacet
facet normal -0.26102436887864217 -0.6571635162596237 0.7071084724063161
outer loop
vertex -70.48973846435547 -72.01957702636719 -1
vertex -70.21080780029297 -71.05436706542969 -8.617322776116127e-18
vertex -71.12427520751953 -71.76753997802734 -1
endloop
endfacet
facet normal -0.12975404074253782 -0.695098393907911 0.7071082743806825
outer loop
vertex -70.21080780029297 -71.05436706542969 -8.617322776116127e-18
vertex -70.48973846435547 -72.01957702636719 -1
vertex -69.84828186035156 -71.12203979492188 -1.7286801978190712e-18
endloop
endfacet
facet normal -0.12975652081676206 -0.6950973059522905 0.7071088887599964
outer loop
vertex -69.94081115722656 -72.1220474243164 -1
vertex -69.84828186035156 -71.12203979492188 -1.7286801978190712e-18
vertex -70.48973846435547 -72.01957702636719 -1
endloop
endfacet
facet normal 0.000013412568212190964 -0.7071081574979422 0.7071054047452674
outer loop
vertex -69.84828186035156 -71.12203979492188 -1.7286801978190712e-18
vertex -61.61357498168945 -71.38890075683594 -0.26701819896698
vertex -60.99943542480469 -71.12187194824219 -1.6187467570374316e-18
endloop
endfacet
facet normal 0.000014071578564685567 -0.7070662326827578 0.7071473272252415
outer loop
vertex 55.36043167114258 -72.11963653564453 -1
vertex -57.94706726074219 -71.44196319580078 -0.32014966011047363
vertex -57.227420806884766 -71.47795867919922 -0.3561553359031677
endloop
endfacet
facet normal 0.000014534276965777299 -0.7071167651067303 0.7070967969760208
outer loop
vertex 69.24730682373047 -71.11937713623047 -6.281560801191088e-22
vertex 63.96397399902344 -71.52457427978516 -0.4050999879837036
vertex 64.36042785644531 -71.55471801757812 -0.43525272607803345
endloop
endfacet
facet normal 0.000012998197182339235 -0.7071067495813087 0.7071068126723169
outer loop
vertex 63.230926513671875 -71.4753189086914 -0.3558311462402344
vertex 63.96397399902344 -71.52457427978516 -0.4050999879837036
vertex 69.24730682373047 -71.11937713623047 -6.281560801191088e-22
endloop
endfacet
facet normal 0.00000942488126729246 -0.7071285600240956 0.7070850016153789
outer loop
vertex -69.84828186035156 -71.12203979492188 -1.7286801978190712e-18
vertex -65.09943389892578 -71.5574722290039 -0.43552255630493164
vertex -64.69945526123047 -71.52704620361328 -0.4050999879837036
endloop
endfacet
facet normal 0.00001325493543227198 -0.7071076771079782 0.7071058851397477
outer loop
vertex -69.84828186035156 -71.12203979492188 -1.7286801978190712e-18
vertex -65.09943389892578 -72.1219482421875 -1
vertex -65.09943389892578 -71.5574722290039 -0.43552255630493164
endloop
endfacet
facet normal 0.000015345306547401175 -0.70708901812136 0.7071245436390201
outer loop
vertex -69.84828186035156 -71.12203979492188 -1.7286801978190712e-18
vertex -63.97153854370117 -71.47810363769531 -0.35617348551750183
vertex -63.2515869140625 -71.44206237792969 -0.32014966011047363
endloop
endfacet
facet normal 0.000008773620727099236 -0.707156734983423 0.7070568238059854
outer loop
vertex -69.84828186035156 -71.12203979492188 -1.7286801978190712e-18
vertex -63.2515869140625 -71.44206237792969 -0.32014966011047363
vertex -62.70344924926758 -71.41818237304688 -0.2962730824947357
endloop
endfacet
facet normal 0.00001448599254109011 -0.7071047539082315 0.7071088083106696
outer loop
vertex -69.84828186035156 -71.12203979492188 -1.7286801978190712e-18
vertex -69.94081115722656 -72.1220474243164 -1
vertex -65.09943389892578 -72.1219482421875 -1
endloop
endfacet
facet normal 0.000014204088466556651 -0.707104654175554 0.7071089080484803
outer loop
vertex 64.36042785644531 -71.55471801757812 -0.43525272607803345
vertex 64.36042785644531 -72.11946868896484 -1
vertex 69.29788970947266 -72.11936950683594 -1
endloop
endfacet
facet normal 0.000015603208709810437 -0.7070743676598961 0.7071391930552979
outer loop
vertex -69.84828186035156 -71.12203979492188 -1.7286801978190712e-18
vertex -62.70344924926758 -71.41818237304688 -0.2962730824947357
vertex -61.61357498168945 -71.38890075683594 -0.26701819896698
endloop
endfacet
facet normal 0.000014335856705264932 -0.7070973473664354 0.7071162147354803
outer loop
vertex -69.84828186035156 -71.12203979492188 -1.7286801978190712e-18
vertex -64.69945526123047 -71.52704620361328 -0.4050999879837036
vertex -63.97153854370117 -71.47810363769531 -0.35617348551750183
endloop
endfacet
facet normal 0.00000864108051121862 -0.707102670443248 0.7071108918531512
outer loop
vertex -60.99943542480469 -71.12187194824219 -1.6187467570374316e-18
vertex -61.61357498168945 -71.38890075683594 -0.26701819896698
vertex -60.99943542480469 -71.3833236694336 -0.2614486813545227
endloop
endfacet
facet normal 0.00001354968701911759 -0.7071719227085496 0.7070416335330608
outer loop
vertex 57.20332336425781 -71.43975067138672 -0.32014966011047363
vertex 57.75735092163086 -71.41561126708984 -0.2960164248943329
vertex -60.19943618774414 -71.38330841064453 -0.26144710183143616
endloop
endfacet
facet normal 0.00001361188510222027 -0.707108508004685 0.7071050542331774
outer loop
vertex 56.48984909057617 -71.4754638671875 -0.3558492958545685
vertex 57.20332336425781 -71.43975067138672 -0.32014966011047363
vertex -60.19943618774414 -71.38330841064453 -0.26144710183143616
endloop
endfacet
facet normal 0.000013680752065461352 -0.7070654314292902 0.707148128393584
outer loop
vertex 55.757110595703125 -71.52473449707031 -0.4050999879837036
vertex 56.48984909057617 -71.4754638671875 -0.3558492958545685
vertex -60.19943618774414 -71.38330841064453 -0.26144710183143616
endloop
endfacet
facet normal 0.00001344171209612635 -0.7071626604978706 0.7070508973312274
outer loop
vertex 55.36043167114258 -71.5549087524414 -0.4352714717388153
vertex 55.757110595703125 -71.52473449707031 -0.4050999879837036
vertex -60.19943618774414 -71.38330841064453 -0.26144710183143616
endloop
endfacet
facet normal 0.000013607355770667379 -0.7071072475715582 0.7071063146703012
outer loop
vertex 55.36043167114258 -72.11963653564453 -1
vertex 55.36043167114258 -71.5549087524414 -0.4352714717388153
vertex -60.19943618774414 -71.38330841064453 -0.26144710183143616
endloop
endfacet
facet normal 0.000013176794594404948 -0.7071091452683839 0.7071044169740334
outer loop
vertex 69.24730682373047 -71.11937713623047 -6.281560801191088e-22
vertex 64.36042785644531 -71.55471801757812 -0.43525272607803345
vertex 69.29788970947266 -72.11936950683594 -1
endloop
endfacet
facet normal 0.000013610590843937353 -0.7070644953818264 0.7071490643316973
outer loop
vertex 57.75735092163086 -71.41561126708984 -0.2960164248943329
vertex 58.846744537353516 -71.38634490966797 -0.2667745351791382
vertex -60.19943618774414 -71.38330841064453 -0.26144710183143616
endloop
endfacet
facet normal 0.000013607463914946943 -0.707109003439896 0.7071045587952846
outer loop
vertex 58.846744537353516 -71.38634490966797 -0.2667745351791382
vertex 59.46043014526367 -71.11956024169922 -1.2221530219455335e-19
vertex -60.19943618774414 -71.38330841064453 -0.26144710183143616
endloop
endfacet
facet normal 0.000013189096155372871 -0.7071076953112047 0.7071058669377057
outer loop
vertex 69.24730682373047 -71.11937713623047 -6.281560801191088e-22
vertex 61.96347427368164 -71.41551971435547 -0.2960074841976166
vertex 62.517757415771484 -71.43965148925781 -0.32014966011047363
endloop
endfacet
facet normal 0.000014641920651436068 -0.7071255657383069 0.7070879959841586
outer loop
vertex 69.24730682373047 -71.11937713623047 -6.281560801191088e-22
vertex 60.874107360839844 -71.38630676269531 -0.2667704224586487
vertex 61.96347427368164 -71.41551971435547 -0.2960074841976166
endloop
endfacet
facet normal 0.000013206466774415937 -0.7071030452115556 0.7071105170184742
outer loop
vertex 60.26042938232422 -71.11954498291016 -1.1227652033957559e-19
vertex 60.874107360839844 -71.38630676269531 -0.2667704224586487
vertex 69.24730682373047 -71.11937713623047 -6.281560801191088e-22
endloop
endfacet
facet normal 0.000010028609452085308 -0.7071067004740512 0.7071068618279187
outer loop
vertex 60.26042938232422 -71.38075256347656 -0.2612075209617615
vertex 60.874107360839844 -71.38630676269531 -0.2667704224586487
vertex 60.26042938232422 -71.11954498291016 -1.1227652033957559e-19
endloop
endfacet
facet normal 0.000013499020709430709 -0.7071088787128249 0.7071046835251963
outer loop
vertex 59.46043014526367 -71.11956024169922 -1.2221530219455335e-19
vertex 58.846744537353516 -71.38634490966797 -0.2667745351791382
vertex 59.46043014526367 -71.38076782226562 -0.2612091302871704
endloop
endfacet
facet normal 0.000013600717585247947 -0.7071050825451961 0.7071084796930186
outer loop
vertex -56.09943771362305 -71.55728149414062 -0.4355038106441498
vertex -56.09943771362305 -72.12178039550781 -1
vertex 55.36043167114258 -72.11963653564453 -1
endloop
endfacet
facet normal 0.000013503502816291627 -0.7071146982765971 0.7070988638789151
outer loop
vertex -56.49919509887695 -71.52688598632812 -0.4050999879837036
vertex -56.09943771362305 -71.55728149414062 -0.4355038106441498
vertex 55.36043167114258 -72.11963653564453 -1
endloop
endfacet
facet normal 0.000010969138107095255 -0.7073139268108863 0.706899574776391
outer loop
vertex -60.19943618774414 -71.38330841064453 -0.26144710183143616
vertex -59.58530807495117 -71.38886260986328 -0.2670140862464905
vertex 55.36043167114258 -72.11963653564453 -1
endloop
endfacet
facet normal 0.000013437300522238107 -0.7071201378638662 0.707093424129249
outer loop
vertex 55.36043167114258 -72.11963653564453 -1
vertex -59.58530807495117 -71.38886260986328 -0.2670140862464905
vertex -58.49545669555664 -71.4180908203125 -0.296264111995697
endloop
endfacet
facet normal 0.000013043533344847023 -0.707152039552281 0.7070615198035567
outer loop
vertex -58.49545669555664 -71.4180908203125 -0.296264111995697
vertex -57.94706726074219 -71.44196319580078 -0.32014966011047363
vertex 55.36043167114258 -72.11963653564453 -1
endloop
endfacet
facet normal 0.000013570292896077242 -0.7071005344154936 0.7071130277722019
outer loop
vertex -60.19943618774414 -71.12185668945312 -1.6088079751824538e-18
vertex -60.19943618774414 -71.38330841064453 -0.26144710183143616
vertex 59.46043014526367 -71.11956024169922 -1.2221530219455335e-19
endloop
endfacet
facet normal 0.000013308416666571485 -0.7071330721468143 0.7070804891234762
outer loop
vertex 55.36043167114258 -72.11963653564453 -1
vertex -57.227420806884766 -71.47795867919922 -0.3561553359031677
vertex -56.49919509887695 -71.52688598632812 -0.4050999879837036
endloop
endfacet
facet normal 0.000013514049369943158 -0.707111109890605 0.7071024523268514
outer loop
vertex 69.24730682373047 -71.11937713623047 -6.281560801191088e-22
vertex 62.517757415771484 -71.43965148925781 -0.32014966011047363
vertex 63.230926513671875 -71.4753189086914 -0.3558311462402344
endloop
endfacet
facet normal 0.07131745716741682 -0.7034999277441183 0.7071079634448999
outer loop
vertex 69.36319732666016 -71.10762023925781 0
vertex 69.29788970947266 -72.11936950683594 -1
vertex 69.50093841552734 -72.09878540039062 -1
endloop
endfacet
facet normal 0.0713687943164613 -0.7034990173050273 0.7071036896019391
outer loop
vertex 69.36319732666016 -71.10762023925781 0
vertex 69.24730682373047 -71.11937713623047 -6.281560801191088e-22
vertex 69.29788970947266 -72.11936950683594 -1
endloop
endfacet
facet normal 0.16628450151519442 -0.6338418990425942 -0.7553766686719423
outer loop
vertex 69.29788970947266 -72.11936950683594 -17.949399948120117
vertex 69.29788970947266 -71.94549560546875 -18.095298767089844
vertex 69.50093841552734 -72.09878540039062 -17.921974182128906
endloop
endfacet
facet normal 0.18541703523250522 -0.6181418396382719 -0.7638855864160554
outer loop
vertex 69.16631317138672 -70.87442016601562 -18.99395179748535
vertex 71.123779296875 -71.45123291015625 -18.05205726623535
vertex 71.17153930664062 -71.59890747070312 -17.92096519470215
endloop
endfacet
facet normal 0.18541873391096736 -0.618138635377543 -0.7638877669975105
outer loop
vertex 70.05803680419922 -72.00021362304688 -17.86651039123535
vertex 69.16631317138672 -70.87442016601562 -18.99395179748535
vertex 70.60112762451172 -71.8416976928711 -17.862957000732422
endloop
endfacet
facet normal 0.18540682602589947 -0.6181563619009752 -0.7638763127001337
outer loop
vertex 71.123779296875 -71.62510681152344 -17.91135597229004
vertex 69.16631317138672 -70.87442016601562 -18.99395179748535
vertex 71.17153930664062 -71.59890747070312 -17.92096519470215
endloop
endfacet
facet normal 0.18542196098440814 -0.6181357051009784 -0.7638893548571106
outer loop
vertex 69.16631317138672 -70.87442016601562 -18.99395179748535
vertex 71.123779296875 -71.62510681152344 -17.91135597229004
vertex 70.60112762451172 -71.8416976928711 -17.862957000732422
endloop
endfacet
facet normal 0.18540341933696017 -0.6181417197527121 -0.7638889882694493
outer loop
vertex 69.29788970947266 -71.94549560546875 -18.095298767089844
vertex 69.16631317138672 -70.87442016601562 -18.99395179748535
vertex 69.50093841552734 -72.09878540039062 -17.921974182128906
endloop
endfacet
facet normal 0.18542315364826722 -0.6181361081818856 -0.7638887391844988
outer loop
vertex 69.50093841552734 -72.09878540039062 -17.921974182128906
vertex 69.16631317138672 -70.87442016601562 -18.99395179748535
vertex 70.05803680419922 -72.00021362304688 -17.86651039123535
endloop
endfacet
facet normal 0.1854192148200008 -0.6181382811705554 -0.7638879368906448
outer loop
vertex 69.16631317138672 -70.87442016601562 -18.99395179748535
vertex 70.7239990234375 -70.4527587890625 -18.957061767578125
vertex 71.123779296875 -71.45123291015625 -18.05205726623535
endloop
endfacet
facet normal 0.37431099103413507 -0.5360187553171597 -0.7566869735493578
outer loop
vertex 70.7239990234375 -70.4527587890625 -18.957061767578125
vertex 72.08332061767578 -70.85476684570312 -17.9998722076416
vertex 72.15696716308594 -70.964111328125 -17.885984420776367
endloop
endfacet
facet normal 0.37433142203435016 -0.5359850205101676 -0.7567007626971551
outer loop
vertex 71.61979675292969 -71.35301971435547 -17.876249313354492
vertex 70.7239990234375 -70.4527587890625 -18.957061767578125
vertex 72.08332061767578 -71.02864074707031 -17.876712799072266
endloop
endfacet
facet normal 0.37433193640931167 -0.5359832107249826 -0.7567017901425859
outer loop
vertex 70.7239990234375 -70.4527587890625 -18.957061767578125
vertex 71.42171478271484 -70.01904296875 -18.919116973876953
vertex 72.08332061767578 -70.85476684570312 -17.9998722076416
endloop
endfacet
facet normal 0.37389225428874967 -0.5451593027080943 -0.7503372020989638
outer loop
vertex 71.17153930664062 -71.59890747070312 -17.92096519470215
vertex 71.123779296875 -71.45123291015625 -18.05205726623535
vertex 71.61979675292969 -71.35301971435547 -17.876249313354492
endloop
endfacet
facet normal 0.3743312330947798 -0.5359851827552476 -0.7567007412422466
outer loop
vertex 71.61979675292969 -71.35301971435547 -17.876249313354492
vertex 71.123779296875 -71.45123291015625 -18.05205726623535
vertex 70.7239990234375 -70.4527587890625 -18.957061767578125
endloop
endfacet
facet normal 0.37434760708361553 -0.5359621654797181 -0.7567089442084467
outer loop
vertex 72.08332061767578 -71.02864074707031 -17.876712799072266
vertex 70.7239990234375 -70.4527587890625 -18.957061767578125
vertex 72.15696716308594 -70.964111328125 -17.885984420776367
endloop
endfacet
facet normal 0.5470789212905249 -0.38466700039710994 -0.7434621393756949
outer loop
vertex 73.22630310058594 -69.78302764892578 -17.713315963745117
vertex 72.60660552978516 -68.57760620117188 -18.793006896972656
vertex 73.50972747802734 -69.11951446533203 -17.848058700561523
endloop
endfacet
facet normal 0.5470799601504232 -0.3846661675717204 -0.7434618058296584
outer loop
vertex 71.42171478271484 -70.01904296875 -18.919116973876953
vertex 72.60660552978516 -68.57760620117188 -18.793006896972656
vertex 73.22630310058594 -69.78302764892578 -17.713315963745117
endloop
endfacet
facet normal 0.5470702681444409 -0.3846750937382224 -0.7434643192311648
outer loop
vertex 73.50972747802734 -69.11951446533203 -17.848058700561523
vertex 73.5673599243164 -69.16288757324219 -17.7832088470459
vertex 73.50972747802734 -69.29338836669922 -17.758094787597656
endloop
endfacet
facet normal 0.5470888813756521 -0.3846695035217356 -0.7434535149795709
outer loop
vertex 73.22630310058594 -69.78302764892578 -17.713315963745117
vertex 73.50972747802734 -69.11951446533203 -17.848058700561523
vertex 73.50972747802734 -69.29338836669922 -17.758094787597656
endloop
endfacet
facet normal 0.5488952118982122 -0.3966585057378596 -0.7357826283495861
outer loop
vertex 72.15696716308594 -70.964111328125 -17.885984420776367
vertex 72.08332061767578 -70.85476684570312 -17.9998722076416
vertex 72.50885009765625 -70.65582275390625 -17.789676666259766
endloop
endfacet
facet normal 0.5470803928727419 -0.3846631643416439 -0.7434630412689521
outer loop
vertex 72.891357421875 -70.23896789550781 -17.723886489868164
vertex 71.42171478271484 -70.01904296875 -18.919116973876953
vertex 73.22630310058594 -69.78302764892578 -17.713315963745117
endloop
endfacet
facet normal 0.5470797386714004 -0.38466499753326006 -0.7434625741810877
outer loop
vertex 72.50885009765625 -70.65582275390625 -17.789676666259766
vertex 71.42171478271484 -70.01904296875 -18.919116973876953
vertex 72.891357421875 -70.23896789550781 -17.723886489868164
endloop
endfacet
facet normal 0.5470808332513256 -0.3846632781121731 -0.7434626583501234
outer loop
vertex 72.08332061767578 -70.85476684570312 -17.9998722076416
vertex 71.42171478271484 -70.01904296875 -18.919116973876953
vertex 72.50885009765625 -70.65582275390625 -17.789676666259766
endloop
endfacet
facet normal 0.684837631136588 -0.11375468509258162 -0.719761968013533
outer loop
vertex 73.73827362060547 -68.7758560180664 -17.68491554260254
vertex 73.50972747802734 -69.11951446533203 -17.848058700561523
vertex 73.90923309326172 -68.23655700683594 -17.607484817504883
endloop
endfacet
facet normal 0.6848414870062782 -0.11375747645148307 -0.7197578580511782
outer loop
vertex 74.02057647705078 -67.68187713623047 -17.589204788208008
vertex 74.07100677490234 -66.94450378417969 -17.65776252746582
vertex 74.07099914550781 -67.11837768554688 -17.63028907775879
endloop
endfacet
facet normal 0.6848398004855887 -0.1137571140553527 -0.7197595200291945
outer loop
vertex 72.60660552978516 -68.57760620117188 -18.793006896972656
vertex 73.0823745727539 -66.73394775390625 -18.6317081451416
vertex 74.02057647705078 -67.68187713623047 -17.589204788208008
endloop
endfacet
facet normal 0.684838181110422 -0.11375509412615728 -0.7197613800793413
outer loop
vertex 73.50972747802734 -69.11951446533203 -17.848058700561523
vertex 72.60660552978516 -68.57760620117188 -18.793006896972656
vertex 73.90923309326172 -68.23655700683594 -17.607484817504883
endloop
endfacet
facet normal 0.6848378648103624 -0.11375009170225375 -0.7197624716249889
outer loop
vertex 73.90923309326172 -68.23655700683594 -17.607484817504883
vertex 72.60660552978516 -68.57760620117188 -18.793006896972656
vertex 74.02057647705078 -67.68187713623047 -17.589204788208008
endloop
endfacet
facet normal 0.6848395697027245 -0.11375751438054699 -0.7197596763443664
outer loop
vertex 74.02057647705078 -67.68187713623047 -17.589204788208008
vertex 73.0823745727539 -66.73394775390625 -18.6317081451416
vertex 74.07100677490234 -66.94450378417969 -17.65776252746582
endloop
endfacet
facet normal 0.6969896563269479 -0.1286305286224969 -0.7054499316603128
outer loop
vertex 73.5673599243164 -69.16288757324219 -17.7832088470459
vertex 73.50972747802734 -69.11951446533203 -17.848058700561523
vertex 73.73827362060547 -68.7758560180664 -17.68491554260254
endloop
endfacet
facet normal 0.7071069588328125 0.061879193961671755 -0.7043938629239079
outer loop
vertex 74.07499694824219 63.92929458618164 -6.156706809997559
vertex 73.0352554321289 64.75751495361328 -7.1276960372924805
vertex 74.0237808227539 64.65971374511719 -6.143954753875732
endloop
endfacet
facet normal 0.7071078314481641 0.061879772903048906 -0.7043929360876228
outer loop
vertex 74.07100677490234 -66.94450378417969 -17.65776252746582
vertex 73.0823745727539 -66.73394775390625 -18.6317081451416
vertex 74.07499694824219 63.92929458618164 -6.156706809997559
endloop
endfacet
facet normal 0.7071068880255683 0.061866910353296924 -0.704395012979318
outer loop
vertex 73.0352554321289 64.75751495361328 -7.1276960372924805
vertex 73.98284912109375 64.8312759399414 -6.169975757598877
vertex 74.0237808227539 64.65971374511719 -6.143954753875732
endloop
endfacet
facet normal 0.7071071963670879 0.061879838048896144 -0.704393567892921
outer loop
vertex 74.07499694824219 63.92929458618164 -6.156706809997559
vertex 73.0823745727539 -66.73394775390625 -18.6317081451416
vertex 73.0352554321289 64.75751495361328 -7.1276960372924805
endloop
endfacet
facet normal 0.6694277659809503 0.288507402047603 -0.6845655155626061
outer loop
vertex 73.0352554321289 64.75751495361328 -7.1276960372924805
vertex 73.38994598388672 66.51568603515625 -6.03987455368042
vertex 73.795166015625 65.61785888671875 -6.022000789642334
endloop
endfacet
facet normal 0.669405136079269 0.28852188293999737 -0.6845815414218044
outer loop
vertex 73.38994598388672 66.51568603515625 -6.03987455368042
vertex 73.0352554321289 64.75751495361328 -7.1276960372924805
vertex 73.29737854003906 66.64707946777344 -6.075013160705566
endloop
endfacet
facet normal 0.6694284809445226 0.28850896093343265 -0.684564159419276
outer loop
vertex 73.0352554321289 64.75751495361328 -7.1276960372924805
vertex 72.51507568359375 66.28068542480469 -6.994435787200928
vertex 73.29737854003906 66.64707946777344 -6.075013160705566
endloop
endfacet
facet normal 0.6694246223521482 0.28851176586697397 -0.6845667505400799
outer loop
vertex 73.98284912109375 64.8312759399414 -6.169975757598877
vertex 73.0352554321289 64.75751495361328 -7.1276960372924805
vertex 73.795166015625 65.61785888671875 -6.022000789642334
endloop
endfacet
facet normal 0.5377636830862951 0.5190248432011781 -0.6643970449162571
outer loop
vertex 73.29737854003906 66.64707946777344 -6.075013160705566
vertex 72.51507568359375 66.28068542480469 -6.994435787200928
vertex 72.8226547241211 67.32096862792969 -5.932815074920654
endloop
endfacet
facet normal 0.537758133173896 0.5190283069633513 -0.6643988311068012
outer loop
vertex 72.8226547241211 67.32096862792969 -5.932815074920654
vertex 72.51507568359375 66.28068542480469 -6.994435787200928
vertex 72.11366271972656 68.00479888916016 -5.972458362579346
endloop
endfacet
facet normal 0.5377622537351057 0.5190267905364011 -0.6643966805781187
outer loop
vertex 72.51507568359375 66.28068542480469 -6.994435787200928
vertex 71.51719665527344 67.44497680664062 -6.892573833465576
vertex 72.0208740234375 68.06527709960938 -6.000319004058838
endloop
endfacet
facet normal 0.5377795053183919 0.5190246993845924 -0.6643843504239388
outer loop
vertex 72.51507568359375 66.28068542480469 -6.994435787200928
vertex 72.0208740234375 68.06527709960938 -6.000319004058838
vertex 72.11366271972656 68.00479888916016 -5.972458362579346
endloop
endfacet
facet normal 0.26830503471983685 0.7133686096727617 -0.6473929526010753
outer loop
vertex 71.28842163085938 68.54264068603516 -5.777860641479492
vertex 71.51719665527344 67.44497680664062 -6.892573833465576
vertex 70.37654876708984 68.9151840209961 -5.745267391204834
endloop
endfacet
facet normal 0.2683206624354724 0.7133792314524234 -0.647374771089003
outer loop
vertex 71.51719665527344 67.44497680664062 -6.892573833465576
vertex 69.37290954589844 69.10906219482422 -5.947576522827148
vertex 69.41077423095703 69.10905456542969 -5.931890964508057
endloop
endfacet
facet normal 0.2683016071016431 0.7133689533259383 -0.6473939944557185
outer loop
vertex 72.0208740234375 68.06527709960938 -6.000319004058838
vertex 71.51719665527344 67.44497680664062 -6.892573833465576
vertex 71.28842163085938 68.54264068603516 -5.777860641479492
endloop
endfacet
facet normal 0.2683018269798583 0.7133670293737705 -0.6473960233440672
outer loop
vertex 71.51719665527344 67.44497680664062 -6.892573833465576
vertex 69.21601867675781 68.3851089477539 -6.8103227615356445
vertex 69.37290954589844 69.10906219482422 -5.947576522827148
endloop
endfacet
facet normal 0.2683029089046818 0.7133680925600149 -0.6473944034285221
outer loop
vertex 71.51719665527344 67.44497680664062 -6.892573833465576
vertex 69.41077423095703 69.10905456542969 -5.931890964508057
vertex 70.37654876708984 68.9151840209961 -5.745267391204834
endloop
endfacet
facet normal -0.00011622267940781943 0.7660435219061886 -0.6427886970364768
outer loop
vertex -61.580223083496094 68.94075775146484 -6.124519348144531
vertex -68.86674499511719 69.1375503540039 -5.888674259185791
vertex -61.59941482543945 69.13605499267578 -5.891770362854004
endloop
endfacet
facet normal -0.00011603431454526555 0.7660293051562679 -0.6428056395037642
outer loop
vertex -59.97122573852539 68.3639907836914 -6.812170028686523
vertex -59.892330169677734 68.42874145507812 -6.735021114349365
vertex 59.17823791503906 68.38346862792969 -6.810466289520264
endloop
endfacet
facet normal -0.00011634346928874988 0.76604713925474 -0.6427843860143356
outer loop
vertex -61.5233154296875 68.75316619873047 -6.348094463348389
vertex -69.38359069824219 68.36245727539062 -6.812304496765137
vertex -61.580223083496094 68.94075775146484 -6.124519348144531
endloop
endfacet
facet normal -0.00011539964238782192 0.7660392799279229 -0.6427937525290924
outer loop
vertex -61.430908203125 68.58027648925781 -6.554149627685547
vertex -69.38359069824219 68.36245727539062 -6.812304496765137
vertex -61.5233154296875 68.75316619873047 -6.348094463348389
endloop
endfacet
facet normal -0.00011591766607740299 0.7660471197944089 -0.6427844092833811
outer loop
vertex -61.30654525756836 68.42874145507812 -6.734766006469727
vertex -69.38359069824219 68.36245727539062 -6.812304496765137
vertex -61.430908203125 68.58027648925781 -6.554149627685547
endloop
endfacet
facet normal -0.00011550995924688023 0.7660263680915889 -0.6428091396720017
outer loop
vertex -69.38359069824219 68.36245727539062 -6.812304496765137
vertex -61.30654525756836 68.42874145507812 -6.734766006469727
vertex -61.22739791870117 68.36378479003906 -6.812188148498535
endloop
endfacet
facet normal -0.00011703167122825772 0.7660311860207584 -0.6428033978964471
outer loop
vertex -61.580223083496094 68.94075775146484 -6.124519348144531
vertex -69.55631256103516 69.08919525146484 -5.946173667907715
vertex -68.86674499511719 69.1375503540039 -5.888674259185791
endloop
endfacet
facet normal -0.0001160053992502903 0.7660435298113827 -0.6427886876547103
outer loop
vertex 58.87964630126953 68.91593170166016 -6.175846099853516
vertex -59.599456787109375 69.1356430053711 -5.892622947692871
vertex 58.860450744628906 69.1112289428711 -5.943097114562988
endloop
endfacet
facet normal -0.00011599138565049791 0.7660465093303264 -0.6427851367983087
outer loop
vertex 58.93655014038086 68.72834014892578 -6.399420738220215
vertex -59.599456787109375 69.1356430053711 -5.892622947692871
vertex 58.87964630126953 68.91593170166016 -6.175846099853516
endloop
endfacet
facet normal -0.0001160543054148884 0.7660391342421551 -0.6427939260298963
outer loop
vertex 59.028961181640625 68.55545043945312 -6.605475902557373
vertex -59.599456787109375 69.1356430053711 -5.892622947692871
vertex 58.93655014038086 68.72834014892578 -6.399420738220215
endloop
endfacet
facet normal -0.00011594811505509948 0.7660479451099489 -0.6427834256955132
outer loop
vertex 59.153324127197266 68.40391540527344 -6.786092758178711
vertex -59.599456787109375 69.1356430053711 -5.892622947692871
vertex 59.028961181640625 68.55545043945312 -6.605475902557373
endloop
endfacet
facet normal -0.00011578876743002454 0.7660642187977316 -0.6427640307848462
outer loop
vertex 59.17823791503906 68.38346862792969 -6.810466289520264
vertex -59.61865234375 68.94075775146484 -6.124873161315918
vertex 59.153324127197266 68.40391540527344 -6.786092758178711
endloop
endfacet
facet normal -0.00011603256688830148 0.7660423627223775 -0.6427900785257664
outer loop
vertex -59.61865234375 68.94075775146484 -6.124873161315918
vertex -59.599456787109375 69.1356430053711 -5.892622947692871
vertex 59.153324127197266 68.40391540527344 -6.786092758178711
endloop
endfacet
facet normal -0.0001163164866737811 0.7660469886429632 -0.6427845655128342
outer loop
vertex -69.38359069824219 68.36245727539062 -6.812304496765137
vertex -69.55631256103516 69.08919525146484 -5.946173667907715
vertex -61.580223083496094 68.94075775146484 -6.124519348144531
endloop
endfacet
facet normal -0.00011598531257121447 0.7660472300186814 -0.6427842779098697
outer loop
vertex 59.17823791503906 68.38346862792969 -6.810466289520264
vertex -59.67555618286133 68.75316619873047 -6.348427772521973
vertex -59.61865234375 68.94075775146484 -6.124873161315918
endloop
endfacet
facet normal -0.00011609560711866318 0.7660472357371342 -0.6427842710749115
outer loop
vertex 69.21601867675781 68.3851089477539 -6.8103227615356445
vertex 60.567535400390625 68.40391540527344 -6.78634786605835
vertex 60.691898345947266 68.55545043945312 -6.605776309967041
endloop
endfacet
facet normal -0.00011648527677562533 0.7660392146575525 -0.642793830118196
outer loop
vertex 69.21601867675781 68.3851089477539 -6.8103227615356445
vertex 60.691898345947266 68.55545043945312 -6.605776309967041
vertex 60.78430938720703 68.72834014892578 -6.399754524230957
endloop
endfacet
facet normal -0.00011598911828393294 0.7660446823439342 -0.6427873141242796
outer loop
vertex 69.21601867675781 68.3851089477539 -6.8103227615356445
vertex 60.860408782958984 69.1108169555664 -5.943949222564697
vertex 69.37290954589844 69.10906219482422 -5.947576522827148
endloop
endfacet
facet normal -0.00011633786446175842 0.7660430249527143 -0.6427892892595493
outer loop
vertex 69.21601867675781 68.3851089477539 -6.8103227615356445
vertex 60.84121322631836 68.91593170166016 -6.176199913024902
vertex 60.860408782958984 69.1108169555664 -5.943949222564697
endloop
endfacet
facet normal -0.0001156974275079221 0.7660471939623079 -0.6427843209324412
outer loop
vertex 69.21601867675781 68.3851089477539 -6.8103227615356445
vertex 60.78430938720703 68.72834014892578 -6.399754524230957
vertex 60.84121322631836 68.91593170166016 -6.176199913024902
endloop
endfacet
facet normal -0.000116048125924119 0.7660391181469468 -0.6427939452122124
outer loop
vertex 59.17823791503906 68.38346862792969 -6.810466289520264
vertex -59.767967224121094 68.58027648925781 -6.554449558258057
vertex -59.67555618286133 68.75316619873047 -6.348427772521973
endloop
endfacet
facet normal -0.00011601398902524059 0.7660472080669071 -0.6427843040660305
outer loop
vertex 59.17823791503906 68.38346862792969 -6.810466289520264
vertex -59.892330169677734 68.42874145507812 -6.735021114349365
vertex -59.767967224121094 68.58027648925781 -6.554449558258057
endloop
endfacet
facet normal -0.29181359783623184 0.703262756148934 -0.648279507567283
outer loop
vertex -69.38359069824219 68.36245727539062 -6.812304496765137
vertex -71.45313262939453 68.4524917602539 -5.783059597015381
vertex -70.55530548095703 68.85771942138672 -5.7476067543029785
endloop
endfacet
facet normal -0.29181382453346066 0.7032622802654985 -0.6482799217675388
outer loop
vertex -71.632568359375 67.34739685058594 -6.9011101722717285
vertex -71.45313262939453 68.4524917602539 -5.783059597015381
vertex -69.38359069824219 68.36245727539062 -6.812304496765137
endloop
endfacet
facet normal -0.291728664840619 0.7032941452772867 -0.6482836812144823
outer loop
vertex -69.38359069824219 68.36245727539062 -6.812304496765137
vertex -69.59716796875 69.08633422851562 -5.930892467498779
vertex -69.55631256103516 69.08919525146484 -5.946173667907715
endloop
endfacet
facet normal -0.2918127538761512 0.7032636004721423 -0.6482789715285974
outer loop
vertex -69.38359069824219 68.36245727539062 -6.812304496765137
vertex -70.55530548095703 68.85771942138672 -5.7476067543029785
vertex -69.59716796875 69.08633422851562 -5.930892467498779
endloop
endfacet
facet normal -0.2918140055787369 0.7032622549720463 -0.6482798677112575
outer loop
vertex -71.45313262939453 68.4524917602539 -5.783059597015381
vertex -71.632568359375 67.34739685058594 -6.9011101722717285
vertex -72.1635971069336 67.95199584960938 -6.006198406219482
endloop
endfacet
facet normal -0.5539762634460477 0.4993974943714026 -0.6661174387102625
outer loop
vertex -71.632568359375 67.34739685058594 -6.9011101722717285
vertex -72.94225311279297 67.17621612548828 -5.940248012542725
vertex -72.25841522216797 67.88520812988281 -5.977420330047607
endloop
endfacet
facet normal -0.5539539846132842 0.4994227372236991 -0.6661170411234447
outer loop
vertex -71.632568359375 67.34739685058594 -6.9011101722717285
vertex -72.25841522216797 67.88520812988281 -5.977420330047607
vertex -72.1635971069336 67.95199584960938 -6.006198406219482
endloop
endfacet
facet normal -0.5539768943953838 0.49939507163964575 -0.6661187303312218
outer loop
vertex -71.632568359375 67.34739685058594 -6.9011101722717285
vertex -73.3908462524414 66.48790740966797 -6.083207130432129
vertex -72.94225311279297 67.17621612548828 -5.940248012542725
endloop
endfacet
facet normal -0.5539773081784578 0.4993991683527797 -0.6661153148456368
outer loop
vertex -71.632568359375 67.34739685058594 -6.9011101722717285
vertex -72.58786010742188 66.147705078125 -7.006069660186768
vertex -73.3908462524414 66.48790740966797 -6.083207130432129
endloop
endfacet
facet normal -0.6771848022321568 0.26437261635152465 -0.6866788647899716
outer loop
vertex -73.3908462524414 66.48790740966797 -6.083207130432129
vertex -72.58786010742188 66.147705078125 -7.006069660186768
vertex -73.48009490966797 66.3509750366211 -6.047911643981934
endloop
endfacet
facet normal -0.6771890609125991 0.26435894198815574 -0.6866799294949687
outer loop
vertex -73.8526382446289 65.43910217285156 -6.031571388244629
vertex -73.48009490966797 66.3509750366211 -6.047911643981934
vertex -72.58786010742188 66.147705078125 -7.006069660186768
endloop
endfacet
facet normal -0.6771896104149175 0.26435715712844615 -0.6866800747226167
outer loop
vertex -73.8526382446289 65.43910217285156 -6.031571388244629
vertex -73.05795288085938 64.58935546875 -7.1424078941345215
vertex -74.0118408203125 64.6460189819336 -6.17988920211792
endloop
endfacet
facet normal -0.6771889417513904 0.26435814655300227 -0.6866803532362734
outer loop
vertex -72.58786010742188 66.147705078125 -7.006069660186768
vertex -73.05795288085938 64.58935546875 -7.1424078941345215
vertex -73.8526382446289 65.43910217285156 -6.031571388244629
endloop
endfacet
facet normal -0.7071587743997942 0.061776119217679275 -0.7043508918740601
outer loop
vertex -74.0118408203125 64.6460189819336 -6.17988920211792
vertex -74.07496643066406 -66.7490005493164 -17.640703201293945
vertex -74.04650115966797 64.47332763671875 -6.160236835479736
endloop
endfacet
facet normal -0.7071064787826461 0.06178063880234699 -0.7044029956869727
outer loop
vertex -73.05795288085938 64.58935546875 -7.1424078941345215
vertex -74.07496643066406 -66.7490005493164 -17.640703201293945
vertex -74.0118408203125 64.6460189819336 -6.17988920211792
endloop
endfacet
facet normal -0.7071061514987907 0.06178066236409277 -0.7044033221602687
outer loop
vertex -74.07496643066406 -66.7490005493164 -17.640703201293945
vertex -73.05795288085938 64.58935546875 -7.1424078941345215
vertex -73.08639526367188 -66.55328369140625 -18.615901947021484
endloop
endfacet
facet normal -0.6897852356269806 -0.09333019515014827 -0.7179734001926996
outer loop
vertex -73.9377670288086 -68.12049102783203 -17.594236373901367
vertex -72.65164947509766 -68.47383880615234 -18.78392791748047
vertex -73.56266021728516 -69.0123519897461 -17.838682174682617
endloop
endfacet
facet normal -0.6897909705738058 -0.09332240310542321 -0.7179689032217732
outer loop
vertex -73.08639526367188 -66.55328369140625 -18.615901947021484
vertex -73.9377670288086 -68.12049102783203 -17.594236373901367
vertex -74.03633117675781 -67.56339263916016 -17.57195281982422
endloop
endfacet
facet normal -0.6897851147024422 -0.09332871684928987 -0.7179737085340966
outer loop
vertex -73.08639526367188 -66.55328369140625 -18.615901947021484
vertex -72.65164947509766 -68.47383880615234 -18.78392791748047
vertex -73.9377670288086 -68.12049102783203 -17.594236373901367
endloop
endfacet
facet normal -0.6897882599448211 -0.09332702309834573 -0.7179709069327928
outer loop
vertex -73.08639526367188 -66.55328369140625 -18.615901947021484
vertex -74.03633117675781 -67.56339263916016 -17.57195281982422
vertex -74.07499694824219 -66.92288208007812 -17.61806297302246
endloop
endfacet
facet normal -0.6897790820709596 -0.09336281458918311 -0.7179750711475504
outer loop
vertex -73.08639526367188 -66.55328369140625 -18.615901947021484
vertex -74.07499694824219 -66.92288208007812 -17.61806297302246
vertex -74.07496643066406 -66.7490005493164 -17.640703201293945
endloop
endfacet
facet normal -0.6897671203309623 -0.09331734830802968 -0.7179924736479413
outer loop
vertex -73.9377670288086 -68.12049102783203 -17.594236373901367
vertex -73.56266021728516 -69.0123519897461 -17.838682174682617
vertex -73.62346649169922 -69.03950500488281 -17.776737213134766
endloop
endfacet
facet normal -0.6897756020171428 -0.09332198687635779 -0.7179837223971984
outer loop
vertex -73.9377670288086 -68.12049102783203 -17.594236373901367
vertex -73.62346649169922 -69.03950500488281 -17.776737213134766
vertex -73.77925109863281 -68.66357421875 -17.675935745239258
endloop
endfacet
facet normal -0.5394541916660323 -0.393785064718522 -0.7442596978868177
outer loop
vertex -72.65164947509766 -68.47383880615234 -18.78392791748047
vertex -71.05999755859375 -70.34488677978516 -18.94762420654297
vertex -71.69087219238281 -71.21271514892578 -18.03118896484375
endloop
endfacet
facet normal -0.5394409340845032 -0.3937833101337637 -0.7442702353944667
outer loop
vertex -71.69087219238281 -71.21271514892578 -18.03118896484375
vertex -71.77569580078125 -71.30996704101562 -17.918254852294922
vertex -72.65164947509766 -68.47383880615234 -18.78392791748047
endloop
endfacet
facet normal -0.5394549570362428 -0.39378436801572847 -0.7442595117534466
outer loop
vertex -72.65164947509766 -68.47383880615234 -18.78392791748047
vertex -71.77569580078125 -71.30996704101562 -17.918254852294922
vertex -72.96619415283203 -70.14576721191406 -17.671329498291016
endloop
endfacet
facet normal -0.5394567883890224 -0.3937834598881777 -0.7442586648333342
outer loop
vertex -72.65164947509766 -68.47383880615234 -18.78392791748047
vertex -72.96619415283203 -70.14576721191406 -17.671329498291016
vertex -73.29056549072266 -69.6822509765625 -17.681461334228516
endloop
endfacet
facet normal -0.5394552418367146 -0.39378470112763975 -0.744259129075826
outer loop
vertex -72.65164947509766 -68.47383880615234 -18.78392791748047
vertex -73.29056549072266 -69.6822509765625 -17.681461334228516
vertex -73.56266021728516 -69.0123519897461 -17.838682174682617
endloop
endfacet
facet normal -0.5394625947619628 -0.3937862451311498 -0.7442529825255657
outer loop
vertex -73.56266021728516 -69.0123519897461 -17.838682174682617
vertex -73.29056549072266 -69.6822509765625 -17.681461334228516
vertex -73.56266021728516 -69.18622589111328 -17.746685028076172
endloop
endfacet
facet normal -0.5394660985351171 -0.39379913078768103 -0.7442436248448261
outer loop
vertex -72.96619415283203 -70.14576721191406 -17.671329498291016
vertex -71.77569580078125 -71.30996704101562 -17.918254852294922
vertex -72.59336853027344 -70.57130432128906 -17.71640968322754
endloop
endfacet
facet normal -0.5688239303951457 -0.3846430982693134 -0.7269725050946575
outer loop
vertex -73.62346649169922 -69.03950500488281 -17.776737213134766
vertex -73.56266021728516 -69.0123519897461 -17.838682174682617
vertex -73.56266021728516 -69.18622589111328 -17.746685028076172
endloop
endfacet
facet normal -0.33064867498435496 -0.5610301398127665 -0.7588917155647161
outer loop
vertex -71.05999755859375 -70.34488677978516 -18.94762420654297
vertex -70.24403381347656 -70.77489471435547 -18.985244750976562
vertex -70.48973846435547 -71.845703125 -18.08656883239746
endloop
endfacet
facet normal -0.33066004697789203 -0.5610311777960543 -0.7588859933305862
outer loop
vertex -71.05999755859375 -70.34488677978516 -18.94762420654297
vertex -70.48973846435547 -71.845703125 -18.08656883239746
vertex -70.5433120727539 -71.99829864501953 -17.950414657592773
endloop
endfacet
facet normal -0.33064640410227314 -0.5610307087276197 -0.7588922843980039
outer loop
vertex -70.5433120727539 -71.99829864501953 -17.950414657592773
vertex -71.12427520751953 -71.76753997802734 -17.86788558959961
vertex -71.05999755859375 -70.34488677978516 -18.94762420654297
endloop
endfacet
facet normal -0.3306403427789503 -0.5610352929298437 -0.7588915362646647
outer loop
vertex -71.69087219238281 -71.21271514892578 -18.03118896484375
vertex -71.05999755859375 -70.34488677978516 -18.94762420654297
vertex -71.69087219238281 -71.38658905029297 -17.902647018432617
endloop
endfacet
facet normal -0.33064907322474385 -0.5610300660866988 -0.7588915965553792
outer loop
vertex -71.69087219238281 -71.38658905029297 -17.902647018432617
vertex -71.05999755859375 -70.34488677978516 -18.94762420654297
vertex -71.12427520751953 -71.76753997802734 -17.86788558959961
endloop
endfacet
facet normal -0.3625608380687914 -0.554022489162246 -0.7494055779091351
outer loop
vertex -71.69087219238281 -71.21271514892578 -18.03118896484375
vertex -71.69087219238281 -71.38658905029297 -17.902647018432617
vertex -71.77569580078125 -71.30996704101562 -17.918254852294922
endloop
endfacet
facet normal -0.1705581104634275 -0.6219975604692078 -0.7642178784387993
outer loop
vertex -70.5433120727539 -71.99829864501953 -17.950414657592773
vertex -70.48973846435547 -71.845703125 -18.08656883239746
vertex -70.50859832763672 -72.0120849609375 -17.946941375732422
endloop
endfacet
facet normal -0.0005067722234617073 -0.6427908686552374 -0.7660415408810144
outer loop
vertex 69.29788970947266 -72.11936950683594 -17.949399948120117
vertex -70.24403381347656 -70.77489471435547 -18.985244750976562
vertex 69.29788970947266 -71.94549560546875 -18.095298767089844
endloop
endfacet
facet normal -0.0005067324290988108 -0.6427879725040984 -0.7660439710788904
outer loop
vertex -70.24403381347656 -70.77489471435547 -18.985244750976562
vertex 69.16631317138672 -70.87442016601562 -18.99395179748535
vertex 69.29788970947266 -71.94549560546875 -18.095298767089844
endloop
endfacet
facet normal -0.00033678011622785304 -0.6428098025220418 -0.7660257465390617
outer loop
vertex -70.48973846435547 -71.845703125 -18.08656883239746
vertex -70.24403381347656 -70.77489471435547 -18.985244750976562
vertex -70.50859832763672 -72.0120849609375 -17.946941375732422
endloop
endfacet
facet normal -0.0005116056314599289 -0.6427878181219322 -0.7660440973819481
outer loop
vertex -70.50859832763672 -72.0120849609375 -17.946941375732422
vertex -70.24403381347656 -70.77489471435547 -18.985244750976562
vertex -69.94081115722656 -72.1220474243164 -17.855051040649414
endloop
endfacet
facet normal -0.0005067136044382486 -0.6427871735129125 -0.7660446415246333
outer loop
vertex -69.94081115722656 -72.1220474243164 -17.855051040649414
vertex -70.24403381347656 -70.77489471435547 -18.985244750976562
vertex 69.29788970947266 -72.11936950683594 -17.949399948120117
endloop
endfacet
facet normal 0.8314710064722629 0 -0.5555681464915011
outer loop
vertex -46.51866912841797 -71.137451171875 -4.375974655151367
vertex -46.193511962890625 -72.12158966064453 -3.8893399238586426
vertex -46.51866912841797 -72.12159729003906 -4.375974655151367
endloop
endfacet
facet normal -0.19509040787318935 0 -0.9807852633251952
outer loop
vertex -32.5588264465332 -72.12133026123047 -3.564180612564087
vertex -33.132850646972656 -72.121337890625 -3.450000047683716
vertex -33.132850646972656 -71.137451171875 -3.450000047683716
endloop
endfacet
facet normal 0 -1 0
outer loop
vertex -45.132850646972656 -71.137451171875 -3.450000047683716
vertex -43.80672836303711 -71.137451171875 -6.31731653213501
vertex -43.58995819091797 -71.137451171875 -5.992893218994141
endloop
endfacet
facet normal 0 -1 0
outer loop
vertex -32.07218933105469 -71.137451171875 -3.8893399238586426
vertex -31.747032165527344 -71.137451171875 -10.524024963378906
vertex -31.747032165527344 -71.137451171875 -4.375974655151367
endloop
endfacet
facet normal 0 -1 0
outer loop
vertex -45.132850646972656 -71.137451171875 -3.450000047683716
vertex -43.58995819091797 -71.137451171875 -5.992893218994141
vertex -43.265533447265625 -71.137451171875 -5.776120662689209
endloop
endfacet
facet normal 0 -1 0
outer loop
vertex -45.132850646972656 -71.137451171875 -3.450000047683716
vertex -43.265533447265625 -71.137451171875 -5.776120662689209
vertex -42.882850646972656 -71.137451171875 -5.699999809265137
endloop
endfacet
facet normal 0 -1 0
outer loop
vertex -42.882850646972656 -71.137451171875 -5.699999809265137
vertex -35.382850646972656 -71.137451171875 -5.699999809265137
vertex -33.132850646972656 -71.137451171875 -3.450000047683716
endloop
endfacet
facet normal 0 -1 0
outer loop
vertex -45.132850646972656 -71.137451171875 -3.450000047683716
vertex -43.882850646972656 -71.137451171875 -6.699999809265137
vertex -43.80672836303711 -71.137451171875 -6.31731653213501
endloop
endfacet
facet normal 0.8314712579435086 0 0.5555677701359567
outer loop
vertex -46.51866912841797 -72.12159729003906 -10.524024963378906
vertex -46.193511962890625 -72.12158966064453 -11.010660171508789
vertex -46.193511962890625 -71.137451171875 -11.010660171508789
endloop
endfacet
facet normal 0.8314712579435086 0 0.5555677701359567
outer loop
vertex -46.51866912841797 -72.12159729003906 -10.524024963378906
vertex -46.193511962890625 -71.137451171875 -11.010660171508789
vertex -46.51866912841797 -71.137451171875 -10.524024963378906
endloop
endfacet
facet normal 0.980785013558684 0 0.1950916635294606
outer loop
vertex -46.632850646972656 -72.12159729003906 -9.949999809265137
vertex -46.51866912841797 -72.12159729003906 -10.524024963378906
vertex -46.51866912841797 -71.137451171875 -10.524024963378906
endloop
endfacet
facet normal 0.980785013558684 0 0.1950916635294606
outer loop
vertex -46.632850646972656 -72.12159729003906 -9.949999809265137
vertex -46.51866912841797 -71.137451171875 -10.524024963378906
vertex -46.632850646972656 -71.137451171875 -9.949999809265137
endloop
endfacet
facet normal 0.19509040787318932 0 0.9807852633251951
outer loop
vertex -45.70687484741211 -72.12158203125 -11.335819244384766
vertex -45.132850646972656 -71.137451171875 -11.449999809265137
vertex -45.70687484741211 -71.137451171875 -11.335819244384766
endloop
endfacet
facet normal 0.19509040787318935 0 0.9807852633251953
outer loop
vertex -45.132850646972656 -71.137451171875 -11.449999809265137
vertex -45.70687484741211 -72.12158203125 -11.335819244384766
vertex -45.132850646972656 -72.12156677246094 -11.449999809265137
endloop
endfacet
facet normal 0 -1 0
outer loop
vertex -45.132850646972656 -71.137451171875 -3.450000047683716
vertex -43.882850646972656 -71.137451171875 -8.199999809265137
vertex -43.882850646972656 -71.137451171875 -6.699999809265137
endloop
endfacet
facet normal 0.5555685177477351 0 0.831470758408006
outer loop
vertex -46.193511962890625 -72.12158966064453 -11.010660171508789
vertex -45.70687484741211 -72.12158203125 -11.335819244384766
vertex -45.70687484741211 -71.137451171875 -11.335819244384766
endloop
endfacet
facet normal 0.5555685177477351 0 0.831470758408006
outer loop
vertex -46.193511962890625 -71.137451171875 -11.010660171508789
vertex -46.193511962890625 -72.12158966064453 -11.010660171508789
vertex -45.70687484741211 -71.137451171875 -11.335819244384766
endloop
endfacet
facet normal 0 0 1
outer loop
vertex -45.132850646972656 -71.137451171875 -11.449999809265137
vertex -45.132850646972656 -72.12156677246094 -11.449999809265137
vertex -33.132850646972656 -71.137451171875 -11.449999809265137
endloop
endfacet
facet normal 0 0 1
outer loop
vertex -33.132850646972656 -71.137451171875 -11.449999809265137
vertex -45.132850646972656 -72.12156677246094 -11.449999809265137
vertex -33.132850646972656 -72.121337890625 -11.449999809265137
endloop
endfacet
facet normal 0 -1 0
outer loop
vertex -45.132850646972656 -71.137451171875 -11.449999809265137
vertex -33.132850646972656 -71.137451171875 -11.449999809265137
vertex -35.382850646972656 -71.137451171875 -9.199999809265137
endloop
endfacet
facet normal 0 -1 0
outer loop
vertex -45.132850646972656 -71.137451171875 -11.449999809265137
vertex -43.265533447265625 -71.137451171875 -9.123879432678223
vertex -43.58995819091797 -71.137451171875 -8.907106399536133
endloop
endfacet
facet normal 0 -1 0
outer loop
vertex -45.132850646972656 -71.137451171875 -11.449999809265137
vertex -43.58995819091797 -71.137451171875 -8.907106399536133
vertex -43.80672836303711 -71.137451171875 -8.582683563232422
endloop
endfacet
facet normal 0 -1 0
outer loop
vertex -43.265533447265625 -71.137451171875 -9.123879432678223
vertex -45.132850646972656 -71.137451171875 -11.449999809265137
vertex -42.882850646972656 -71.137451171875 -9.199999809265137
endloop
endfacet
facet normal 0 -1 0
outer loop
vertex -42.882850646972656 -71.137451171875 -9.199999809265137
vertex -45.132850646972656 -71.137451171875 -11.449999809265137
vertex -35.382850646972656 -71.137451171875 -9.199999809265137
endloop
endfacet
facet normal 0 -1 0
outer loop
vertex -45.70687484741211 -71.137451171875 -3.564180612564087
vertex -45.132850646972656 -71.137451171875 -11.449999809265137
vertex -45.132850646972656 -71.137451171875 -3.450000047683716
endloop
endfacet
facet normal -0.19509040787318935 0 0.9807852633251952
outer loop
vertex -33.132850646972656 -72.121337890625 -11.449999809265137
vertex -32.5588264465332 -72.12133026123047 -11.335819244384766
vertex -32.5588264465332 -71.137451171875 -11.335819244384766
endloop
endfacet
facet normal -0.19509040787318935 0 0.9807852633251952
outer loop
vertex -33.132850646972656 -71.137451171875 -11.449999809265137
vertex -33.132850646972656 -72.121337890625 -11.449999809265137
vertex -32.5588264465332 -71.137451171875 -11.335819244384766
endloop
endfacet
facet normal -0.5555685177477351 0 0.8314707584080059
outer loop
vertex -32.5588264465332 -71.137451171875 -11.335819244384766
vertex -32.5588264465332 -72.12133026123047 -11.335819244384766
vertex -32.07218933105469 -71.137451171875 -11.010660171508789
endloop
endfacet
facet normal -0.5555685177477351 0 0.831470758408006
outer loop
vertex -32.07218933105469 -71.137451171875 -11.010660171508789
vertex -32.5588264465332 -72.12133026123047 -11.335819244384766
vertex -32.07218933105469 -72.1213150024414 -11.010660171508789
endloop
endfacet
facet normal -0.8314712579435087 0 0.5555677701359568
outer loop
vertex -32.07218933105469 -71.137451171875 -11.010660171508789
vertex -32.07218933105469 -72.1213150024414 -11.010660171508789
vertex -31.747032165527344 -71.137451171875 -10.524024963378906
endloop
endfacet
facet normal -0.8314712579435087 0 0.5555677701359568
outer loop
vertex -31.747032165527344 -71.137451171875 -10.524024963378906
vertex -32.07218933105469 -72.1213150024414 -11.010660171508789
vertex -31.747032165527344 -72.1213150024414 -10.524024963378906
endloop
endfacet
facet normal 0 -1 0
outer loop
vertex -35.382850646972656 -71.137451171875 -9.199999809265137
vertex -33.132850646972656 -71.137451171875 -11.449999809265137
vertex -35.00016784667969 -71.137451171875 -9.123879432678223
endloop
endfacet
facet normal 0 -1 0
outer loop
vertex -35.00016784667969 -71.137451171875 -9.123879432678223
vertex -33.132850646972656 -71.137451171875 -11.449999809265137
vertex -34.675743103027344 -71.137451171875 -8.907106399536133
endloop
endfacet
facet normal 0 -1 0
outer loop
vertex -34.675743103027344 -71.137451171875 -8.907106399536133
vertex -33.132850646972656 -71.137451171875 -11.449999809265137
vertex -34.4589729309082 -71.137451171875 -8.582683563232422
endloop
endfacet
facet normal -0.9807850135586839 0 0.19509166352946058
outer loop
vertex -31.747032165527344 -71.137451171875 -10.524024963378906
vertex -31.747032165527344 -72.1213150024414 -10.524024963378906
vertex -31.632850646972656 -71.137451171875 -9.949999809265137
endloop
endfacet
facet normal -0.9807850135586837 0 0.19509166352946058
outer loop
vertex -31.632850646972656 -71.137451171875 -9.949999809265137
vertex -31.747032165527344 -72.1213150024414 -10.524024963378906
vertex -31.632850646972656 -72.12130737304688 -9.949999809265137
endloop
endfacet
facet normal 0 -1 0
outer loop
vertex -46.193511962890625 -71.137451171875 -3.8893399238586426
vertex -45.70687484741211 -71.137451171875 -11.335819244384766
vertex -45.70687484741211 -71.137451171875 -3.564180612564087
endloop
endfacet
facet normal 0.980785013558684 0 -0.1950916635294606
outer loop
vertex -46.632850646972656 -71.137451171875 -4.949999809265137
vertex -46.51866912841797 -72.12159729003906 -4.375974655151367
vertex -46.632850646972656 -72.12159729003906 -4.949999809265137
endloop
endfacet
facet normal 0 -1 0
outer loop
vertex -46.51866912841797 -71.137451171875 -4.375974655151367
vertex -46.193511962890625 -71.137451171875 -11.010660171508789
vertex -46.193511962890625 -71.137451171875 -3.8893399238586426
endloop
endfacet
facet normal 0 -1 0
outer loop
vertex -46.632850646972656 -71.137451171875 -4.949999809265137
vertex -46.51866912841797 -71.137451171875 -10.524024963378906
vertex -46.51866912841797 -71.137451171875 -4.375974655151367
endloop
endfacet
facet normal 1 0 0
outer loop
vertex -46.632850646972656 -72.12159729003906 -4.949999809265137
vertex -46.632850646972656 -71.137451171875 -9.949999809265137
vertex -46.632850646972656 -71.137451171875 -4.949999809265137
endloop
endfacet
facet normal 0 -1 0
outer loop
vertex -45.132850646972656 -71.137451171875 -11.449999809265137
vertex -43.882850646972656 -71.137451171875 -8.199999809265137
vertex -45.132850646972656 -71.137451171875 -3.450000047683716
endloop
endfacet
facet normal 0.980785013558684 0 -0.1950916635294606
outer loop
vertex -46.51866912841797 -72.12159729003906 -4.375974655151367
vertex -46.632850646972656 -71.137451171875 -4.949999809265137
vertex -46.51866912841797 -71.137451171875 -4.375974655151367
endloop
endfacet
facet normal 0.831471006472263 0 -0.5555681464915012
outer loop
vertex -46.193511962890625 -72.12158966064453 -3.8893399238586426
vertex -46.51866912841797 -71.137451171875 -4.375974655151367
vertex -46.193511962890625 -71.137451171875 -3.8893399238586426
endloop
endfacet
facet normal 0.555568799375624 0 -0.831470570231038
outer loop
vertex -45.70687484741211 -72.12158203125 -3.564180612564087
vertex -46.193511962890625 -72.12158966064453 -3.8893399238586426
vertex -46.193511962890625 -71.137451171875 -3.8893399238586426
endloop
endfacet
facet normal 0.555568799375624 0 -0.8314705702310381
outer loop
vertex -45.70687484741211 -72.12158203125 -3.564180612564087
vertex -46.193511962890625 -71.137451171875 -3.8893399238586426
vertex -45.70687484741211 -71.137451171875 -3.564180612564087
endloop
endfacet
facet normal 0 -1 0
outer loop
vertex -45.132850646972656 -71.137451171875 -3.450000047683716
vertex -42.882850646972656 -71.137451171875 -5.699999809265137
vertex -33.132850646972656 -71.137451171875 -3.450000047683716
endloop
endfacet
facet normal 0.19509040787318932 0 -0.9807852633251951
outer loop
vertex -45.132850646972656 -72.12156677246094 -3.450000047683716
vertex -45.70687484741211 -72.12158203125 -3.564180612564087
vertex -45.70687484741211 -71.137451171875 -3.564180612564087
endloop
endfacet
facet normal 0.19509040787318935 0 -0.9807852633251953
outer loop
vertex -45.132850646972656 -72.12156677246094 -3.450000047683716
vertex -45.70687484741211 -71.137451171875 -3.564180612564087
vertex -45.132850646972656 -71.137451171875 -3.450000047683716
endloop
endfacet
facet normal 0 0 -1
outer loop
vertex -45.132850646972656 -72.12156677246094 -3.450000047683716
vertex -45.132850646972656 -71.137451171875 -3.450000047683716
vertex -33.132850646972656 -72.121337890625 -3.450000047683716
endloop
endfacet
facet normal 0 0 -1
outer loop
vertex -33.132850646972656 -72.121337890625 -3.450000047683716
vertex -45.132850646972656 -71.137451171875 -3.450000047683716
vertex -33.132850646972656 -71.137451171875 -3.450000047683716
endloop
endfacet
facet normal 0 -1 0
outer loop
vertex -34.4589729309082 -71.137451171875 -8.582683563232422
vertex -33.132850646972656 -71.137451171875 -11.449999809265137
vertex -34.382850646972656 -71.137451171875 -8.199999809265137
endloop
endfacet
facet normal 0 -1 0
outer loop
vertex -46.51866912841797 -71.137451171875 -10.524024963378906
vertex -46.193511962890625 -71.137451171875 -11.010660171508789
vertex -46.51866912841797 -71.137451171875 -4.375974655151367
endloop
endfacet
facet normal 0 -1 0
outer loop
vertex -46.632850646972656 -71.137451171875 -9.949999809265137
vertex -46.51866912841797 -71.137451171875 -10.524024963378906
vertex -46.632850646972656 -71.137451171875 -4.949999809265137
endloop
endfacet
facet normal 1 0 0
outer loop
vertex -46.632850646972656 -72.12159729003906 -4.949999809265137
vertex -46.632850646972656 -72.12159729003906 -9.949999809265137
vertex -46.632850646972656 -71.137451171875 -9.949999809265137
endloop
endfacet
facet normal 0 -1 0
outer loop
vertex -45.132850646972656 -71.137451171875 -11.449999809265137
vertex -43.80672836303711 -71.137451171875 -8.582683563232422
vertex -43.882850646972656 -71.137451171875 -8.199999809265137
endloop
endfacet
facet normal 0 -1 0
outer loop
vertex -34.382850646972656 -71.137451171875 -8.199999809265137
vertex -33.132850646972656 -71.137451171875 -11.449999809265137
vertex -34.382850646972656 -71.137451171875 -6.699999809265137
endloop
endfacet
facet normal 0 -1 0
outer loop
vertex -33.132850646972656 -71.137451171875 -11.449999809265137
vertex -32.5588264465332 -71.137451171875 -11.335819244384766
vertex -33.132850646972656 -71.137451171875 -3.450000047683716
endloop
endfacet
facet normal 0 -1 0
outer loop
vertex -32.5588264465332 -71.137451171875 -11.335819244384766
vertex -32.07218933105469 -71.137451171875 -11.010660171508789
vertex -32.5588264465332 -71.137451171875 -3.564180612564087
endloop
endfacet
facet normal 0 -1 0
outer loop
vertex -32.07218933105469 -71.137451171875 -11.010660171508789
vertex -31.747032165527344 -71.137451171875 -10.524024963378906
vertex -32.07218933105469 -71.137451171875 -3.8893399238586426
endloop
endfacet
facet normal 0 -1 0
outer loop
vertex -34.382850646972656 -71.137451171875 -6.699999809265137
vertex -33.132850646972656 -71.137451171875 -11.449999809265137
vertex -33.132850646972656 -71.137451171875 -3.450000047683716
endloop
endfacet
facet normal -1 0 0
outer loop
vertex -31.632850646972656 -71.137451171875 -9.949999809265137
vertex -31.632850646972656 -72.12130737304688 -9.949999809265137
vertex -31.632850646972656 -71.137451171875 -4.949999809265137
endloop
endfacet
facet normal 0 -1 0
outer loop
vertex -31.747032165527344 -71.137451171875 -10.524024963378906
vertex -31.632850646972656 -71.137451171875 -9.949999809265137
vertex -31.747032165527344 -71.137451171875 -4.375974655151367
endloop
endfacet
facet normal 0 -1 0
outer loop
vertex -33.132850646972656 -71.137451171875 -3.450000047683716
vertex -32.5588264465332 -71.137451171875 -11.335819244384766
vertex -32.5588264465332 -71.137451171875 -3.564180612564087
endloop
endfacet
facet normal -1 0 0
outer loop
vertex -31.632850646972656 -71.137451171875 -4.949999809265137
vertex -31.632850646972656 -72.12130737304688 -9.949999809265137
vertex -31.632850646972656 -72.12130737304688 -4.949999809265137
endloop
endfacet
facet normal 0 -1 0
outer loop
vertex -31.747032165527344 -71.137451171875 -4.375974655151367
vertex -31.632850646972656 -71.137451171875 -9.949999809265137
vertex -31.632850646972656 -71.137451171875 -4.949999809265137
endloop
endfacet
facet normal 0 -1 0
outer loop
vertex -32.5588264465332 -71.137451171875 -3.564180612564087
vertex -32.07218933105469 -71.137451171875 -11.010660171508789
vertex -32.07218933105469 -71.137451171875 -3.8893399238586426
endloop
endfacet
facet normal 0 -1 0
outer loop
vertex -34.382850646972656 -71.137451171875 -6.699999809265137
vertex -33.132850646972656 -71.137451171875 -3.450000047683716
vertex -34.4589729309082 -71.137451171875 -6.31731653213501
endloop
endfacet
facet normal 0 -1 0
outer loop
vertex -34.675743103027344 -71.137451171875 -5.992893218994141
vertex -34.4589729309082 -71.137451171875 -6.31731653213501
vertex -33.132850646972656 -71.137451171875 -3.450000047683716
endloop
endfacet
facet normal 0 -1 0
outer loop
vertex -35.00016784667969 -71.137451171875 -5.776120662689209
vertex -34.675743103027344 -71.137451171875 -5.992893218994141
vertex -33.132850646972656 -71.137451171875 -3.450000047683716
endloop
endfacet
facet normal 0 -1 0
outer loop
vertex -33.132850646972656 -71.137451171875 -3.450000047683716
vertex -35.382850646972656 -71.137451171875 -5.699999809265137
vertex -35.00016784667969 -71.137451171875 -5.776120662689209
endloop
endfacet
facet normal -0.9807850135586837 0 -0.19509166352946058
outer loop
vertex -31.632850646972656 -71.137451171875 -4.949999809265137
vertex -31.632850646972656 -72.12130737304688 -4.949999809265137
vertex -31.747032165527344 -71.137451171875 -4.375974655151367
endloop
endfacet
facet normal -0.9807850135586839 0 -0.19509166352946058
outer loop
vertex -31.747032165527344 -71.137451171875 -4.375974655151367
vertex -31.632850646972656 -72.12130737304688 -4.949999809265137
vertex -31.747032165527344 -72.1213150024414 -4.375974655151367
endloop
endfacet
facet normal -0.8314710064722629 0 -0.5555681464915011
outer loop
vertex -32.07218933105469 -71.137451171875 -3.8893399238586426
vertex -31.747032165527344 -71.137451171875 -4.375974655151367
vertex -31.747032165527344 -72.1213150024414 -4.375974655151367
endloop
endfacet
facet normal 0 -1 0
outer loop
vertex -45.70687484741211 -71.137451171875 -11.335819244384766
vertex -45.132850646972656 -71.137451171875 -11.449999809265137
vertex -45.70687484741211 -71.137451171875 -3.564180612564087
endloop
endfacet
facet normal 0 -1 0
outer loop
vertex -46.193511962890625 -71.137451171875 -11.010660171508789
vertex -45.70687484741211 -71.137451171875 -11.335819244384766
vertex -46.193511962890625 -71.137451171875 -3.8893399238586426
endloop
endfacet
facet normal -0.8314710064722629 0 -0.5555681464915011
outer loop
vertex -32.07218933105469 -71.137451171875 -3.8893399238586426
vertex -31.747032165527344 -72.1213150024414 -4.375974655151367
vertex -32.07218933105469 -72.1213150024414 -3.8893399238586426
endloop
endfacet
facet normal -0.555568799375624 0 -0.831470570231038
outer loop
vertex -32.07218933105469 -71.137451171875 -3.8893399238586426
vertex -32.07218933105469 -72.1213150024414 -3.8893399238586426
vertex -32.5588264465332 -71.137451171875 -3.564180612564087
endloop
endfacet
facet normal -0.5555687993756241 0 -0.8314705702310381
outer loop
vertex -32.5588264465332 -71.137451171875 -3.564180612564087
vertex -32.07218933105469 -72.1213150024414 -3.8893399238586426
vertex -32.5588264465332 -72.12133026123047 -3.564180612564087
endloop
endfacet
facet normal -0.19509040787318935 0 -0.9807852633251952
outer loop
vertex -33.132850646972656 -71.137451171875 -3.450000047683716
vertex -32.5588264465332 -71.137451171875 -3.564180612564087
vertex -32.5588264465332 -72.12133026123047 -3.564180612564087
endloop
endfacet
facet normal 0.19509158345481065 0 -0.9807850294866325
outer loop
vertex -42.882850646972656 -71.137451171875 -5.699999809265137
vertex -43.265533447265625 -69.93744659423828 -5.776120662689209
vertex -42.882850646972656 -69.93744659423828 -5.699999809265137
endloop
endfacet
facet normal -0.980784420993769 0 0.19509464250952005
outer loop
vertex -34.382850646972656 -69.93744659423828 -8.199999809265137
vertex -34.4589729309082 -71.137451171875 -8.582683563232422
vertex -34.382850646972656 -71.137451171875 -8.199999809265137
endloop
endfacet
facet normal -0.5555682361196549 0 -0.8314709465849636
outer loop
vertex -34.675743103027344 -69.93744659423828 -5.992893218994141
vertex -34.675743103027344 -71.137451171875 -5.992893218994141
vertex -35.00016784667969 -69.93744659423828 -5.776120662689209
endloop
endfacet
facet normal 0.5555682361196549 0 -0.8314709465849636
outer loop
vertex -43.265533447265625 -71.137451171875 -5.776120662689209
vertex -43.58995819091797 -69.93744659423828 -5.992893218994141
vertex -43.265533447265625 -69.93744659423828 -5.776120662689209
endloop
endfacet
facet normal 0.8314722604247334 0 0.5555662698042281
outer loop
vertex -43.80672836303711 -71.137451171875 -8.582683563232422
vertex -43.58995819091797 -71.137451171875 -8.907106399536133
vertex -43.58995819091797 -69.93744659423828 -8.907106399536133
endloop
endfacet
facet normal 0.19509158345481065 0 -0.9807850294866325
outer loop
vertex -43.265533447265625 -71.137451171875 -5.776120662689209
vertex -43.265533447265625 -69.93744659423828 -5.776120662689209
vertex -42.882850646972656 -71.137451171875 -5.699999809265137
endloop
endfacet
facet normal 0 0 -1
outer loop
vertex -42.882850646972656 -71.137451171875 -5.699999809265137
vertex -42.882850646972656 -69.93744659423828 -5.699999809265137
vertex -35.382850646972656 -71.137451171875 -5.699999809265137
endloop
endfacet
facet normal 0 0 -1
outer loop
vertex -35.382850646972656 -71.137451171875 -5.699999809265137
vertex -42.882850646972656 -69.93744659423828 -5.699999809265137
vertex -35.382850646972656 -69.93744659423828 -5.699999809265137
endloop
endfacet
facet normal 0.8314726376298004 0 -0.5555657052707109
outer loop
vertex -43.58995819091797 -71.137451171875 -5.992893218994141
vertex -43.80672836303711 -69.93744659423828 -6.31731653213501
vertex -43.58995819091797 -69.93744659423828 -5.992893218994141
endloop
endfacet
facet normal 0.8314726376298004 0 -0.5555657052707109
outer loop
vertex -43.80672836303711 -71.137451171875 -6.31731653213501
vertex -43.80672836303711 -69.93744659423828 -6.31731653213501
vertex -43.58995819091797 -71.137451171875 -5.992893218994141
endloop
endfacet
facet normal 0.9807843744785476 0 -0.1950948763518
outer loop
vertex -43.80672836303711 -71.137451171875 -6.31731653213501
vertex -43.882850646972656 -69.93744659423828 -6.699999809265137
vertex -43.80672836303711 -69.93744659423828 -6.31731653213501
endloop
endfacet
facet normal 0.9807843744785476 0 -0.1950948763518
outer loop
vertex -43.882850646972656 -71.137451171875 -6.699999809265137
vertex -43.882850646972656 -69.93744659423828 -6.699999809265137
vertex -43.80672836303711 -71.137451171875 -6.31731653213501
endloop
endfacet
facet normal 1 0 0
outer loop
vertex -43.882850646972656 -71.137451171875 -6.699999809265137
vertex -43.882850646972656 -69.93744659423828 -8.199999809265137
vertex -43.882850646972656 -69.93744659423828 -6.699999809265137
endloop
endfacet
facet normal 1 0 0
outer loop
vertex -43.882850646972656 -71.137451171875 -8.199999809265137
vertex -43.882850646972656 -69.93744659423828 -8.199999809265137
vertex -43.882850646972656 -71.137451171875 -6.699999809265137
endloop
endfacet
facet normal 0 0 1
outer loop
vertex -35.382850646972656 -69.93744659423828 -9.199999809265137
vertex -42.882850646972656 -71.137451171875 -9.199999809265137
vertex -35.382850646972656 -71.137451171875 -9.199999809265137
endloop
endfacet
facet normal 0 0 1
outer loop
vertex -42.882850646972656 -69.93744659423828 -9.199999809265137
vertex -42.882850646972656 -71.137451171875 -9.199999809265137
vertex -35.382850646972656 -69.93744659423828 -9.199999809265137
endloop
endfacet
facet normal 0.980784420993769 0 0.19509464250952005
outer loop
vertex -43.882850646972656 -71.137451171875 -8.199999809265137
vertex -43.80672836303711 -69.93744659423828 -8.582683563232422
vertex -43.882850646972656 -69.93744659423828 -8.199999809265137
endloop
endfacet
facet normal 0.8314722604247334 0 0.5555662698042281
outer loop
vertex -43.80672836303711 -71.137451171875 -8.582683563232422
vertex -43.58995819091797 -69.93744659423828 -8.907106399536133
vertex -43.80672836303711 -69.93744659423828 -8.582683563232422
endloop
endfacet
facet normal 0.5555682361196549 0 -0.8314709465849636
outer loop
vertex -43.58995819091797 -71.137451171875 -5.992893218994141
vertex -43.58995819091797 -69.93744659423828 -5.992893218994141
vertex -43.265533447265625 -71.137451171875 -5.776120662689209
endloop
endfacet
facet normal -0.19509040787318935 0 0.9807852633251952
outer loop
vertex -35.00016784667969 -71.137451171875 -9.123879432678223
vertex -35.00016784667969 -69.93744659423828 -9.123879432678223
vertex -35.382850646972656 -71.137451171875 -9.199999809265137
endloop
endfacet
facet normal -0.19509040787318935 0 0.9807852633251952
outer loop
vertex -35.382850646972656 -69.93744659423828 -9.199999809265137
vertex -35.382850646972656 -71.137451171875 -9.199999809265137
vertex -35.00016784667969 -69.93744659423828 -9.123879432678223
endloop
endfacet
facet normal 0.980784420993769 0 0.19509464250952005
outer loop
vertex -43.80672836303711 -71.137451171875 -8.582683563232422
vertex -43.80672836303711 -69.93744659423828 -8.582683563232422
vertex -43.882850646972656 -71.137451171875 -8.199999809265137
endloop
endfacet
facet normal -0.5555690810033217 0 0.83147038205406
outer loop
vertex -34.675743103027344 -71.137451171875 -8.907106399536133
vertex -34.675743103027344 -69.93744659423828 -8.907106399536133
vertex -35.00016784667969 -71.137451171875 -9.123879432678223
endloop
endfacet
facet normal -0.5555682361196549 0 -0.8314709465849636
outer loop
vertex -35.00016784667969 -69.93744659423828 -5.776120662689209
vertex -34.675743103027344 -71.137451171875 -5.992893218994141
vertex -35.00016784667969 -71.137451171875 -5.776120662689209
endloop
endfacet
facet normal -0.19509158345481065 0 -0.9807850294866325
outer loop
vertex -35.382850646972656 -71.137451171875 -5.699999809265137
vertex -35.382850646972656 -69.93744659423828 -5.699999809265137
vertex -35.00016784667969 -71.137451171875 -5.776120662689209
endloop
endfacet
facet normal -0.8314726376298004 0 -0.5555657052707109
outer loop
vertex -34.675743103027344 -69.93744659423828 -5.992893218994141
vertex -34.4589729309082 -71.137451171875 -6.31731653213501
vertex -34.675743103027344 -71.137451171875 -5.992893218994141
endloop
endfacet
facet normal -0.8314726376298004 0 -0.5555657052707109
outer loop
vertex -34.4589729309082 -69.93744659423828 -6.31731653213501
vertex -34.4589729309082 -71.137451171875 -6.31731653213501
vertex -34.675743103027344 -69.93744659423828 -5.992893218994141
endloop
endfacet
facet normal -0.5555690810033217 0 0.83147038205406
outer loop
vertex -35.00016784667969 -69.93744659423828 -9.123879432678223
vertex -35.00016784667969 -71.137451171875 -9.123879432678223
vertex -34.675743103027344 -69.93744659423828 -8.907106399536133
endloop
endfacet
facet normal -0.8314722604247334 0 0.5555662698042281
outer loop
vertex -34.675743103027344 -69.93744659423828 -8.907106399536133
vertex -34.675743103027344 -71.137451171875 -8.907106399536133
vertex -34.4589729309082 -69.93744659423828 -8.582683563232422
endloop
endfacet
facet normal 0.19509040787318935 0 0.9807852633251952
outer loop
vertex -43.265533447265625 -71.137451171875 -9.123879432678223
vertex -42.882850646972656 -69.93744659423828 -9.199999809265137
vertex -43.265533447265625 -69.93744659423828 -9.123879432678223
endloop
endfacet
facet normal -0.8314722604247334 0 0.5555662698042281
outer loop
vertex -34.4589729309082 -69.93744659423828 -8.582683563232422
vertex -34.675743103027344 -71.137451171875 -8.907106399536133
vertex -34.4589729309082 -71.137451171875 -8.582683563232422
endloop
endfacet
facet normal -0.9807843744785476 0 -0.1950948763518
outer loop
vertex -34.4589729309082 -69.93744659423828 -6.31731653213501
vertex -34.382850646972656 -71.137451171875 -6.699999809265137
vertex -34.4589729309082 -71.137451171875 -6.31731653213501
endloop
endfacet
facet normal -0.9807843744785476 0 -0.1950948763518
outer loop
vertex -34.382850646972656 -69.93744659423828 -6.699999809265137
vertex -34.382850646972656 -71.137451171875 -6.699999809265137
vertex -34.4589729309082 -69.93744659423828 -6.31731653213501
endloop
endfacet
facet normal -1 0 0
outer loop
vertex -34.382850646972656 -69.93744659423828 -6.699999809265137
vertex -34.382850646972656 -71.137451171875 -8.199999809265137
vertex -34.382850646972656 -71.137451171875 -6.699999809265137
endloop
endfacet
facet normal -1 0 0
outer loop
vertex -34.382850646972656 -69.93744659423828 -8.199999809265137
vertex -34.382850646972656 -71.137451171875 -8.199999809265137
vertex -34.382850646972656 -69.93744659423828 -6.699999809265137
endloop
endfacet
facet normal 0.5555690810033217 0 0.83147038205406
outer loop
vertex -43.58995819091797 -71.137451171875 -8.907106399536133
vertex -43.265533447265625 -71.137451171875 -9.123879432678223
vertex -43.265533447265625 -69.93744659423828 -9.123879432678223
endloop
endfacet
facet normal 0.5555690810033217 0 0.83147038205406
outer loop
vertex -43.58995819091797 -71.137451171875 -8.907106399536133
vertex -43.265533447265625 -69.93744659423828 -9.123879432678223
vertex -43.58995819091797 -69.93744659423828 -8.907106399536133
endloop
endfacet
facet normal 0.19509040787318935 0 0.9807852633251952
outer loop
vertex -43.265533447265625 -71.137451171875 -9.123879432678223
vertex -42.882850646972656 -71.137451171875 -9.199999809265137
vertex -42.882850646972656 -69.93744659423828 -9.199999809265137
endloop
endfacet
facet normal -0.19509158345481065 0 -0.9807850294866325
outer loop
vertex -35.00016784667969 -69.93744659423828 -5.776120662689209
vertex -35.00016784667969 -71.137451171875 -5.776120662689209
vertex -35.382850646972656 -69.93744659423828 -5.699999809265137
endloop
endfacet
facet normal -0.980784420993769 0 0.19509464250952005
outer loop
vertex -34.4589729309082 -69.93744659423828 -8.582683563232422
vertex -34.4589729309082 -71.137451171875 -8.582683563232422
vertex -34.382850646972656 -69.93744659423828 -8.199999809265137
endloop
endfacet
facet normal 1 0 0
outer loop
vertex 64.36042785644531 -72.21554565429688 -1.5
vertex 64.36042785644531 -72.11946868896484 -1.5094140768051147
vertex 64.36042785644531 -72.11946868896484 -1
endloop
endfacet
facet normal 0.05019126511808305 -0.10763610793679108 0.9929226078471907
outer loop
vertex 62.32419204711914 -72.40657806396484 -0.4050999879837036
vertex 62.59659194946289 -73.15499114990234 -0.5
vertex 63.46220779418945 -71.87591552734375 -0.4050999879837036
endloop
endfacet
facet normal -0.027515836669420334 -0.1026907147593202 -0.9943326887086644
outer loop
vertex 58.60954666137695 -72.7315673828125 -1.5949000120162964
vertex 57.39666748046875 -72.40657806396484 -1.5949000120162964
vertex 58.71745681762695 -72.11957550048828 -1.6610902547836304
endloop
endfacet
facet normal -0.010351643117954003 -0.1183119186325124 -0.9929225213450708
outer loop
vertex 59.46043014526367 -73.60245513916016 -1.5
vertex 58.60954666137695 -72.7315673828125 -1.5949000120162964
vertex 59.46043014526367 -72.80601501464844 -1.5949000120162964
endloop
endfacet
facet normal -0.00926634513132923 -0.10590773452159817 -0.9943327846432551
outer loop
vertex 59.46043014526367 -72.80601501464844 -1.5949000120162964
vertex 58.60954666137695 -72.7315673828125 -1.5949000120162964
vertex 59.46043014526367 -72.11956024169922 -1.6680152416229248
endloop
endfacet
facet normal -0.009265641828023696 -0.10590870082267088 -0.9943326882746885
outer loop
vertex 58.60954666137695 -72.7315673828125 -1.5949000120162964
vertex 58.71745681762695 -72.11957550048828 -1.6610902547836304
vertex 59.46043014526367 -72.11956024169922 -1.6680152416229248
endloop
endfacet
facet normal -0.010350590115886993 -0.11831090418586529 -0.9929226531986144
outer loop
vertex 58.60954666137695 -72.7315673828125 -1.5949000120162964
vertex 59.46043014526367 -73.60245513916016 -1.5
vertex 58.47124481201172 -73.51591491699219 -1.5
endloop
endfacet
facet normal -0.030738008060226956 -0.11471604719512055 -0.9929226572983497
outer loop
vertex 58.47124481201172 -73.51591491699219 -1.5
vertex 57.39666748046875 -72.40657806396484 -1.5949000120162964
vertex 58.60954666137695 -72.7315673828125 -1.5949000120162964
endloop
endfacet
facet normal 0.010350678969440938 -0.11831191981339857 -0.9929225312555555
outer loop
vertex 60.26042938232422 -72.80601501464844 -1.5949000120162964
vertex 61.24961471557617 -73.51591491699219 -1.5
vertex 60.26042938232422 -73.60245513916016 -1.5
endloop
endfacet
facet normal 0.009266350606445914 -0.1059077970982879 -0.9943327779271013
outer loop
vertex 60.26042938232422 -72.80601501464844 -1.5949000120162964
vertex 60.26042938232422 -72.11954498291016 -1.6680169105529785
vertex 61.11131286621094 -72.7315673828125 -1.5949000120162964
endloop
endfacet
facet normal 0.010351539812745284 -0.11831073792744859 -0.9929226631085464
outer loop
vertex 61.24961471557617 -73.51591491699219 -1.5
vertex 60.26042938232422 -72.80601501464844 -1.5949000120162964
vertex 61.11131286621094 -72.7315673828125 -1.5949000120162964
endloop
endfacet
facet normal 0.009265939442969816 -0.10590836200083971 -0.9943327215899808
outer loop
vertex 60.26042938232422 -72.11954498291016 -1.6680169105529785
vertex 61.003395080566406 -72.1195297241211 -1.6610950231552124
vertex 61.11131286621094 -72.7315673828125 -1.5949000120162964
endloop
endfacet
facet normal -0.0449295517628414 -0.0963525245073329 -0.9943327040781943
outer loop
vertex 57.39666748046875 -72.40657806396484 -1.5949000120162964
vertex 56.78126525878906 -72.11961364746094 -1.5949000120162964
vertex 57.501121520996094 -72.11959838867188 -1.627428650856018
endloop
endfacet
facet normal 0.030738256684475305 -0.11471600304185003 -0.992922654702823
outer loop
vertex 61.24961471557617 -73.51591491699219 -1.5
vertex 61.11131286621094 -72.7315673828125 -1.5949000120162964
vertex 62.59659194946289 -73.15499114990234 -1.5
endloop
endfacet
facet normal 0.03073812088894997 -0.11471646827852612 -0.9929226051560707
outer loop
vertex 62.59659194946289 -73.15499114990234 -1.5
vertex 61.11131286621094 -72.7315673828125 -1.5949000120162964
vertex 62.32419204711914 -72.40657806396484 -1.5949000120162964
endloop
endfacet
facet normal 0.027515736695757288 -0.10269045878276488 -0.9943327179114017
outer loop
vertex 61.11131286621094 -72.7315673828125 -1.5949000120162964
vertex 61.003395080566406 -72.1195297241211 -1.6610950231552124
vertex 62.21970748901367 -72.1195068359375 -1.6274389028549194
endloop
endfacet
facet normal 0.027515797307296693 -0.10269056785756833 -0.9943327049693347
outer loop
vertex 62.32419204711914 -72.40657806396484 -1.5949000120162964
vertex 61.11131286621094 -72.7315673828125 -1.5949000120162964
vertex 62.21970748901367 -72.1195068359375 -1.6274389028549194
endloop
endfacet
facet normal 0.044930178127715714 -0.09635230072592998 -0.9943326974600764
outer loop
vertex 62.21970748901367 -72.1195068359375 -1.6274389028549194
vertex 62.93984603881836 -72.11949157714844 -1.5949000120162964
vertex 62.32419204711914 -72.40657806396484 -1.5949000120162964
endloop
endfacet
facet normal -0.030738358281302572 -0.11471638220394974 -0.9929226077515849
outer loop
vertex 57.124267578125 -73.15499114990234 -1.5
vertex 57.39666748046875 -72.40657806396484 -1.5949000120162964
vertex 58.47124481201172 -73.51591491699219 -1.5
endloop
endfacet
facet normal -0.05019114966634547 -0.1076361501179581 -0.9929226091105765
outer loop
vertex 57.124267578125 -73.15499114990234 -1.5
vertex 56.78126525878906 -72.11961364746094 -1.5949000120162964
vertex 57.39666748046875 -72.40657806396484 -1.5949000120162964
endloop
endfacet
facet normal -0.050190999563596767 -0.1076385017068983 -0.9929223617751295
outer loop
vertex 56.78126525878906 -72.11961364746094 -1.5949000120162964
vertex 55.86043167114258 -72.5656509399414 -1.5
vertex 56.117942810058594 -72.11962890625 -1.5613682270050049
endloop
endfacet
facet normal -0.06812087167067142 -0.09728626568042717 -0.9929224185971356
outer loop
vertex 55.36043167114258 -72.11963653564453 -1.5093971490859985
vertex 55.86043167114258 -72.5656509399414 -1.5
vertex 55.36043167114258 -72.21554565429688 -1.5
endloop
endfacet
facet normal 0.05019165176549849 -0.10763596667221456 -0.9929226036160064
outer loop
vertex 62.59659194946289 -73.15499114990234 -1.5
vertex 62.32419204711914 -72.40657806396484 -1.5949000120162964
vertex 63.86043167114258 -72.5656509399414 -1.5
endloop
endfacet
facet normal 0.05019169537515323 -0.10763556986095803 -0.9929226444270846
outer loop
vertex 63.86043167114258 -72.5656509399414 -1.5
vertex 62.32419204711914 -72.40657806396484 -1.5949000120162964
vertex 62.93984603881836 -72.11949157714844 -1.5949000120162964
endloop
endfacet
facet normal 0.05019067648558324 -0.10763763551818172 -0.9929224720057324
outer loop
vertex 63.86043167114258 -72.5656509399414 -1.5
vertex 62.93984603881836 -72.11949157714844 -1.5949000120162964
vertex 63.60283279418945 -72.1194839477539 -1.5613878965377808
endloop
endfacet
facet normal 0.06812011109072966 -0.09728590576197402 -0.9929225060421679
outer loop
vertex 63.86043167114258 -72.5656509399414 -1.5
vertex 63.60283279418945 -72.1194839477539 -1.5613878965377808
vertex 64.36042785644531 -72.11946868896484 -1.5094140768051147
endloop
endfacet
facet normal 0.5735810398867199 -0.8191488208393326 0
outer loop
vertex 63.86043167114258 -72.5656509399414 -1.5
vertex 64.36042785644531 -72.21554565429688 -1.5
vertex 64.36042785644531 -72.21554565429688 -0.5
endloop
endfacet
facet normal 0.05019192220417751 -0.10763654662779717 0.9929225270762527
outer loop
vertex 62.59659194946289 -73.15499114990234 -0.5
vertex 63.86043167114258 -72.5656509399414 -0.5
vertex 63.46220779418945 -71.87591552734375 -0.4050999879837036
endloop
endfacet
facet normal -1 0 0
outer loop
vertex 55.36043167114258 -72.11963653564453 -1
vertex 55.36043167114258 -72.11963653564453 -1.5093971490859985
vertex 55.36043167114258 -72.21554565429688 -1.5
endloop
endfacet
facet normal -0.42262052825064694 -0.9063067301422538 0
outer loop
vertex 57.124267578125 -73.15499114990234 -1.5
vertex 57.124267578125 -73.15499114990234 -0.5
vertex 55.86043167114258 -72.5656509399414 -1.5
endloop
endfacet
facet normal -0.5735781035076711 -0.8191508769308272 0
outer loop
vertex 55.86043167114258 -72.5656509399414 -0.5
vertex 55.36043167114258 -72.21554565429688 -1.5
vertex 55.86043167114258 -72.5656509399414 -1.5
endloop
endfacet
facet normal -0.42262052825064694 -0.9063067301422538 0
outer loop
vertex 55.86043167114258 -72.5656509399414 -0.5
vertex 55.86043167114258 -72.5656509399414 -1.5
vertex 57.124267578125 -73.15499114990234 -0.5
endloop
endfacet
facet normal -0.25882058733748775 -0.9659254130471346 0
outer loop
vertex 57.124267578125 -73.15499114990234 -0.5
vertex 57.124267578125 -73.15499114990234 -1.5
vertex 58.47124481201172 -73.51591491699219 -0.5
endloop
endfacet
facet normal -0.25882058733748775 -0.9659254130471346 0
outer loop
vertex 58.47124481201172 -73.51591491699219 -0.5
vertex 57.124267578125 -73.15499114990234 -1.5
vertex 58.47124481201172 -73.51591491699219 -1.5
endloop
endfacet
facet normal -0.08715346341544244 -0.9961948975048472 0
outer loop
vertex 58.47124481201172 -73.51591491699219 -1.5
vertex 59.46043014526367 -73.60245513916016 -1.5
vertex 59.46043014526367 -73.60245513916016 -0.5
endloop
endfacet
facet normal -0.06812111563537555 -0.0972865382592799 -0.9929223751523165
outer loop
vertex 55.86043167114258 -72.5656509399414 -1.5
vertex 55.36043167114258 -72.11963653564453 -1.5093971490859985
vertex 56.117942810058594 -72.11962890625 -1.5613682270050049
endloop
endfacet
facet normal -0.08715346341544244 -0.9961948975048472 0
outer loop
vertex 58.47124481201172 -73.51591491699219 -0.5
vertex 58.47124481201172 -73.51591491699219 -1.5
vertex 59.46043014526367 -73.60245513916016 -0.5
endloop
endfacet
facet normal -0.05019202008135369 -0.10763643164107557 -0.9929225345935748
outer loop
vertex 55.86043167114258 -72.5656509399414 -1.5
vertex 56.78126525878906 -72.11961364746094 -1.5949000120162964
vertex 57.124267578125 -73.15499114990234 -1.5
endloop
endfacet
facet normal -1 0 0
outer loop
vertex 55.36043167114258 -72.11963653564453 -1
vertex 55.36043167114258 -72.21554565429688 -1.5
vertex 55.36043167114258 -72.21554565429688 -0.5
endloop
endfacet
facet normal -0.5735781035076711 -0.8191508769308272 0
outer loop
vertex 55.36043167114258 -72.21554565429688 -0.5
vertex 55.36043167114258 -72.21554565429688 -1.5
vertex 55.86043167114258 -72.5656509399414 -0.5
endloop
endfacet
facet normal 0.06812086438782745 -0.09728561639872844 0.9929224827130135
outer loop
vertex 63.96397399902344 -71.52457427978516 -0.4050999879837036
vertex 64.36042785644531 -72.21554565429688 -0.5
vertex 64.36042785644531 -71.55471801757812 -0.43525272607803345
endloop
endfacet
facet normal -0.06812049328025564 -0.09728572528524992 0.9929224975047032
outer loop
vertex 55.36043167114258 -72.21554565429688 -0.5
vertex 55.86043167114258 -72.5656509399414 -0.5
vertex 56.25865173339844 -71.87591552734375 -0.4050999879837036
endloop
endfacet
facet normal -0.06812026067590475 -0.09728632840131711 0.9929224543697448
outer loop
vertex 55.757110595703125 -71.52473449707031 -0.4050999879837036
vertex 55.36043167114258 -72.21554565429688 -0.5
vertex 56.25865173339844 -71.87591552734375 -0.4050999879837036
endloop
endfacet
facet normal -0.05019166600345517 -0.10763696764297866 0.9929224943873625
outer loop
vertex 56.25865173339844 -71.87591552734375 -0.4050999879837036
vertex 55.86043167114258 -72.5656509399414 -0.5
vertex 57.39666748046875 -72.40657806396484 -0.4050999879837036
endloop
endfacet
facet normal -0.06097783350812958 -0.08708583139599006 0.99433282244464
outer loop
vertex 56.48984909057617 -71.4754638671875 -0.3558492958545685
vertex 55.757110595703125 -71.52473449707031 -0.4050999879837036
vertex 56.25865173339844 -71.87591552734375 -0.4050999879837036
endloop
endfacet
facet normal -0.04492988741672855 -0.09635097846714981 0.994332838724108
outer loop
vertex 57.20332336425781 -71.43975067138672 -0.32014966011047363
vertex 56.48984909057617 -71.4754638671875 -0.3558492958545685
vertex 56.25865173339844 -71.87591552734375 -0.4050999879837036
endloop
endfacet
facet normal -0.050191781208217705 -0.10763591937932698 0.9929226021994432
outer loop
vertex 57.39666748046875 -72.40657806396484 -0.4050999879837036
vertex 55.86043167114258 -72.5656509399414 -0.5
vertex 57.124267578125 -73.15499114990234 -0.5
endloop
endfacet
facet normal -0.03073812088894997 -0.11471646827852612 0.9929226051560707
outer loop
vertex 57.39666748046875 -72.40657806396484 -0.4050999879837036
vertex 57.124267578125 -73.15499114990234 -0.5
vertex 58.60954666137695 -72.7315673828125 -0.4050999879837036
endloop
endfacet
facet normal -0.04492956965268966 -0.09635230347975697 0.9943327246877521
outer loop
vertex 56.25865173339844 -71.87591552734375 -0.4050999879837036
vertex 57.39666748046875 -72.40657806396484 -0.4050999879837036
vertex 57.66945266723633 -71.65711212158203 -0.32014966011047363
endloop
endfacet
facet normal -0.04492972753781372 -0.09635131970916237 0.9943328128819247
outer loop
vertex 57.20332336425781 -71.43975067138672 -0.32014966011047363
vertex 56.25865173339844 -71.87591552734375 -0.4050999879837036
vertex 57.66945266723633 -71.65711212158203 -0.32014966011047363
endloop
endfacet
facet normal -0.039661530847608144 -0.08505372830575257 0.9955866744146967
outer loop
vertex 57.75735092163086 -71.41561126708984 -0.2960164248943329
vertex 57.20332336425781 -71.43975067138672 -0.32014966011047363
vertex 57.66945266723633 -71.65711212158203 -0.32014966011047363
endloop
endfacet
facet normal -1 0 0
outer loop
vertex 55.36043167114258 -71.5549087524414 -0.4352714717388153
vertex 55.36043167114258 -72.11963653564453 -1
vertex 55.36043167114258 -72.21554565429688 -0.5
endloop
endfacet
facet normal -0.030738256684475305 -0.11471600304185003 0.992922654702823
outer loop
vertex 58.60954666137695 -72.7315673828125 -0.4050999879837036
vertex 57.124267578125 -73.15499114990234 -0.5
vertex 58.47124481201172 -73.51591491699219 -0.5
endloop
endfacet
facet normal -0.010351539812745284 -0.11831073792744859 0.9929226631085464
outer loop
vertex 58.60954666137695 -72.7315673828125 -0.4050999879837036
vertex 58.47124481201172 -73.51591491699219 -0.5
vertex 59.46043014526367 -72.80601501464844 -0.4050999879837036
endloop
endfacet
facet normal -0.02751587541438936 -0.1026908593578149 0.9943326727029207
outer loop
vertex 57.39666748046875 -72.40657806396484 -0.4050999879837036
vertex 58.60954666137695 -72.7315673828125 -0.4050999879837036
vertex 58.74803924560547 -71.94612121582031 -0.32014966011047363
endloop
endfacet
facet normal -0.02751605233351927 -0.10269034894856136 0.994332720520049
outer loop
vertex 57.66945266723633 -71.65711212158203 -0.32014966011047363
vertex 57.39666748046875 -72.40657806396484 -0.4050999879837036
vertex 58.74803924560547 -71.94612121582031 -0.32014966011047363
endloop
endfacet
facet normal -0.024289458927084194 -0.09064865056807397 0.9955866834862834
outer loop
vertex 57.75735092163086 -71.41561126708984 -0.2960164248943329
vertex 57.66945266723633 -71.65711212158203 -0.32014966011047363
vertex 58.74803924560547 -71.94612121582031 -0.32014966011047363
endloop
endfacet
facet normal -0.009265582214087546 -0.10590881459778646 0.9943326767117361
outer loop
vertex 58.74803924560547 -71.94612121582031 -0.32014966011047363
vertex 58.60954666137695 -72.7315673828125 -0.4050999879837036
vertex 59.46043014526367 -72.0084457397461 -0.32014966011047363
endloop
endfacet
facet normal -0.010350678969440938 -0.11831191981339857 0.9929225312555555
outer loop
vertex 59.46043014526367 -72.80601501464844 -0.4050999879837036
vertex 58.47124481201172 -73.51591491699219 -0.5
vertex 59.46043014526367 -73.60245513916016 -0.5
endloop
endfacet
facet normal -0.009266360428923093 -0.10590790936221621 0.9943327658781671
outer loop
vertex 59.46043014526367 -72.0084457397461 -0.32014966011047363
vertex 58.60954666137695 -72.7315673828125 -0.4050999879837036
vertex 59.46043014526367 -72.80601501464844 -0.4050999879837036
endloop
endfacet
facet normal -0.008178938134818355 -0.09348809632385806 0.9955868022511788
outer loop
vertex 58.74803924560547 -71.94612121582031 -0.32014966011047363
vertex 59.46043014526367 -72.0084457397461 -0.32014966011047363
vertex 59.46043014526367 -71.38076782226562 -0.2612091302871704
endloop
endfacet
facet normal -0.024288674820749236 -0.09064719321359584 0.9955868353076737
outer loop
vertex 58.846744537353516 -71.38634490966797 -0.2667745351791382
vertex 57.75735092163086 -71.41561126708984 -0.2960164248943329
vertex 58.74803924560547 -71.94612121582031 -0.32014966011047363
endloop
endfacet
facet normal -0.008179195106079675 -0.09348777544059855 0.9955868302717674
outer loop
vertex 59.46043014526367 -71.38076782226562 -0.2612091302871704
vertex 58.846744537353516 -71.38634490966797 -0.2667745351791382
vertex 58.74803924560547 -71.94612121582031 -0.32014966011047363
endloop
endfacet
facet normal -0.06812165515054569 -0.09728552532998394 0.9929224373841188
outer loop
vertex 55.757110595703125 -71.52473449707031 -0.4050999879837036
vertex 55.36043167114258 -71.5549087524414 -0.4352714717388153
vertex 55.36043167114258 -72.21554565429688 -0.5
endloop
endfacet
facet normal 0.0681202041367817 -0.09728552095645676 0.992922537361598
outer loop
vertex 63.96397399902344 -71.52457427978516 -0.4050999879837036
vertex 63.46220779418945 -71.87591552734375 -0.4050999879837036
vertex 63.86043167114258 -72.5656509399414 -0.5
endloop
endfacet
facet normal 0.42261948047228126 -0.9063072187317825 0
outer loop
vertex 62.59659194946289 -73.15499114990234 -0.5
vertex 62.59659194946289 -73.15499114990234 -1.5
vertex 63.86043167114258 -72.5656509399414 -0.5
endloop
endfacet
facet normal 0.08715346341544244 -0.9961948975048472 0
outer loop
vertex 61.24961471557617 -73.51591491699219 -1.5
vertex 61.24961471557617 -73.51591491699219 -0.5
vertex 60.26042938232422 -73.60245513916016 -1.5
endloop
endfacet
facet normal 0.25882058733748775 -0.9659254130471346 0
outer loop
vertex 61.24961471557617 -73.51591491699219 -1.5
vertex 62.59659194946289 -73.15499114990234 -1.5
vertex 62.59659194946289 -73.15499114990234 -0.5
endloop
endfacet
facet normal 0.08715346341544244 -0.9961948975048472 0
outer loop
vertex 60.26042938232422 -73.60245513916016 -1.5
vertex 61.24961471557617 -73.51591491699219 -0.5
vertex 60.26042938232422 -73.60245513916016 -0.5
endloop
endfacet
facet normal 0.06812091597289942 -0.09728558671450566 0.9929224820823767
outer loop
vertex 63.86043167114258 -72.5656509399414 -0.5
vertex 64.36042785644531 -72.21554565429688 -0.5
vertex 63.96397399902344 -71.52457427978516 -0.4050999879837036
endloop
endfacet
facet normal 0.06097853357793286 -0.08708618069285573 0.9943327489201068
outer loop
vertex 63.230926513671875 -71.4753189086914 -0.3558311462402344
vertex 63.46220779418945 -71.87591552734375 -0.4050999879837036
vertex 63.96397399902344 -71.52457427978516 -0.4050999879837036
endloop
endfacet
facet normal 0.25882058733748775 -0.9659254130471346 0
outer loop
vertex 61.24961471557617 -73.51591491699219 -0.5
vertex 61.24961471557617 -73.51591491699219 -1.5
vertex 62.59659194946289 -73.15499114990234 -0.5
endloop
endfacet
facet normal 0.42261948047228126 -0.9063072187317825 0
outer loop
vertex 62.59659194946289 -73.15499114990234 -1.5
vertex 63.86043167114258 -72.5656509399414 -1.5
vertex 63.86043167114258 -72.5656509399414 -0.5
endloop
endfacet
facet normal 0.044929953160840086 -0.09635170335077382 0.9943327655118125
outer loop
vertex 63.46220779418945 -71.87591552734375 -0.4050999879837036
vertex 63.230926513671875 -71.4753189086914 -0.3558311462402344
vertex 62.517757415771484 -71.43965148925781 -0.32014966011047363
endloop
endfacet
facet normal 1 0 0
outer loop
vertex 64.36042785644531 -72.21554565429688 -0.5
vertex 64.36042785644531 -72.21554565429688 -1.5
vertex 64.36042785644531 -72.11946868896484 -1
endloop
endfacet
facet normal 0.04492962062337536 -0.09635241278734694 0.9943327117925349
outer loop
vertex 62.517757415771484 -71.43965148925781 -0.32014966011047363
vertex 62.32419204711914 -72.40657806396484 -0.4050999879837036
vertex 63.46220779418945 -71.87591552734375 -0.4050999879837036
endloop
endfacet
facet normal 0.5735810398867199 -0.8191488208393326 0
outer loop
vertex 63.86043167114258 -72.5656509399414 -0.5
vertex 63.86043167114258 -72.5656509399414 -1.5
vertex 64.36042785644531 -72.21554565429688 -0.5
endloop
endfacet
facet normal 1 0 0
outer loop
vertex 64.36042785644531 -72.21554565429688 -0.5
vertex 64.36042785644531 -72.11946868896484 -1
vertex 64.36042785644531 -71.55471801757812 -0.43525272607803345
endloop
endfacet
facet normal 0.010350590115886993 -0.11831090418586529 0.9929226531986144
outer loop
vertex 60.26042938232422 -73.60245513916016 -0.5
vertex 61.24961471557617 -73.51591491699219 -0.5
vertex 61.11131286621094 -72.7315673828125 -0.4050999879837036
endloop
endfacet
facet normal 0.010351643117954003 -0.1183119186325124 0.9929225213450708
outer loop
vertex 60.26042938232422 -72.80601501464844 -0.4050999879837036
vertex 60.26042938232422 -73.60245513916016 -0.5
vertex 61.11131286621094 -72.7315673828125 -0.4050999879837036
endloop
endfacet
facet normal 0.009266426678971948 -0.10590866655315684 0.9943326846109081
outer loop
vertex 60.26042938232422 -72.80601501464844 -0.4050999879837036
vertex 61.11131286621094 -72.7315673828125 -0.4050999879837036
vertex 60.97282028198242 -71.94612121582031 -0.32014966011047363
endloop
endfacet
facet normal 0.009265503091886992 -0.1059079102036237 0.9943327737778513
outer loop
vertex 60.26042938232422 -72.0084457397461 -0.32014966011047363
vertex 60.26042938232422 -72.80601501464844 -0.4050999879837036
vertex 60.97282028198242 -71.94612121582031 -0.32014966011047363
endloop
endfacet
facet normal 0.008178985444190951 -0.0934886370863763 0.9955867510834179
outer loop
vertex 60.26042938232422 -72.0084457397461 -0.32014966011047363
vertex 60.97282028198242 -71.94612121582031 -0.32014966011047363
vertex 60.874107360839844 -71.38630676269531 -0.2667704224586487
endloop
endfacet
facet normal 0.024289255063182295 -0.09064788974472002 0.9955867577329988
outer loop
vertex 60.874107360839844 -71.38630676269531 -0.2667704224586487
vertex 60.97282028198242 -71.94612121582031 -0.32014966011047363
vertex 62.05140686035156 -71.65711212158203 -0.32014966011047363
endloop
endfacet
facet normal 0.030738358281302572 -0.11471638220394974 0.9929226077515849
outer loop
vertex 61.24961471557617 -73.51591491699219 -0.5
vertex 62.59659194946289 -73.15499114990234 -0.5
vertex 62.32419204711914 -72.40657806396484 -0.4050999879837036
endloop
endfacet
facet normal 0.030738008060226956 -0.11471604719512055 0.9929226572983497
outer loop
vertex 61.11131286621094 -72.7315673828125 -0.4050999879837036
vertex 61.24961471557617 -73.51591491699219 -0.5
vertex 62.32419204711914 -72.40657806396484 -0.4050999879837036
endloop
endfacet
facet normal 0.027515766447171405 -0.10269045268577248 0.9943327177177748
outer loop
vertex 61.11131286621094 -72.7315673828125 -0.4050999879837036
vertex 62.32419204711914 -72.40657806396484 -0.4050999879837036
vertex 62.05140686035156 -71.65711212158203 -0.32014966011047363
endloop
endfacet
facet normal 0.02751617486923178 -0.1026908062538072 0.9943326699005263
outer loop
vertex 60.97282028198242 -71.94612121582031 -0.32014966011047363
vertex 61.11131286621094 -72.7315673828125 -0.4050999879837036
vertex 62.05140686035156 -71.65711212158203 -0.32014966011047363
endloop
endfacet
facet normal 0.039660504355940596 -0.085053087710383 0.9955867700332113
outer loop
vertex 62.05140686035156 -71.65711212158203 -0.32014966011047363
vertex 62.517757415771484 -71.43965148925781 -0.32014966011047363
vertex 61.96347427368164 -71.41551971435547 -0.2960074841976166
endloop
endfacet
facet normal 0.044929392056507665 -0.09635236831737218 0.9943327264296725
outer loop
vertex 62.05140686035156 -71.65711212158203 -0.32014966011047363
vertex 62.32419204711914 -72.40657806396484 -0.4050999879837036
vertex 62.517757415771484 -71.43965148925781 -0.32014966011047363
endloop
endfacet
facet normal 0.008178716362087595 -0.09348837397326998 0.9955867780010453
outer loop
vertex 60.26042938232422 -71.38075256347656 -0.2612075209617615
vertex 60.26042938232422 -72.0084457397461 -0.32014966011047363
vertex 60.874107360839844 -71.38630676269531 -0.2667704224586487
endloop
endfacet
facet normal 0.024289284710635704 -0.09064776298769336 0.9955867685508746
outer loop
vertex 60.874107360839844 -71.38630676269531 -0.2667704224586487
vertex 62.05140686035156 -71.65711212158203 -0.32014966011047363
vertex 61.96347427368164 -71.41551971435547 -0.2960074841976166
endloop
endfacet
facet normal 0.06812482882285124 -0.09729117477652525 -0.9929216660988222
outer loop
vertex 63.86043167114258 -72.5656509399414 -1.5
vertex 64.36042785644531 -72.11946868896484 -1.5094140768051147
vertex 64.36042785644531 -72.21554565429688 -1.5
endloop
endfacet
facet normal -0.027515836151999245 -0.10269071708832803 -0.9943326884824522
outer loop
vertex 57.39666748046875 -72.40657806396484 -1.5949000120162964
vertex 57.501121520996094 -72.11959838867188 -1.627428650856018
vertex 58.71745681762695 -72.11957550048828 -1.6610902547836304
endloop
endfacet
facet normal 0.2588212712285562 -0.9659252297976455 0
outer loop
vertex -59.21025085449219 -73.51591491699219 -1.5
vertex -57.863277435302734 -73.15499114990234 -1.5
vertex -57.863277435302734 -73.15499114990234 -0.5
endloop
endfacet
facet normal 0.08715346341544244 -0.9961948975048472 0
outer loop
vertex -60.19943618774414 -73.60245513916016 -0.5
vertex -60.19943618774414 -73.60245513916016 -1.5
vertex -59.21025085449219 -73.51591491699219 -0.5
endloop
endfacet
facet normal 0.05019136566444446 -0.10763632356034597 0.9929225793903321
outer loop
vertex -58.13567352294922 -72.40657806396484 -0.4050999879837036
vertex -57.863277435302734 -73.15499114990234 -0.5
vertex -56.997657775878906 -71.87591552734375 -0.4050999879837036
endloop
endfacet
facet normal 0.044929516677361205 -0.09635247343670406 0.9943327106123824
outer loop
vertex -56.997657775878906 -71.87591552734375 -0.4050999879837036
vertex -57.227420806884766 -71.47795867919922 -0.3561553359031677
vertex -57.94706726074219 -71.44196319580078 -0.32014966011047363
endloop
endfacet
facet normal 0.027515751170308047 -0.10269039567162327 -0.9943327240287021
outer loop
vertex -58.13567352294922 -72.40657806396484 -1.5949000120162964
vertex -59.34855270385742 -72.7315673828125 -1.5949000120162964
vertex -58.23931884765625 -72.12181854248047 -1.6271768808364868
endloop
endfacet
facet normal 0.027515827597588666 -0.10269053383817808 -0.9943327076445035
outer loop
vertex -59.34855270385742 -72.7315673828125 -1.5949000120162964
vertex -59.45606231689453 -72.12184143066406 -1.6608450412750244
vertex -58.23931884765625 -72.12181854248047 -1.6271768808364868
endloop
endfacet
facet normal 0.030738158599630198 -0.1147166090169944 -0.9929225877285429
outer loop
vertex -57.863277435302734 -73.15499114990234 -1.5
vertex -59.34855270385742 -72.7315673828125 -1.5949000120162964
vertex -58.13567352294922 -72.40657806396484 -1.5949000120162964
endloop
endfacet
facet normal 0.03073833978250938 -0.11471598828443828 -0.9929226538353024
outer loop
vertex -59.21025085449219 -73.51591491699219 -1.5
vertex -59.34855270385742 -72.7315673828125 -1.5949000120162964
vertex -57.863277435302734 -73.15499114990234 -1.5
endloop
endfacet
facet normal 0.009265954136372767 -0.10590843399771994 -0.9943327137845226
outer loop
vertex -59.34855270385742 -72.7315673828125 -1.5949000120162964
vertex -60.19943618774414 -72.12185668945312 -1.6677707433700562
vertex -59.45606231689453 -72.12184143066406 -1.6608450412750244
endloop
endfacet
facet normal 0.0501917523134086 -0.10763618229714661 -0.9929225751589118
outer loop
vertex -57.863277435302734 -73.15499114990234 -1.5
vertex -58.13567352294922 -72.40657806396484 -1.5949000120162964
vertex -56.59943771362305 -72.5656509399414 -1.5
endloop
endfacet
facet normal 0.05019176239399794 -0.10763609057249002 -0.9929225845926031
outer loop
vertex -56.59943771362305 -72.5656509399414 -1.5
vertex -58.13567352294922 -72.40657806396484 -1.5949000120162964
vertex -57.52497482299805 -72.1218032836914 -1.5949000120162964
endloop
endfacet
facet normal 0.05019107908817732 -0.10763749038204973 -0.9929224673881737
outer loop
vertex -56.59943771362305 -72.5656509399414 -1.5
vertex -57.52497482299805 -72.1218032836914 -1.5949000120162964
vertex -56.8557014465332 -72.12179565429688 -1.5610698461532593
endloop
endfacet
facet normal 0.010351539812745284 -0.11831073792744859 -0.9929226631085464
outer loop
vertex -59.21025085449219 -73.51591491699219 -1.5
vertex -60.19943618774414 -72.80601501464844 -1.5949000120162964
vertex -59.34855270385742 -72.7315673828125 -1.5949000120162964
endloop
endfacet
facet normal 0.009266357642716027 -0.10590787751785104 -0.994332769295924
outer loop
vertex -60.19943618774414 -72.80601501464844 -1.5949000120162964
vertex -60.19943618774414 -72.12185668945312 -1.6677707433700562
vertex -59.34855270385742 -72.7315673828125 -1.5949000120162964
endloop
endfacet
facet normal 0.010350678969440938 -0.11831191981339857 -0.9929225312555555
outer loop
vertex -60.19943618774414 -72.80601501464844 -1.5949000120162964
vertex -59.21025085449219 -73.51591491699219 -1.5
vertex -60.19943618774414 -73.60245513916016 -1.5
endloop
endfacet
facet normal -0.009266310609920527 -0.10590781477228034 -0.9943327764173525
outer loop
vertex -60.99943542480469 -72.80601501464844 -1.5949000120162964
vertex -61.85032272338867 -72.7315673828125 -1.5949000120162964
vertex -60.99943542480469 -72.12187194824219 -1.6677690744400024
endloop
endfacet
facet normal 0.06811982703343786 -0.09728617524574233 -0.9929224991261851
outer loop
vertex -56.59943771362305 -72.5656509399414 -1.5
vertex -56.8557014465332 -72.12179565429688 -1.5610698461532593
vertex -56.09943771362305 -72.12178039550781 -1.5091875791549683
endloop
endfacet
facet normal 0.06812441618495618 -0.09729132774951053 -0.9929216794209885
outer loop
vertex -56.59943771362305 -72.5656509399414 -1.5
vertex -56.09943771362305 -72.12178039550781 -1.5091875791549683
vertex -56.09943771362305 -72.21554565429688 -1.5
endloop
endfacet
facet normal 1 0 0
outer loop
vertex -56.09943771362305 -72.21554565429688 -1.5
vertex -56.09943771362305 -72.12178039550781 -1.5091875791549683
vertex -56.09943771362305 -72.12178039550781 -1
endloop
endfacet
facet normal -0.42262052825064694 -0.9063067301422538 0
outer loop
vertex -63.33559799194336 -73.15499114990234 -1.5
vertex -63.33559799194336 -73.15499114990234 -0.5
vertex -64.59943389892578 -72.5656509399414 -1.5
endloop
endfacet
facet normal -0.5735781035076711 -0.8191508769308272 0
outer loop
vertex -64.59943389892578 -72.5656509399414 -0.5
vertex -65.09943389892578 -72.21554565429688 -1.5
vertex -64.59943389892578 -72.5656509399414 -1.5
endloop
endfacet
facet normal -0.42262052825064694 -0.9063067301422538 0
outer loop
vertex -64.59943389892578 -72.5656509399414 -0.5
vertex -64.59943389892578 -72.5656509399414 -1.5
vertex -63.33559799194336 -73.15499114990234 -0.5
endloop
endfacet
facet normal -0.25882058733748775 -0.9659254130471346 0
outer loop
vertex -63.33559799194336 -73.15499114990234 -0.5
vertex -63.33559799194336 -73.15499114990234 -1.5
vertex -61.98862075805664 -73.51591491699219 -0.5
endloop
endfacet
facet normal -0.25882058733748775 -0.9659254130471346 0
outer loop
vertex -61.98862075805664 -73.51591491699219 -0.5
vertex -63.33559799194336 -73.15499114990234 -1.5
vertex -61.98862075805664 -73.51591491699219 -1.5
endloop
endfacet
facet normal -0.01035159671444868 -0.11831191868934979 -0.9929225218220735
outer loop
vertex -60.99943542480469 -73.60245513916016 -1.5
vertex -61.85032272338867 -72.7315673828125 -1.5949000120162964
vertex -60.99943542480469 -72.80601501464844 -1.5949000120162964
endloop
endfacet
facet normal -0.027515899323020333 -0.10269062560691679 -0.9943326961821709
outer loop
vertex -61.85032272338867 -72.7315673828125 -1.5949000120162964
vertex -63.06319808959961 -72.40657806396484 -1.5949000120162964
vertex -61.74281692504883 -72.12188720703125 -1.6608402729034424
endloop
endfacet
facet normal -0.009265656738518264 -0.10590871655979427 -0.9943326864595476
outer loop
vertex -61.85032272338867 -72.7315673828125 -1.5949000120162964
vertex -61.74281692504883 -72.12188720703125 -1.6608402729034424
vertex -60.99943542480469 -72.12187194824219 -1.6677690744400024
endloop
endfacet
facet normal -0.010350594391906024 -0.11831095306227449 -0.992922647330209
outer loop
vertex -61.85032272338867 -72.7315673828125 -1.5949000120162964
vertex -60.99943542480469 -73.60245513916016 -1.5
vertex -61.98862075805664 -73.51591491699219 -1.5
endloop
endfacet
facet normal -0.030738138055674796 -0.11471617154407224 -0.9929226389075542
outer loop
vertex -61.98862075805664 -73.51591491699219 -1.5
vertex -63.06319808959961 -72.40657806396484 -1.5949000120162964
vertex -61.85032272338867 -72.7315673828125 -1.5949000120162964
endloop
endfacet
facet normal -0.02751584052664244 -0.10269089229877411 -0.9943326702663421
outer loop
vertex -63.06319808959961 -72.40657806396484 -1.5949000120162964
vertex -62.95958709716797 -72.12191009521484 -1.6271666288375854
vertex -61.74281692504883 -72.12188720703125 -1.6608402729034424
endloop
endfacet
facet normal -0.04492952219885018 -0.09635281144292414 -0.9943326776094746
outer loop
vertex -63.06319808959961 -72.40657806396484 -1.5949000120162964
vertex -63.67364501953125 -72.1219253540039 -1.5949000120162964
vertex -62.95958709716797 -72.12191009521484 -1.6271666288375854
endloop
endfacet
facet normal -0.030738358281302572 -0.11471638220394974 -0.9929226077515849
outer loop
vertex -63.33559799194336 -73.15499114990234 -1.5
vertex -63.06319808959961 -72.40657806396484 -1.5949000120162964
vertex -61.98862075805664 -73.51591491699219 -1.5
endloop
endfacet
facet normal -0.050190993737733516 -0.10763620708765487 -0.9929226108168765
outer loop
vertex -63.33559799194336 -73.15499114990234 -1.5
vertex -63.67364501953125 -72.1219253540039 -1.5949000120162964
vertex -63.06319808959961 -72.40657806396484 -1.5949000120162964
endloop
endfacet
facet normal -0.050191585969429894 -0.10763639624809418 -0.9929225603744718
outer loop
vertex -63.33559799194336 -73.15499114990234 -1.5
vertex -64.34325408935547 -72.12194061279297 -1.5610500574111938
vertex -63.67364501953125 -72.1219253540039 -1.5949000120162964
endloop
endfacet
facet normal -0.06812071429699014 -0.0972860409284915 -0.992922451415078
outer loop
vertex -64.34325408935547 -72.12194061279297 -1.5610500574111938
vertex -64.59943389892578 -72.5656509399414 -1.5
vertex -65.09943389892578 -72.21554565429688 -1.5
endloop
endfacet
facet normal -0.05019234604175195 -0.10763713066084142 -0.9929224423397459
outer loop
vertex -64.59943389892578 -72.5656509399414 -1.5
vertex -64.34325408935547 -72.12194061279297 -1.5610500574111938
vertex -63.33559799194336 -73.15499114990234 -1.5
endloop
endfacet
facet normal -0.08715346341544244 -0.9961948975048472 0
outer loop
vertex -61.98862075805664 -73.51591491699219 -1.5
vertex -60.99943542480469 -73.60245513916016 -1.5
vertex -60.99943542480469 -73.60245513916016 -0.5
endloop
endfacet
facet normal -0.06812172456627098 -0.0972856477844182 0.9929224206237279
outer loop
vertex -65.09943389892578 -71.5574722290039 -0.43552255630493164
vertex -65.09943389892578 -72.21554565429688 -0.5
vertex -64.69945526123047 -71.52704620361328 -0.4050999879837036
endloop
endfacet
facet normal -1 0 0
outer loop
vertex -65.09943389892578 -72.1219482421875 -1
vertex -65.09943389892578 -72.21554565429688 -0.5
vertex -65.09943389892578 -71.5574722290039 -0.43552255630493164
endloop
endfacet
facet normal -0.5735781035076711 -0.8191508769308272 0
outer loop
vertex -65.09943389892578 -72.21554565429688 -0.5
vertex -65.09943389892578 -72.21554565429688 -1.5
vertex -64.59943389892578 -72.5656509399414 -0.5
endloop
endfacet
facet normal -1 0 0
outer loop
vertex -65.09943389892578 -72.1219482421875 -1
vertex -65.09943389892578 -72.21554565429688 -1.5
vertex -65.09943389892578 -72.21554565429688 -0.5
endloop
endfacet
facet normal -0.08715346341544244 -0.9961948975048472 0
outer loop
vertex -61.98862075805664 -73.51591491699219 -0.5
vertex -61.98862075805664 -73.51591491699219 -1.5
vertex -60.99943542480469 -73.60245513916016 -0.5
endloop
endfacet
facet normal -0.050191781208217705 -0.10763591937932698 0.9929226021994432
outer loop
vertex -64.59943389892578 -72.5656509399414 -0.5
vertex -63.33559799194336 -73.15499114990234 -0.5
vertex -63.06319808959961 -72.40657806396484 -0.4050999879837036
endloop
endfacet
facet normal -0.06812067849088278 -0.09728598979229214 0.9929224588818987
outer loop
vertex -65.09943389892578 -72.21554565429688 -0.5
vertex -64.59943389892578 -72.5656509399414 -0.5
vertex -64.20121765136719 -71.87591552734375 -0.4050999879837036
endloop
endfacet
facet normal -0.06812054549633113 -0.09728633463026012 0.9929224342190538
outer loop
vertex -64.69945526123047 -71.52704620361328 -0.4050999879837036
vertex -65.09943389892578 -72.21554565429688 -0.5
vertex -64.20121765136719 -71.87591552734375 -0.4050999879837036
endloop
endfacet
facet normal -0.06097815313882381 -0.08708592933564172 0.9943327942653433
outer loop
vertex -63.97153854370117 -71.47810363769531 -0.35617348551750183
vertex -64.69945526123047 -71.52704620361328 -0.4050999879837036
vertex -64.20121765136719 -71.87591552734375 -0.4050999879837036
endloop
endfacet
facet normal -0.0501916339137543 -0.10763725963137626 0.9929224643566662
outer loop
vertex -64.20121765136719 -71.87591552734375 -0.4050999879837036
vertex -64.59943389892578 -72.5656509399414 -0.5
vertex -63.06319808959961 -72.40657806396484 -0.4050999879837036
endloop
endfacet
facet normal -1 0 0
outer loop
vertex -65.09943389892578 -72.1219482421875 -1.509170651435852
vertex -65.09943389892578 -72.21554565429688 -1.5
vertex -65.09943389892578 -72.1219482421875 -1
endloop
endfacet
facet normal -0.04492945233127251 -0.09635174287620545 0.9943327843121383
outer loop
vertex -63.2515869140625 -71.44206237792969 -0.32014966011047363
vertex -63.97153854370117 -71.47810363769531 -0.35617348551750183
vertex -64.20121765136719 -71.87591552734375 -0.4050999879837036
endloop
endfacet
facet normal -0.030738209004710124 -0.11471643632919659 0.9929226061194862
outer loop
vertex -63.06319808959961 -72.40657806396484 -0.4050999879837036
vertex -63.33559799194336 -73.15499114990234 -0.5
vertex -61.85032272338867 -72.7315673828125 -0.4050999879837036
endloop
endfacet
facet normal -0.044929531090142506 -0.09635254376009462 0.9943327031466778
outer loop
vertex -64.20121765136719 -71.87591552734375 -0.4050999879837036
vertex -63.06319808959961 -72.40657806396484 -0.4050999879837036
vertex -62.7904167175293 -71.65711212158203 -0.32014966011047363
endloop
endfacet
facet normal -0.044929769358913796 -0.09635105912490094 0.9943328362429075
outer loop
vertex -63.2515869140625 -71.44206237792969 -0.32014966011047363
vertex -64.20121765136719 -71.87591552734375 -0.4050999879837036
vertex -62.7904167175293 -71.65711212158203 -0.32014966011047363
endloop
endfacet
facet normal -0.027515997446134484 -0.10269050729791639 0.9943327056852957
outer loop
vertex -62.7904167175293 -71.65711212158203 -0.32014966011047363
vertex -63.06319808959961 -72.40657806396484 -0.4050999879837036
vertex -61.71182632446289 -71.94612121582031 -0.32014966011047363
endloop
endfacet
facet normal -0.03966177589060001 -0.0850539445975504 0.9955866461748073
outer loop
vertex -62.70344924926758 -71.41818237304688 -0.2962730824947357
vertex -63.2515869140625 -71.44206237792969 -0.32014966011047363
vertex -62.7904167175293 -71.65711212158203 -0.32014966011047363
endloop
endfacet
facet normal -0.03073829439549061 -0.11471614378037633 0.9929226372753399
outer loop
vertex -61.85032272338867 -72.7315673828125 -0.4050999879837036
vertex -63.33559799194336 -73.15499114990234 -0.5
vertex -61.98862075805664 -73.51591491699219 -0.5
endloop
endfacet
facet normal -0.010351498381610402 -0.11831079480990511 0.9929226567627027
outer loop
vertex -61.85032272338867 -72.7315673828125 -0.4050999879837036
vertex -61.98862075805664 -73.51591491699219 -0.5
vertex -60.99943542480469 -72.80601501464844 -0.4050999879837036
endloop
endfacet
facet normal -0.02751592422463865 -0.10269071854092318 0.9943326858952254
outer loop
vertex -61.71182632446289 -71.94612121582031 -0.32014966011047363
vertex -63.06319808959961 -72.40657806396484 -0.4050999879837036
vertex -61.85032272338867 -72.7315673828125 -0.4050999879837036
endloop
endfacet
facet normal -0.02428953325635983 -0.09064924856923942 0.9955866272243818
outer loop
vertex -62.70344924926758 -71.41818237304688 -0.2962730824947357
vertex -62.7904167175293 -71.65711212158203 -0.32014966011047363
vertex -61.71182632446289 -71.94612121582031 -0.32014966011047363
endloop
endfacet
facet normal -0.009265578380794868 -0.10590877078192316 0.9943326814143904
outer loop
vertex -61.71182632446289 -71.94612121582031 -0.32014966011047363
vertex -61.85032272338867 -72.7315673828125 -0.4050999879837036
vertex -60.99943542480469 -72.0084457397461 -0.32014966011047363
endloop
endfacet
facet normal -0.010350678969440938 -0.11831191981339857 0.9929225312555555
outer loop
vertex -60.99943542480469 -72.80601501464844 -0.4050999879837036
vertex -61.98862075805664 -73.51591491699219 -0.5
vertex -60.99943542480469 -73.60245513916016 -0.5
endloop
endfacet
facet normal -0.009266318889550406 -0.10590790940298556 0.9943327662609365
outer loop
vertex -60.99943542480469 -72.0084457397461 -0.32014966011047363
vertex -61.85032272338867 -72.7315673828125 -0.4050999879837036
vertex -60.99943542480469 -72.80601501464844 -0.4050999879837036
endloop
endfacet
facet normal -0.008179000198127721 -0.09348880572898481 0.9955867351261402
outer loop
vertex -61.71182632446289 -71.94612121582031 -0.32014966011047363
vertex -60.99943542480469 -72.0084457397461 -0.32014966011047363
vertex -60.99943542480469 -71.3833236694336 -0.2614486813545227
endloop
endfacet
facet normal -0.024288557038305212 -0.09064742353968139 0.995586817210139
outer loop
vertex -61.61357498168945 -71.38890075683594 -0.26701819896698
vertex -62.70344924926758 -71.41818237304688 -0.2962730824947357
vertex -61.71182632446289 -71.94612121582031 -0.32014966011047363
endloop
endfacet
facet normal -0.008179816406729027 -0.09348778189781859 0.9955868245609611
outer loop
vertex -61.61357498168945 -71.38890075683594 -0.26701819896698
vertex -61.71182632446289 -71.94612121582031 -0.32014966011047363
vertex -60.99943542480469 -71.3833236694336 -0.2614486813545227
endloop
endfacet
facet normal 0.06812059121032572 -0.0972856685850972 0.9929224963415354
outer loop
vertex -56.49919509887695 -71.52688598632812 -0.4050999879837036
vertex -56.997657775878906 -71.87591552734375 -0.4050999879837036
vertex -56.59943771362305 -72.5656509399414 -0.5
endloop
endfacet
facet normal 0.06812029326622471 -0.09728574341643728 0.9929225094503773
outer loop
vertex -56.49919509887695 -71.52688598632812 -0.4050999879837036
vertex -56.09943771362305 -72.21554565429688 -0.5
vertex -56.09943771362305 -71.55728149414062 -0.4355038106441498
endloop
endfacet
facet normal 0.06812044438358997 -0.0972856554538768 0.9929225077013271
outer loop
vertex -56.59943771362305 -72.5656509399414 -0.5
vertex -56.09943771362305 -72.21554565429688 -0.5
vertex -56.49919509887695 -71.52688598632812 -0.4050999879837036
endloop
endfacet
facet normal 0.06097885771435292 -0.08708628091585185 0.9943327202642473
outer loop
vertex -57.227420806884766 -71.47795867919922 -0.3561553359031677
vertex -56.997657775878906 -71.87591552734375 -0.4050999879837036
vertex -56.49919509887695 -71.52688598632812 -0.4050999879837036
endloop
endfacet
facet normal 0.08715346341544244 -0.9961948975048472 0
outer loop
vertex -59.21025085449219 -73.51591491699219 -1.5
vertex -59.21025085449219 -73.51591491699219 -0.5
vertex -60.19943618774414 -73.60245513916016 -1.5
endloop
endfacet
facet normal 0.04492958261791686 -0.09635233128392948 0.9943327214076441
outer loop
vertex -57.94706726074219 -71.44196319580078 -0.32014966011047363
vertex -58.13567352294922 -72.40657806396484 -0.4050999879837036
vertex -56.997657775878906 -71.87591552734375 -0.4050999879837036
endloop
endfacet
facet normal -0.06812068094910789 -0.0972862955475244 -0.9929224287554742
outer loop
vertex -65.09943389892578 -72.1219482421875 -1.509170651435852
vertex -64.34325408935547 -72.12194061279297 -1.5610500574111938
vertex -65.09943389892578 -72.21554565429688 -1.5
endloop
endfacet
facet normal 0.050192022753163396 -0.10763676225503624 0.9929224986186982
outer loop
vertex -57.863277435302734 -73.15499114990234 -0.5
vertex -56.59943771362305 -72.5656509399414 -0.5
vertex -56.997657775878906 -71.87591552734375 -0.4050999879837036
endloop
endfacet
facet normal 0.024289025674034407 -0.09064897874317145 0.9955866641757644
outer loop
vertex -59.58530807495117 -71.38886260986328 -0.2670140862464905
vertex -58.4084587097168 -71.65711212158203 -0.32014966011047363
vertex -58.49545669555664 -71.4180908203125 -0.296264111995697
endloop
endfacet
facet normal 0.008179334020171208 -0.0934890370226433 0.9955867106644027
outer loop
vertex -60.19943618774414 -71.38330841064453 -0.26144710183143616
vertex -60.19943618774414 -72.0084457397461 -0.32014966011047363
vertex -59.58530807495117 -71.38886260986328 -0.2670140862464905
endloop
endfacet
facet normal 0.03966103742108305 -0.08505393860137261 0.9955866761056404
outer loop
vertex -58.4084587097168 -71.65711212158203 -0.32014966011047363
vertex -57.94706726074219 -71.44196319580078 -0.32014966011047363
vertex -58.49545669555664 -71.4180908203125 -0.296264111995697
endloop
endfacet
facet normal 0.04492952399263951 -0.09635232014953442 0.9943327251356039
outer loop
vertex -58.4084587097168 -71.65711212158203 -0.32014966011047363
vertex -58.13567352294922 -72.40657806396484 -0.4050999879837036
vertex -57.94706726074219 -71.44196319580078 -0.32014966011047363
endloop
endfacet
facet normal 0.027515766447171405 -0.10269045268577248 0.9943327177177748
outer loop
vertex -58.4084587097168 -71.65711212158203 -0.32014966011047363
vertex -59.34855270385742 -72.7315673828125 -0.4050999879837036
vertex -58.13567352294922 -72.40657806396484 -0.4050999879837036
endloop
endfacet
facet normal 0.030738008060226956 -0.11471604719512055 0.9929226572983497
outer loop
vertex -59.34855270385742 -72.7315673828125 -0.4050999879837036
vertex -59.21025085449219 -73.51591491699219 -0.5
vertex -58.13567352294922 -72.40657806396484 -0.4050999879837036
endloop
endfacet
facet normal 0.030738475336703073 -0.11471649417491271 0.9929225911913739
outer loop
vertex -59.21025085449219 -73.51591491699219 -0.5
vertex -57.863277435302734 -73.15499114990234 -0.5
vertex -58.13567352294922 -72.40657806396484 -0.4050999879837036
endloop
endfacet
facet normal 0.024289227568891108 -0.09064810773466495 0.9955867385558282
outer loop
vertex -59.58530807495117 -71.38886260986328 -0.2670140862464905
vertex -59.4870491027832 -71.94612121582031 -0.32014966011047363
vertex -58.4084587097168 -71.65711212158203 -0.32014966011047363
endloop
endfacet
facet normal 0.027516048159649344 -0.10269069656223719 0.9943326847354654
outer loop
vertex -59.4870491027832 -71.94612121582031 -0.32014966011047363
vertex -59.34855270385742 -72.7315673828125 -0.4050999879837036
vertex -58.4084587097168 -71.65711212158203 -0.32014966011047363
endloop
endfacet
facet normal 0.008179038857277048 -0.093488747002006 0.9955867403231955
outer loop
vertex -60.19943618774414 -72.0084457397461 -0.32014966011047363
vertex -59.4870491027832 -71.94612121582031 -0.32014966011047363
vertex -59.58530807495117 -71.38886260986328 -0.2670140862464905
endloop
endfacet
facet normal 0.00926555270263327 -0.10590791015493684 0.9943327733207472
outer loop
vertex -60.19943618774414 -72.0084457397461 -0.32014966011047363
vertex -60.19943618774414 -72.80601501464844 -0.4050999879837036
vertex -59.4870491027832 -71.94612121582031 -0.32014966011047363
endloop
endfacet
facet normal 0.009266422844980474 -0.10590862273336107 0.9943326893139843
outer loop
vertex -60.19943618774414 -72.80601501464844 -0.4050999879837036
vertex -59.34855270385742 -72.7315673828125 -0.4050999879837036
vertex -59.4870491027832 -71.94612121582031 -0.32014966011047363
endloop
endfacet
facet normal 0.010351643117954003 -0.1183119186325124 0.9929225213450708
outer loop
vertex -60.19943618774414 -72.80601501464844 -0.4050999879837036
vertex -60.19943618774414 -73.60245513916016 -0.5
vertex -59.34855270385742 -72.7315673828125 -0.4050999879837036
endloop
endfacet
facet normal 0.010350590115886993 -0.11831090418586529 0.9929226531986144
outer loop
vertex -60.19943618774414 -73.60245513916016 -0.5
vertex -59.21025085449219 -73.51591491699219 -0.5
vertex -59.34855270385742 -72.7315673828125 -0.4050999879837036
endloop
endfacet
facet normal 1 0 0
outer loop
vertex -56.09943771362305 -72.21554565429688 -0.5
vertex -56.09943771362305 -72.12178039550781 -1
vertex -56.09943771362305 -71.55728149414062 -0.4355038106441498
endloop
endfacet
facet normal 0.5735781035076711 -0.8191508769308272 0
outer loop
vertex -56.59943771362305 -72.5656509399414 -0.5
vertex -56.59943771362305 -72.5656509399414 -1.5
vertex -56.09943771362305 -72.21554565429688 -0.5
endloop
endfacet
facet normal 0.42261948047228126 -0.9063072187317825 0
outer loop
vertex -57.863277435302734 -73.15499114990234 -0.5
vertex -57.863277435302734 -73.15499114990234 -1.5
vertex -56.59943771362305 -72.5656509399414 -0.5
endloop
endfacet
facet normal 1 0 0
outer loop
vertex -56.09943771362305 -72.21554565429688 -0.5
vertex -56.09943771362305 -72.21554565429688 -1.5
vertex -56.09943771362305 -72.12178039550781 -1
endloop
endfacet
facet normal 0.5735781035076711 -0.8191508769308272 0
outer loop
vertex -56.59943771362305 -72.5656509399414 -1.5
vertex -56.09943771362305 -72.21554565429688 -1.5
vertex -56.09943771362305 -72.21554565429688 -0.5
endloop
endfacet
facet normal 0.42261948047228126 -0.9063072187317825 0
outer loop
vertex -57.863277435302734 -73.15499114990234 -1.5
vertex -56.59943771362305 -72.5656509399414 -1.5
vertex -56.59943771362305 -72.5656509399414 -0.5
endloop
endfacet
facet normal 0.2588212712285562 -0.9659252297976455 0
outer loop
vertex -59.21025085449219 -73.51591491699219 -0.5
vertex -59.21025085449219 -73.51591491699219 -1.5
vertex -57.863277435302734 -73.15499114990234 -0.5
endloop
endfacet
facet normal 0.04492991643949737 -0.09635207700685278 -0.9943327309634362
outer loop
vertex -58.13567352294922 -72.40657806396484 -1.5949000120162964
vertex -58.23931884765625 -72.12181854248047 -1.6271768808364868
vertex -57.52497482299805 -72.1218032836914 -1.5949000120162964
endloop
endfacet
facet normal 1 0 0
outer loop
vertex 59.46043014526367 -72.11956024169922 -1.6680152416229248
vertex 59.46043014526367 -72.11956024169922 -4
vertex 59.46043014526367 -70.93744659423828 -4
endloop
endfacet
facet normal 0.555566285064051 -0.8314722502285506 0
outer loop
vertex 54.00687789916992 -69.08389282226562 0
vertex 54.00687789916992 -69.08389282226562 -5
vertex 54.16908645629883 -68.97550964355469 0
endloop
endfacet
facet normal 0.555566285064051 -0.8314722502285506 0
outer loop
vertex 54.00687789916992 -69.08389282226562 -5
vertex 54.16908645629883 -68.97550964355469 -5
vertex 54.16908645629883 -68.97550964355469 0
endloop
endfacet
facet normal -1 0 0
outer loop
vertex 60.26042938232422 -72.11954498291016 -4
vertex 60.26042938232422 -72.11954498291016 -1.6680169105529785
vertex 60.26042938232422 -72.0084457397461 -0.32014966011047363
endloop
endfacet
facet normal 0.9807869428222868 0.19508196428504695 0
outer loop
vertex 53.89849090576172 -70.62879180908203 -4
vertex 53.86043167114258 -70.43744659423828 -4
vertex 53.86043167114258 -70.43744659423828 -3.517128289439131e-17
endloop
endfacet
facet normal -1 0 0
outer loop
vertex 60.26042938232422 -70.93744659423828 -4
vertex 60.26042938232422 -72.11954498291016 -4
vertex 60.26042938232422 -71.11954498291016 -1.1227652033957559e-19
endloop
endfacet
facet normal 0 0 1
outer loop
vertex 53.86043167114258 -72.11966705322266 -5
vertex 53.89849090576172 -69.24610900878906 -5
vertex 53.86043167114258 -69.43744659423828 -5
endloop
endfacet
facet normal 0 0 1
outer loop
vertex 53.89849090576172 -69.24610900878906 -5
vertex 53.86043167114258 -72.11966705322266 -5
vertex 54.00687789916992 -69.08389282226562 -5
endloop
endfacet
facet normal 0.980785454467839 -0.19508944693220684 0
outer loop
vertex 53.86043167114258 -69.43744659423828 -5
vertex 53.89849090576172 -69.24610900878906 -5
vertex 53.89849090576172 -69.24610900878906 0
endloop
endfacet
facet normal 0 0 1
outer loop
vertex 53.86043167114258 -72.11966705322266 -5
vertex 65.86042785644531 -69.43744659423828 -5
vertex 65.82237243652344 -69.24610900878906 -5
endloop
endfacet
facet normal 0.8314752881755461 -0.5555617383814266 0
outer loop
vertex 53.89849090576172 -69.24610900878906 -5
vertex 54.00687789916992 -69.08389282226562 -5
vertex 54.00687789916992 -69.08389282226562 0
endloop
endfacet
facet normal 0 0 -1
outer loop
vertex 65.86042785644531 -72.11943817138672 -4
vertex 60.26042938232422 -70.93744659423828 -4
vertex 65.55177307128906 -70.8993911743164 -4
endloop
endfacet
facet normal 0 0 -1
outer loop
vertex 60.26042938232422 -70.93744659423828 -4
vertex 65.86042785644531 -72.11943817138672 -4
vertex 60.26042938232422 -72.11954498291016 -4
endloop
endfacet
facet normal 0 0 1
outer loop
vertex 54.00687789916992 -69.08389282226562 -5
vertex 53.86043167114258 -72.11966705322266 -5
vertex 54.16908645629883 -68.97550964355469 -5
endloop
endfacet
facet normal 0 0 1
outer loop
vertex 54.16908645629883 -68.97550964355469 -5
vertex 53.86043167114258 -72.11966705322266 -5
vertex 65.55177307128906 -68.97550964355469 -5
endloop
endfacet
facet normal 1 0 0
outer loop
vertex 53.86043167114258 -70.43744659423828 -4
vertex 53.86043167114258 -69.43744659423828 -5
vertex 53.86043167114258 -69.43744659423828 0
endloop
endfacet
facet normal 0.5555933212507748 0.8314541847760064 0
outer loop
vertex 54.16908645629883 -70.8993911743164 -4
vertex 54.00687789916992 -70.79100036621094 -4
vertex 54.00687789916992 -70.79100036621094 -3.311035247204809e-17
endloop
endfacet
facet normal 0.19506315514312336 0.9807906838391206 0
outer loop
vertex 54.16908645629883 -70.8993911743164 -4
vertex 54.16908645629883 -70.8993911743164 -3.223763722113524e-17
vertex 54.36043167114258 -70.93744659423828 -4
endloop
endfacet
facet normal 0 -1 0
outer loop
vertex 54.16908645629883 -68.97550964355469 -5
vertex 65.55177307128906 -68.97550964355469 -5
vertex 54.16908645629883 -68.97550964355469 0
endloop
endfacet
facet normal 0 1 0
outer loop
vertex 59.46043014526367 -70.93744659423828 -4
vertex 54.36043167114258 -70.93744659423828 -4
vertex 59.46043014526367 -70.93744659423828 -2.1182439471896708e-17
endloop
endfacet
facet normal 0 0 -1
outer loop
vertex 59.46043014526367 -72.11956024169922 -4
vertex 54.36043167114258 -70.93744659423828 -4
vertex 59.46043014526367 -70.93744659423828 -4
endloop
endfacet
facet normal 0 0 -1
outer loop
vertex 53.86043167114258 -72.11966705322266 -4
vertex 54.36043167114258 -70.93744659423828 -4
vertex 59.46043014526367 -72.11956024169922 -4
endloop
endfacet
facet normal -0.007191828387517285 0.9999741384678128 0
outer loop
vertex 65.55177307128906 -70.8993911743164 -4
vertex 60.26042938232422 -70.93744659423828 -4
vertex 65.55177307128906 -70.8993911743164 -8.863426379143516e-18
endloop
endfacet
facet normal 0 0 1
outer loop
vertex 65.55177307128906 -68.97550964355469 -5
vertex 53.86043167114258 -72.11966705322266 -5
vertex 65.71398162841797 -69.08389282226562 -5
endloop
endfacet
facet normal 0 0 1
outer loop
vertex 65.86042785644531 -72.11943817138672 -5
vertex 65.86042785644531 -69.43744659423828 -5
vertex 53.86043167114258 -72.11966705322266 -5
endloop
endfacet
facet normal 1 0 0
outer loop
vertex 53.86043167114258 -72.11966705322266 -4
vertex 53.86043167114258 -72.11966705322266 -5
vertex 53.86043167114258 -70.43744659423828 -4
endloop
endfacet
facet normal -1 0 0
outer loop
vertex 65.86042785644531 -72.11943817138672 -5
vertex 65.86042785644531 -72.11943817138672 -4
vertex 65.86042785644531 -70.43744659423828 -4
endloop
endfacet
facet normal 1 0 0
outer loop
vertex 53.86043167114258 -70.43744659423828 -4
vertex 53.86043167114258 -72.11966705322266 -5
vertex 53.86043167114258 -69.43744659423828 -5
endloop
endfacet
facet normal 0 0 -1
outer loop
vertex 53.86043167114258 -72.11966705322266 -4
vertex 53.89849090576172 -70.62879180908203 -4
vertex 54.00687789916992 -70.79100036621094 -4
endloop
endfacet
facet normal 0 0 -1
outer loop
vertex 53.86043167114258 -72.11966705322266 -4
vertex 54.00687789916992 -70.79100036621094 -4
vertex 54.16908645629883 -70.8993911743164 -4
endloop
endfacet
facet normal 0 0 -1
outer loop
vertex 53.89849090576172 -70.62879180908203 -4
vertex 53.86043167114258 -72.11966705322266 -4
vertex 53.86043167114258 -70.43744659423828 -4
endloop
endfacet
facet normal -1 0 0
outer loop
vertex 65.86042785644531 -69.43744659423828 -5
vertex 65.86042785644531 -72.11943817138672 -5
vertex 65.86042785644531 -70.43744659423828 -4
endloop
endfacet
facet normal 0 0 -1
outer loop
vertex 65.86042785644531 -72.11943817138672 -4
vertex 65.55177307128906 -70.8993911743164 -4
vertex 65.71398162841797 -70.79100036621094 -4
endloop
endfacet
facet normal 0 0 -1
outer loop
vertex 53.86043167114258 -72.11966705322266 -4
vertex 54.16908645629883 -70.8993911743164 -4
vertex 54.36043167114258 -70.93744659423828 -4
endloop
endfacet
facet normal 0 0 -1
outer loop
vertex 65.86042785644531 -72.11943817138672 -4
vertex 65.71398162841797 -70.79100036621094 -4
vertex 65.82237243652344 -70.62879180908203 -4
endloop
endfacet
facet normal 0.980785454467839 -0.19508944693220684 0
outer loop
vertex 53.86043167114258 -69.43744659423828 0
vertex 53.86043167114258 -69.43744659423828 -5
vertex 53.89849090576172 -69.24610900878906 0
endloop
endfacet
facet normal -0.555566285064051 -0.8314722502285506 0
outer loop
vertex 65.55177307128906 -68.97550964355469 0
vertex 65.55177307128906 -68.97550964355469 -5
vertex 65.71398162841797 -69.08389282226562 0
endloop
endfacet
facet normal -0.9807906838391206 0.19506315514312336 0
outer loop
vertex 65.86042785644531 -70.43744659423828 -1.0529420245203905e-17
vertex 65.86042785644531 -70.43744659423828 -4
vertex 65.82237243652344 -70.62879180908203 -9.654959643198571e-18
endloop
endfacet
facet normal -0.8314541847760064 0.5555933212507748 0
outer loop
vertex 65.82237243652344 -70.62879180908203 -9.654959643198571e-18
vertex 65.82237243652344 -70.62879180908203 -4
vertex 65.71398162841797 -70.79100036621094 -9.069940290873505e-18
endloop
endfacet
facet normal -0.5555933212507748 0.8314541847760064 0
outer loop
vertex 65.71398162841797 -70.79100036621094 -9.069940290873505e-18
vertex 65.71398162841797 -70.79100036621094 -4
vertex 65.55177307128906 -70.8993911743164 -8.863426379143516e-18
endloop
endfacet
facet normal -0.9807891957659867 -0.19507063712591177 0
outer loop
vertex 65.82237243652344 -69.24610900878906 0
vertex 65.82237243652344 -69.24610900878906 -5
vertex 65.86042785644531 -69.43744659423828 0
endloop
endfacet
facet normal -0.8314662558937794 -0.5555752562074557 0
outer loop
vertex 65.71398162841797 -69.08389282226562 0
vertex 65.71398162841797 -69.08389282226562 -5
vertex 65.82237243652344 -69.24610900878906 0
endloop
endfacet
facet normal -1 0 0
outer loop
vertex 65.86042785644531 -69.43744659423828 0
vertex 65.86042785644531 -69.43744659423828 -5
vertex 65.86042785644531 -70.43744659423828 -1.0529420245203905e-17
endloop
endfacet
facet normal 0.8314752881755461 -0.5555617383814266 0
outer loop
vertex 53.89849090576172 -69.24610900878906 0
vertex 53.89849090576172 -69.24610900878906 -5
vertex 54.00687789916992 -69.08389282226562 0
endloop
endfacet
facet normal 0.5555933212507748 0.8314541847760064 0
outer loop
vertex 54.00687789916992 -70.79100036621094 -3.311035247204809e-17
vertex 54.16908645629883 -70.8993911743164 -3.223763722113524e-17
vertex 54.16908645629883 -70.8993911743164 -4
endloop
endfacet
facet normal 0.19506315514312336 0.9807906838391206 0
outer loop
vertex 54.36043167114258 -70.93744659423828 -4
vertex 54.16908645629883 -70.8993911743164 -3.223763722113524e-17
vertex 54.36043167114258 -70.93744659423828 -3.165523258672646e-17
endloop
endfacet
facet normal 0 0 -1
outer loop
vertex 65.86042785644531 -70.43744659423828 -4
vertex 65.86042785644531 -72.11943817138672 -4
vertex 65.82237243652344 -70.62879180908203 -4
endloop
endfacet
facet normal 0.9807869428222868 0.19508196428504695 0
outer loop
vertex 53.86043167114258 -70.43744659423828 -3.517128289439131e-17
vertex 53.89849090576172 -70.62879180908203 -3.414050997203183e-17
vertex 53.89849090576172 -70.62879180908203 -4
endloop
endfacet
facet normal -1 0 0
outer loop
vertex 60.26042938232422 -72.0084457397461 -0.32014966011047363
vertex 60.26042938232422 -72.11954498291016 -1.6680169105529785
vertex 60.26042938232422 -72.80601501464844 -0.4050999879837036
endloop
endfacet
facet normal -1 0 0
outer loop
vertex 60.26042938232422 -72.80601501464844 -0.4050999879837036
vertex 60.26042938232422 -73.60245513916016 -1.5
vertex 60.26042938232422 -73.60245513916016 -0.5
endloop
endfacet
facet normal -1 0 0
outer loop
vertex 60.26042938232422 -72.80601501464844 -1.5949000120162964
vertex 60.26042938232422 -73.60245513916016 -1.5
vertex 60.26042938232422 -72.80601501464844 -0.4050999879837036
endloop
endfacet
facet normal 1 0 0
outer loop
vertex 59.46043014526367 -71.11956024169922 -1.2221530219455335e-19
vertex 59.46043014526367 -71.38076782226562 -0.2612091302871704
vertex 59.46043014526367 -70.93744659423828 -2.1182439471896708e-17
endloop
endfacet
facet normal 1 0 0
outer loop
vertex 59.46043014526367 -71.38076782226562 -0.2612091302871704
vertex 59.46043014526367 -72.11956024169922 -1.6680152416229248
vertex 59.46043014526367 -70.93744659423828 -2.1182439471896708e-17
endloop
endfacet
facet normal 1 0 0
outer loop
vertex 59.46043014526367 -72.0084457397461 -0.32014966011047363
vertex 59.46043014526367 -72.11956024169922 -1.6680152416229248
vertex 59.46043014526367 -71.38076782226562 -0.2612091302871704
endloop
endfacet
facet normal 1 0 0
outer loop
vertex 59.46043014526367 -72.80601501464844 -0.4050999879837036
vertex 59.46043014526367 -72.11956024169922 -1.6680152416229248
vertex 59.46043014526367 -72.0084457397461 -0.32014966011047363
endloop
endfacet
facet normal 1 0 0
outer loop
vertex 59.46043014526367 -73.60245513916016 -0.5
vertex 59.46043014526367 -73.60245513916016 -1.5
vertex 59.46043014526367 -72.80601501464844 -0.4050999879837036
endloop
endfacet
facet normal -0.8314662558937794 -0.5555752562074557 0
outer loop
vertex 65.71398162841797 -69.08389282226562 -5
vertex 65.82237243652344 -69.24610900878906 -5
vertex 65.82237243652344 -69.24610900878906 0
endloop
endfacet
facet normal -0.9807891957659867 -0.19507063712591177 0
outer loop
vertex 65.82237243652344 -69.24610900878906 -5
vertex 65.86042785644531 -69.43744659423828 -5
vertex 65.86042785644531 -69.43744659423828 0
endloop
endfacet
facet normal -1 0 0
outer loop
vertex 65.86042785644531 -69.43744659423828 -5
vertex 65.86042785644531 -70.43744659423828 -4
vertex 65.86042785644531 -70.43744659423828 -1.0529420245203905e-17
endloop
endfacet
facet normal -0.5555933212507748 0.8314541847760064 0
outer loop
vertex 65.71398162841797 -70.79100036621094 -4
vertex 65.55177307128906 -70.8993911743164 -4
vertex 65.55177307128906 -70.8993911743164 -8.863426379143516e-18
endloop
endfacet
facet normal 1 0 0
outer loop
vertex 59.46043014526367 -73.60245513916016 -1.5
vertex 59.46043014526367 -72.80601501464844 -1.5949000120162964
vertex 59.46043014526367 -72.80601501464844 -0.4050999879837036
endloop
endfacet
facet normal 0 -1 0
outer loop
vertex 54.16908645629883 -68.97550964355469 0
vertex 65.55177307128906 -68.97550964355469 -5
vertex 65.55177307128906 -68.97550964355469 0
endloop
endfacet
facet normal -0.007191828387517285 0.9999741384678128 0
outer loop
vertex 65.55177307128906 -70.8993911743164 -8.863426379143516e-18
vertex 60.26042938232422 -70.93744659423828 -4
vertex 60.26042938232422 -70.93744659423828 -1.9539648849199044e-17
endloop
endfacet
facet normal -1 0 0
outer loop
vertex 60.26042938232422 -71.11954498291016 -1.1227652033957559e-19
vertex 60.26042938232422 -70.93744659423828 -1.9539648849199044e-17
vertex 60.26042938232422 -70.93744659423828 -4
endloop
endfacet
facet normal -1 0 0
outer loop
vertex 60.26042938232422 -71.11954498291016 -1.1227652033957559e-19
vertex 60.26042938232422 -72.11954498291016 -4
vertex 60.26042938232422 -71.38075256347656 -0.2612075209617615
endloop
endfacet
facet normal -1 0 0
outer loop
vertex 60.26042938232422 -72.11954498291016 -1.6680169105529785
vertex 60.26042938232422 -72.80601501464844 -1.5949000120162964
vertex 60.26042938232422 -72.80601501464844 -0.4050999879837036
endloop
endfacet
facet normal -1 0 0
outer loop
vertex 60.26042938232422 -72.0084457397461 -0.32014966011047363
vertex 60.26042938232422 -71.38075256347656 -0.2612075209617615
vertex 60.26042938232422 -72.11954498291016 -4
endloop
endfacet
facet normal 0 0 1
outer loop
vertex 65.71398162841797 -69.08389282226562 -5
vertex 53.86043167114258 -72.11966705322266 -5
vertex 65.82237243652344 -69.24610900878906 -5
endloop
endfacet
facet normal -0.8314541847760064 0.5555933212507748 0
outer loop
vertex 65.82237243652344 -70.62879180908203 -4
vertex 65.71398162841797 -70.79100036621094 -4
vertex 65.71398162841797 -70.79100036621094 -9.069940290873505e-18
endloop
endfacet
facet normal 1 0 0
outer loop
vertex 59.46043014526367 -72.80601501464844 -1.5949000120162964
vertex 59.46043014526367 -72.11956024169922 -1.6680152416229248
vertex 59.46043014526367 -72.80601501464844 -0.4050999879837036
endloop
endfacet
facet normal 0 1 0
outer loop
vertex 59.46043014526367 -70.93744659423828 -2.1182439471896708e-17
vertex 54.36043167114258 -70.93744659423828 -4
vertex 54.36043167114258 -70.93744659423828 -3.165523258672646e-17
endloop
endfacet
facet normal 1 0 0
outer loop
vertex 59.46043014526367 -72.11956024169922 -1.6680152416229248
vertex 59.46043014526367 -70.93744659423828 -4
vertex 59.46043014526367 -70.93744659423828 -2.1182439471896708e-17
endloop
endfacet
facet normal 0.83146321751404 0.5555798033776966 0
outer loop
vertex 54.00687789916992 -70.79100036621094 -3.311035247204809e-17
vertex 54.00687789916992 -70.79100036621094 -4
vertex 53.89849090576172 -70.62879180908203 -3.414050997203183e-17
endloop
endfacet
facet normal 1 0 0
outer loop
vertex 53.86043167114258 -70.43744659423828 -3.517128289439131e-17
vertex 53.86043167114258 -70.43744659423828 -4
vertex 53.86043167114258 -69.43744659423828 0
endloop
endfacet
facet normal -0.9807906838391206 0.19506315514312336 0
outer loop
vertex 65.86042785644531 -70.43744659423828 -4
vertex 65.82237243652344 -70.62879180908203 -4
vertex 65.82237243652344 -70.62879180908203 -9.654959643198571e-18
endloop
endfacet
facet normal -0.555566285064051 -0.8314722502285506 0
outer loop
vertex 65.55177307128906 -68.97550964355469 -5
vertex 65.71398162841797 -69.08389282226562 -5
vertex 65.71398162841797 -69.08389282226562 0
endloop
endfacet
facet normal 0.83146321751404 0.5555798033776966 0
outer loop
vertex 54.00687789916992 -70.79100036621094 -4
vertex 53.89849090576172 -70.62879180908203 -4
vertex 53.89849090576172 -70.62879180908203 -3.414050997203183e-17
endloop
endfacet
facet normal -1 0 0
outer loop
vertex -60.19943618774414 -72.12185668945312 -1.6677707433700562
vertex -60.19943618774414 -71.38330841064453 -0.26144710183143616
vertex -60.19943618774414 -70.93744659423828 -4
endloop
endfacet
facet normal 1 0 0
outer loop
vertex -60.99943542480469 -72.12187194824219 -1.6677690744400024
vertex -60.99943542480469 -72.12187194824219 -4
vertex -60.99943542480469 -70.93744659423828 -3.70196676039778e-17
endloop
endfacet
facet normal -1 0 0
outer loop
vertex -54.59943771362305 -72.12174987792969 -5
vertex -54.59943771362305 -72.12174987792969 -4
vertex -54.59943771362305 -70.43744659423828 -4
endloop
endfacet
facet normal -1 0 0
outer loop
vertex -60.19943618774414 -72.80601501464844 -1.5949000120162964
vertex -60.19943618774414 -72.80601501464844 -0.4050999879837036
vertex -60.19943618774414 -72.12185668945312 -1.6677707433700562
endloop
endfacet
facet normal 0.8314541847760064 0.5555933212507748 0
outer loop
vertex -66.45298767089844 -70.79100036621094 -1.2960554358078496e-16
vertex -66.45298767089844 -70.79100036621094 -4
vertex -66.5613784790039 -70.62879180908203 -2.6811366813500864e-16
endloop
endfacet
facet normal 0.19506315514312336 0.9807906838391206 0
outer loop
vertex -66.09943389892578 -70.93744659423828 -4
vertex -66.29077911376953 -70.8993911743164 -4.6016305630508695e-17
vertex -66.09943389892578 -70.93744659423828 -3.686646051964318e-17
endloop
endfacet
facet normal 0.5555933212507748 0.8314541847760064 0
outer loop
vertex -66.29077911376953 -70.8993911743164 -4.6016305630508695e-17
vertex -66.29077911376953 -70.8993911743164 -4
vertex -66.45298767089844 -70.79100036621094 -1.2960554358078496e-16
endloop
endfacet
facet normal 0.9807906838391206 0.19506315514312333 0
outer loop
vertex -66.5613784790039 -70.62879180908203 -2.6811366813500864e-16
vertex -66.5613784790039 -70.62879180908203 -4
vertex -66.59943389892578 -70.43744659423828 -2.1678683319340745e-16
endloop
endfacet
facet normal 1 0 0
outer loop
vertex -66.59943389892578 -70.43744659423828 -2.1678683319340745e-16
vertex -66.59943389892578 -69.93744659423828 -5
vertex -66.59943389892578 -69.93744659423828 0
endloop
endfacet
facet normal 1 0 0
outer loop
vertex -60.99943542480469 -72.80601501464844 -1.5949000120162964
vertex -60.99943542480469 -72.12187194824219 -1.6677690744400024
vertex -60.99943542480469 -72.0084457397461 -0.32014966011047363
endloop
endfacet
facet normal -1 0 0
outer loop
vertex -60.19943618774414 -71.38330841064453 -0.26144710183143616
vertex -60.19943618774414 -71.12185668945312 -1.6088079751824538e-18
vertex -60.19943618774414 -70.93744659423828 -4
endloop
endfacet
facet normal -0.0071918335720697335 0.9999741384305255 0
outer loop
vertex -54.90809631347656 -70.8993911743164 -4
vertex -60.19943618774414 -70.93744659423828 -4
vertex -54.90809631347656 -70.8993911743164 -4.896488025946012e-17
endloop
endfacet
facet normal -1 0 0
outer loop
vertex -60.19943618774414 -71.12185668945312 -1.6088079751824538e-18
vertex -60.19943618774414 -70.93744659423828 -3.704369885513369e-17
vertex -60.19943618774414 -70.93744659423828 -4
endloop
endfacet
facet normal -0.0071918335720697335 0.9999741384305255 0
outer loop
vertex -54.90809631347656 -70.8993911743164 -4.896488025946012e-17
vertex -60.19943618774414 -70.93744659423828 -4
vertex -60.19943618774414 -70.93744659423828 -3.704369885513369e-17
endloop
endfacet
facet normal 0 0 1
outer loop
vertex -54.59943771362305 -69.93744659423828 -5
vertex -66.59943389892578 -72.12197875976562 -5
vertex -54.59943771362305 -72.12174987792969 -5
endloop
endfacet
facet normal 1 0 0
outer loop
vertex -60.99943542480469 -73.60245513916016 -1.5
vertex -60.99943542480469 -72.80601501464844 -1.5949000120162964
vertex -60.99943542480469 -72.80601501464844 -0.4050999879837036
endloop
endfacet
facet normal -1 0 0
outer loop
vertex -60.19943618774414 -72.80601501464844 -0.4050999879837036
vertex -60.19943618774414 -72.80601501464844 -1.5949000120162964
vertex -60.19943618774414 -73.60245513916016 -1.5
endloop
endfacet
facet normal -1 0 0
outer loop
vertex -54.59943771362305 -69.93744659423828 0
vertex -54.59943771362305 -70.43744659423828 -4
vertex -54.59943771362305 -70.43744659423828 -2.0546167181637243e-16
endloop
endfacet
facet normal 1 0 0
outer loop
vertex -60.99943542480469 -73.60245513916016 -0.5
vertex -60.99943542480469 -73.60245513916016 -1.5
vertex -60.99943542480469 -72.80601501464844 -0.4050999879837036
endloop
endfacet
facet normal 1 0 0
outer loop
vertex -60.99943542480469 -72.80601501464844 -0.4050999879837036
vertex -60.99943542480469 -72.80601501464844 -1.5949000120162964
vertex -60.99943542480469 -72.0084457397461 -0.32014966011047363
endloop
endfacet
facet normal -1 0 0
outer loop
vertex -60.19943618774414 -72.80601501464844 -0.4050999879837036
vertex -60.19943618774414 -73.60245513916016 -1.5
vertex -60.19943618774414 -73.60245513916016 -0.5
endloop
endfacet
facet normal 1 0 0
outer loop
vertex -60.99943542480469 -72.0084457397461 -0.32014966011047363
vertex -60.99943542480469 -72.12187194824219 -1.6677690744400024
vertex -60.99943542480469 -71.3833236694336 -0.2614486813545227
endloop
endfacet
facet normal -1 0 0
outer loop
vertex -60.19943618774414 -72.12185668945312 -1.6677707433700562
vertex -60.19943618774414 -72.80601501464844 -0.4050999879837036
vertex -60.19943618774414 -72.0084457397461 -0.32014966011047363
endloop
endfacet
facet normal -1 0 0
outer loop
vertex -60.19943618774414 -71.38330841064453 -0.26144710183143616
vertex -60.19943618774414 -72.12185668945312 -1.6677707433700562
vertex -60.19943618774414 -72.0084457397461 -0.32014966011047363
endloop
endfacet
facet normal 1 0 0
outer loop
vertex -60.99943542480469 -71.3833236694336 -0.2614486813545227
vertex -60.99943542480469 -72.12187194824219 -1.6677690744400024
vertex -60.99943542480469 -71.12187194824219 -1.6187467570374316e-18
endloop
endfacet
facet normal -0.9807869428222868 0.19508196428504695 0
outer loop
vertex -54.59943771362305 -70.43744659423828 -4
vertex -54.63749694824219 -70.62879180908203 -2.5701793357267133e-16
vertex -54.59943771362305 -70.43744659423828 -2.0546167181637243e-16
endloop
endfacet
facet normal -0.8314632175140401 0.5555798033776967 0
outer loop
vertex -54.63749694824219 -70.62879180908203 -2.5701793357267133e-16
vertex -54.63749694824219 -70.62879180908203 -4
vertex -54.74588394165039 -70.79100036621094 -1.4175657531628272e-16
endloop
endfacet
facet normal -0.5555842886150507 0.8314602204820793 0
outer loop
vertex -54.74588394165039 -70.79100036621094 -1.4175657531628272e-16
vertex -54.74588394165039 -70.79100036621094 -4
vertex -54.90809631347656 -70.8993911743164 -4.896488025946012e-17
endloop
endfacet
facet normal 0 0 1
outer loop
vertex -54.59943771362305 -69.93744659423828 -5
vertex -66.59943389892578 -69.93744659423828 -5
vertex -66.59943389892578 -72.12197875976562 -5
endloop
endfacet
facet normal -0.9807869428222868 0.19508196428504695 0
outer loop
vertex -54.59943771362305 -70.43744659423828 -4
vertex -54.63749694824219 -70.62879180908203 -4
vertex -54.63749694824219 -70.62879180908203 -2.5701793357267133e-16
endloop
endfacet
facet normal 1 0 0
outer loop
vertex -60.99943542480469 -72.12187194824219 -4
vertex -60.99943542480469 -70.93744659423828 -4
vertex -60.99943542480469 -70.93744659423828 -3.70196676039778e-17
endloop
endfacet
facet normal 0 1 0
outer loop
vertex -60.99943542480469 -70.93744659423828 -4
vertex -66.09943389892578 -70.93744659423828 -4
vertex -60.99943542480469 -70.93744659423828 -3.70196676039778e-17
endloop
endfacet
facet normal -1 0 0
outer loop
vertex -60.19943618774414 -70.93744659423828 -4
vertex -60.19943618774414 -72.12185668945312 -4
vertex -60.19943618774414 -72.12185668945312 -1.6677707433700562
endloop
endfacet
facet normal 0 0 -1
outer loop
vertex -54.59943771362305 -72.12174987792969 -4
vertex -60.19943618774414 -70.93744659423828 -4
vertex -54.90809631347656 -70.8993911743164 -4
endloop
endfacet
facet normal 0 0 -1
outer loop
vertex -60.19943618774414 -70.93744659423828 -4
vertex -54.59943771362305 -72.12174987792969 -4
vertex -60.19943618774414 -72.12185668945312 -4
endloop
endfacet
facet normal 0 0 -1
outer loop
vertex -60.99943542480469 -72.12187194824219 -4
vertex -66.09943389892578 -70.93744659423828 -4
vertex -60.99943542480469 -70.93744659423828 -4
endloop
endfacet
facet normal 0 0 -1
outer loop
vertex -60.99943542480469 -72.12187194824219 -4
vertex -66.59943389892578 -72.12197875976562 -4
vertex -66.09943389892578 -70.93744659423828 -4
endloop
endfacet
facet normal 0.8314541847760064 0.5555933212507748 0
outer loop
vertex -66.45298767089844 -70.79100036621094 -4
vertex -66.5613784790039 -70.62879180908203 -4
vertex -66.5613784790039 -70.62879180908203 -2.6811366813500864e-16
endloop
endfacet
facet normal 0.19506315514312336 0.9807906838391206 0
outer loop
vertex -66.29077911376953 -70.8993911743164 -4
vertex -66.29077911376953 -70.8993911743164 -4.6016305630508695e-17
vertex -66.09943389892578 -70.93744659423828 -4
endloop
endfacet
facet normal 0.5555933212507748 0.8314541847760064 0
outer loop
vertex -66.29077911376953 -70.8993911743164 -4
vertex -66.45298767089844 -70.79100036621094 -4
vertex -66.45298767089844 -70.79100036621094 -1.2960554358078496e-16
endloop
endfacet
facet normal 0.9807906838391206 0.19506315514312336 0
outer loop
vertex -66.5613784790039 -70.62879180908203 -4
vertex -66.59943389892578 -70.43744659423828 -4
vertex -66.59943389892578 -70.43744659423828 -2.1678683319340745e-16
endloop
endfacet
facet normal 1 0 0
outer loop
vertex -66.59943389892578 -70.43744659423828 -4
vertex -66.59943389892578 -69.93744659423828 -5
vertex -66.59943389892578 -70.43744659423828 -2.1678683319340745e-16
endloop
endfacet
facet normal 0 0 -1
outer loop
vertex -66.59943389892578 -72.12197875976562 -4
vertex -66.29077911376953 -70.8993911743164 -4
vertex -66.09943389892578 -70.93744659423828 -4
endloop
endfacet
facet normal 0 0 -1
outer loop
vertex -66.45298767089844 -70.79100036621094 -4
vertex -66.59943389892578 -72.12197875976562 -4
vertex -66.5613784790039 -70.62879180908203 -4
endloop
endfacet
facet normal 0 0 -1
outer loop
vertex -66.59943389892578 -72.12197875976562 -4
vertex -66.45298767089844 -70.79100036621094 -4
vertex -66.29077911376953 -70.8993911743164 -4
endloop
endfacet
facet normal 0 0 -1
outer loop
vertex -66.59943389892578 -72.12197875976562 -4
vertex -66.59943389892578 -70.43744659423828 -4
vertex -66.5613784790039 -70.62879180908203 -4
endloop
endfacet
facet normal 1 0 0
outer loop
vertex -66.59943389892578 -72.12197875976562 -4
vertex -66.59943389892578 -69.93744659423828 -5
vertex -66.59943389892578 -70.43744659423828 -4
endloop
endfacet
facet normal 1 0 0
outer loop
vertex -66.59943389892578 -72.12197875976562 -4
vertex -66.59943389892578 -72.12197875976562 -5
vertex -66.59943389892578 -69.93744659423828 -5
endloop
endfacet
facet normal -0.83146321751404 0.5555798033776966 0
outer loop
vertex -54.63749694824219 -70.62879180908203 -4
vertex -54.74588394165039 -70.79100036621094 -4
vertex -54.74588394165039 -70.79100036621094 -1.4175657531628272e-16
endloop
endfacet
facet normal -0.5555842886150507 0.8314602204820793 0
outer loop
vertex -54.74588394165039 -70.79100036621094 -4
vertex -54.90809631347656 -70.8993911743164 -4
vertex -54.90809631347656 -70.8993911743164 -4.896488025946012e-17
endloop
endfacet
facet normal -1 0 0
outer loop
vertex -54.59943771362305 -70.43744659423828 -4
vertex -54.59943771362305 -69.93744659423828 0
vertex -54.59943771362305 -69.93744659423828 -5
endloop
endfacet
facet normal 0 0 -1
outer loop
vertex -54.59943771362305 -70.43744659423828 -4
vertex -54.59943771362305 -72.12174987792969 -4
vertex -54.63749694824219 -70.62879180908203 -4
endloop
endfacet
facet normal 0 0 -1
outer loop
vertex -54.59943771362305 -72.12174987792969 -4
vertex -54.74588394165039 -70.79100036621094 -4
vertex -54.63749694824219 -70.62879180908203 -4
endloop
endfacet
facet normal 1 0 0
outer loop
vertex -60.99943542480469 -71.12187194824219 -1.6187467570374316e-18
vertex -60.99943542480469 -72.12187194824219 -1.6677690744400024
vertex -60.99943542480469 -70.93744659423828 -3.70196676039778e-17
endloop
endfacet
facet normal -1 0 0
outer loop
vertex -54.59943771362305 -69.93744659423828 -5
vertex -54.59943771362305 -72.12174987792969 -5
vertex -54.59943771362305 -70.43744659423828 -4
endloop
endfacet
facet normal 0 1 0
outer loop
vertex -60.99943542480469 -70.93744659423828 -3.70196676039778e-17
vertex -66.09943389892578 -70.93744659423828 -4
vertex -66.09943389892578 -70.93744659423828 -3.686646051964318e-17
endloop
endfacet
facet normal 0 0 -1
outer loop
vertex -54.59943771362305 -72.12174987792969 -4
vertex -54.90809631347656 -70.8993911743164 -4
vertex -54.74588394165039 -70.79100036621094 -4
endloop
endfacet
facet normal 0 0 -1
outer loop
vertex -59.767967224121094 68.58027648925781 -3.5
vertex -59.892330169677734 68.42874145507812 -3.5
vertex -61.59943771362305 69.13584899902344 -3.5
endloop
endfacet
facet normal 0 0 -1
outer loop
vertex -59.892330169677734 68.42874145507812 -3.5
vertex -60.04386520385742 68.30437469482422 -3.5
vertex -61.59943771362305 69.13584899902344 -3.5
endloop
endfacet
facet normal -0.9569423709767578 0.290277967867665 0
outer loop
vertex -59.61865234375 68.94075775146484 -3.5
vertex -59.61865234375 68.94075775146484 -6.124873161315918
vertex -59.67555618286133 68.75316619873047 -3.5
endloop
endfacet
facet normal 0 0 -1
outer loop
vertex -61.430908203125 68.58027648925781 -3.5
vertex -61.5233154296875 68.75316619873047 -3.5
vertex -61.580223083496094 68.94075775146484 -3.5
endloop
endfacet
facet normal 0 0 -1
outer loop
vertex -60.04386520385742 68.30437469482422 -3.5
vertex -60.21675491333008 68.21196746826172 -3.5
vertex -61.59943771362305 69.13584899902344 -3.5
endloop
endfacet
facet normal 0 0 -1
outer loop
vertex -60.21675491333008 68.21196746826172 -3.5
vertex -60.40434646606445 68.15505981445312 -3.5
vertex -61.59943771362305 69.13584899902344 -3.5
endloop
endfacet
facet normal 0 0 -1
outer loop
vertex -60.40434646606445 68.15505981445312 -3.5
vertex -60.59943771362305 68.13584899902344 -3.5
vertex -61.59943771362305 69.13584899902344 -3.5
endloop
endfacet
facet normal 0 0 -1
outer loop
vertex -59.599456787109375 69.1356430053711 -3.5
vertex -59.61865234375 68.94075775146484 -3.5
vertex -61.59943771362305 69.13584899902344 -3.5
endloop
endfacet
facet normal 0 0 -1
outer loop
vertex -59.61865234375 68.94075775146484 -3.5
vertex -59.67555618286133 68.75316619873047 -3.5
vertex -61.59943771362305 69.13584899902344 -3.5
endloop
endfacet
facet normal 0 0 -1
outer loop
vertex -59.67555618286133 68.75316619873047 -3.5
vertex -59.767967224121094 68.58027648925781 -3.5
vertex -61.59943771362305 69.13584899902344 -3.5
endloop
endfacet
facet normal 0 0 -1
outer loop
vertex -60.59943771362305 68.13584899902344 -3.5
vertex -60.79452896118164 68.15505981445312 -3.5
vertex -61.59943771362305 69.13584899902344 -3.5
endloop
endfacet
facet normal 0 0 -1
outer loop
vertex -60.982120513916016 68.21196746826172 -3.5
vertex -61.155006408691406 68.30437469482422 -3.5
vertex -61.59943771362305 69.13584899902344 -3.5
endloop
endfacet
facet normal 0 0 -1
outer loop
vertex -60.79452896118164 68.15505981445312 -3.5
vertex -60.982120513916016 68.21196746826172 -3.5
vertex -61.59943771362305 69.13584899902344 -3.5
endloop
endfacet
facet normal 0 0 -1
outer loop
vertex -61.430908203125 68.58027648925781 -3.5
vertex -61.580223083496094 68.94075775146484 -3.5
vertex -61.59943771362305 69.13584899902344 -3.5
endloop
endfacet
facet normal 0 0 -1
outer loop
vertex -61.30654525756836 68.42874145507812 -3.5
vertex -61.430908203125 68.58027648925781 -3.5
vertex -61.59943771362305 69.13584899902344 -3.5
endloop
endfacet
facet normal 0 0 -1
outer loop
vertex -61.155006408691406 68.30437469482422 -3.5
vertex -61.30654525756836 68.42874145507812 -3.5
vertex -61.59943771362305 69.13584899902344 -3.5
endloop
endfacet
facet normal -0.8819221841853302 0.47139501592801786 0
outer loop
vertex -59.67555618286133 68.75316619873047 -3.5
vertex -59.67555618286133 68.75316619873047 -6.348427772521973
vertex -59.767967224121094 68.58027648925781 -3.5
endloop
endfacet
facet normal -0.7730070588633648 0.6343974203505326 0
outer loop
vertex -59.767967224121094 68.58027648925781 -3.5
vertex -59.767967224121094 68.58027648925781 -6.554449558258057
vertex -59.892330169677734 68.42874145507812 -3.5
endloop
endfacet
facet normal -0.6344090479312781 0.7729975161039842 -1.37158902815909e-8
outer loop
vertex -59.892330169677734 68.42874145507812 -3.5
vertex -59.97122573852539 68.3639907836914 -6.812170028686523
vertex -60.04386520385742 68.30437469482422 -3.5
endloop
endfacet
facet normal -0.47137988074382814 0.8819302739048787 0
outer loop
vertex -60.04386520385742 68.30437469482422 -3.5
vertex -60.04386520385742 68.30437469482422 -6.817385673522949
vertex -60.21675491333008 68.21196746826172 -3.5
endloop
endfacet
facet normal 0.9951848165503704 0.09801622777686081 0
outer loop
vertex -61.580223083496094 68.94075775146484 -3.5
vertex -61.580223083496094 68.94075775146484 -6.124519348144531
vertex -61.59943771362305 69.13584899902344 -3.5
endloop
endfacet
facet normal 0.9569369653840532 0.2902957875711588 0
outer loop
vertex -61.5233154296875 68.75316619873047 -3.5
vertex -61.5233154296875 68.75316619873047 -6.348094463348389
vertex -61.580223083496094 68.94075775146484 -3.5
endloop
endfacet
facet normal -0.2902957875711588 0.9569369653840533 0
outer loop
vertex -60.21675491333008 68.21196746826172 -3.5
vertex -60.21675491333008 68.21196746826172 -6.825470447540283
vertex -60.40434646606445 68.15505981445312 -3.5
endloop
endfacet
facet normal -0.0979969554231074 0.9951867145052739 0
outer loop
vertex -60.40434646606445 68.15505981445312 -3.5
vertex -60.40434646606445 68.15505981445312 -6.830449104309082
vertex -60.59943771362305 68.13584899902344 -3.5
endloop
endfacet
facet normal 0.09799695542310742 0.995186714505274 0
outer loop
vertex -60.59943771362305 68.13584899902344 -3.5
vertex -60.59943771362305 68.13584899902344 -6.832129955291748
vertex -60.79452896118164 68.15505981445312 -3.5
endloop
endfacet
facet normal 0.6343995052974511 0.7730053477682733 0
outer loop
vertex -61.155006408691406 68.30437469482422 -3.5
vertex -61.155006408691406 68.30437469482422 -6.817385673522949
vertex -61.30654525756836 68.42874145507812 -3.5
endloop
endfacet
facet normal 0.2902957875711588 0.9569369653840533 0
outer loop
vertex -60.79452896118164 68.15505981445312 -3.5
vertex -60.79452896118164 68.15505981445312 -6.830449104309082
vertex -60.982120513916016 68.21196746826172 -3.5
endloop
endfacet
facet normal 0.471387970526712 0.8819259499769284 0
outer loop
vertex -60.982120513916016 68.21196746826172 -3.5
vertex -60.982120513916016 68.21196746826172 -6.825470447540283
vertex -61.155006408691406 68.30437469482422 -3.5
endloop
endfacet
facet normal 0.8819302739048785 0.47137988074382814 0
outer loop
vertex -61.430908203125 68.58027648925781 -3.5
vertex -61.430908203125 68.58027648925781 -6.554149627685547
vertex -61.5233154296875 68.75316619873047 -3.5
endloop
endfacet
facet normal 0.7730070588633648 0.6343974203505326 0
outer loop
vertex -61.30654525756836 68.42874145507812 -3.5
vertex -61.30654525756836 68.42874145507812 -6.734766006469727
vertex -61.430908203125 68.58027648925781 -3.5
endloop
endfacet
facet normal -0.9951842113628456 0.09802237221221889 0
outer loop
vertex -59.61865234375 68.94075775146484 -6.124873161315918
vertex -59.61865234375 68.94075775146484 -3.5
vertex -59.599456787109375 69.1356430053711 -5.892622947692871
endloop
endfacet
facet normal -0.9569423709767578 0.2902779678676651 0
outer loop
vertex -59.67555618286133 68.75316619873047 -6.348427772521973
vertex -59.67555618286133 68.75316619873047 -3.5
vertex -59.61865234375 68.94075775146484 -6.124873161315918
endloop
endfacet
facet normal -0.8819221841853303 0.47139501592801786 0
outer loop
vertex -59.767967224121094 68.58027648925781 -6.554449558258057
vertex -59.767967224121094 68.58027648925781 -3.5
vertex -59.67555618286133 68.75316619873047 -6.348427772521973
endloop
endfacet
facet normal -0.7730070588633648 0.6343974203505326 0
outer loop
vertex -59.892330169677734 68.42874145507812 -6.735021114349365
vertex -59.892330169677734 68.42874145507812 -3.5
vertex -59.767967224121094 68.58027648925781 -6.554449558258057
endloop
endfacet
facet normal -0.634409391995863 0.7729972337256061 0
outer loop
vertex -59.97122573852539 68.3639907836914 -6.812170028686523
vertex -59.892330169677734 68.42874145507812 -3.5
vertex -59.892330169677734 68.42874145507812 -6.735021114349365
endloop
endfacet
facet normal -0.6344086742335636 0.7729978228023751 0
outer loop
vertex -60.04386520385742 68.30437469482422 -6.817385673522949
vertex -60.04386520385742 68.30437469482422 -3.5
vertex -59.97122573852539 68.3639907836914 -6.812170028686523
endloop
endfacet
facet normal -0.4713798807438282 0.8819302739048787 0
outer loop
vertex -60.21675491333008 68.21196746826172 -6.825470447540283
vertex -60.21675491333008 68.21196746826172 -3.5
vertex -60.04386520385742 68.30437469482422 -6.817385673522949
endloop
endfacet
facet normal 0.9952083356552718 0.09777713597894835 0.000017944858387369847
outer loop
vertex -61.580223083496094 68.94075775146484 -6.124519348144531
vertex -61.59941482543945 69.13605499267578 -5.891770362854004
vertex -61.59943771362305 69.13584899902344 -3.5
endloop
endfacet
facet normal 0.9569369653840532 0.2902957875711588 0
outer loop
vertex -61.5233154296875 68.75316619873047 -6.348094463348389
vertex -61.580223083496094 68.94075775146484 -6.124519348144531
vertex -61.580223083496094 68.94075775146484 -3.5
endloop
endfacet
facet normal 0.8819302739048788 0.4713798807438282 0
outer loop
vertex -61.430908203125 68.58027648925781 -6.554149627685547
vertex -61.5233154296875 68.75316619873047 -6.348094463348389
vertex -61.5233154296875 68.75316619873047 -3.5
endloop
endfacet
facet normal 0.7730070588633648 0.6343974203505326 0
outer loop
vertex -61.30654525756836 68.42874145507812 -6.734766006469727
vertex -61.430908203125 68.58027648925781 -6.554149627685547
vertex -61.430908203125 68.58027648925781 -3.5
endloop
endfacet
facet normal -0.2902957875711588 0.9569369653840533 0
outer loop
vertex -60.40434646606445 68.15505981445312 -6.830449104309082
vertex -60.40434646606445 68.15505981445312 -3.5
vertex -60.21675491333008 68.21196746826172 -6.825470447540283
endloop
endfacet
facet normal -0.09799695542310742 0.995186714505274 0
outer loop
vertex -60.59943771362305 68.13584899902344 -6.832129955291748
vertex -60.59943771362305 68.13584899902344 -3.5
vertex -60.40434646606445 68.15505981445312 -6.830449104309082
endloop
endfacet
facet normal 0.0979969554231074 0.9951867145052739 0
outer loop
vertex -60.59943771362305 68.13584899902344 -6.832129955291748
vertex -60.79452896118164 68.15505981445312 -6.830449104309082
vertex -60.79452896118164 68.15505981445312 -3.5
endloop
endfacet
facet normal 0.634405672009457 0.7730002867542995 0
outer loop
vertex -61.30654525756836 68.42874145507812 -3.5
vertex -61.22739791870117 68.36378479003906 -6.812188148498535
vertex -61.30654525756836 68.42874145507812 -6.734766006469727
endloop
endfacet
facet normal 0.6343927407615915 0.7730108993207849 -5.171296757270832e-7
outer loop
vertex -61.155006408691406 68.30437469482422 -6.817385673522949
vertex -61.22739791870117 68.36378479003906 -6.812188148498535
vertex -61.30654525756836 68.42874145507812 -3.5
endloop
endfacet
facet normal 0.471387970526712 0.8819259499769284 0
outer loop
vertex -60.982120513916016 68.21196746826172 -6.825470447540283
vertex -61.155006408691406 68.30437469482422 -6.817385673522949
vertex -61.155006408691406 68.30437469482422 -3.5
endloop
endfacet
facet normal 0.2902957875711588 0.9569369653840533 0
outer loop
vertex -60.79452896118164 68.15505981445312 -6.830449104309082
vertex -60.982120513916016 68.21196746826172 -6.825470447540283
vertex -60.982120513916016 68.21196746826172 -3.5
endloop
endfacet
facet normal -0.9951842113628457 0.0980223722122189 0
outer loop
vertex -59.599456787109375 69.1356430053711 -5.892622947692871
vertex -59.61865234375 68.94075775146484 -3.5
vertex -59.599456787109375 69.1356430053711 -3.5
endloop
endfacet
facet normal 0.29029038193910456 0.956938605216473 0
outer loop
vertex 59.665340423583984 68.13023376464844 -6.832621097564697
vertex 59.477745056152344 68.18714141845703 -6.827642440795898
vertex 59.477745056152344 68.18714141845703 -3.5
endloop
endfacet
facet normal -0.471387970526712 0.8819259499769284 0
outer loop
vertex 60.41600036621094 68.27954864501953 -3.5
vertex 60.41600036621094 68.27954864501953 -6.8195576667785645
vertex 60.24311447143555 68.18714141845703 -3.5
endloop
endfacet
facet normal 0.6344106164531553 0.7729962287037548 0.00001188695348632177
outer loop
vertex 59.17823791503906 68.38346862792969 -6.810466289520264
vertex 59.153324127197266 68.40391540527344 -6.786092758178711
vertex 59.30485916137695 68.27954864501953 -6.8195576667785645
endloop
endfacet
facet normal 0.6344090479312782 0.7729975161039843 0
outer loop
vertex 59.30485916137695 68.27954864501953 -6.8195576667785645
vertex 59.153324127197266 68.40391540527344 -6.786092758178711
vertex 59.153324127197266 68.40391540527344 -3.5
endloop
endfacet
facet normal 0.09799695542310742 0.995186714505274 0
outer loop
vertex 59.86043167114258 68.11102294921875 -6.834301948547363
vertex 59.665340423583984 68.13023376464844 -6.832621097564697
vertex 59.665340423583984 68.13023376464844 -3.5
endloop
endfacet
facet normal -0.0979988532315938 0.9951865276244913 0
outer loop
vertex 60.055519104003906 68.13023376464844 -6.832621097564697
vertex 59.86043167114258 68.11102294921875 -6.834301948547363
vertex 59.86043167114258 68.11102294921875 -3.5
endloop
endfacet
facet normal -0.29029038193910456 0.956938605216473 0
outer loop
vertex 60.24311447143555 68.18714141845703 -6.827642440795898
vertex 60.055519104003906 68.13023376464844 -6.832621097564697
vertex 60.055519104003906 68.13023376464844 -3.5
endloop
endfacet
facet normal 0.8819221841853303 0.4713950159280179 0
outer loop
vertex 59.028961181640625 68.55545043945312 -6.605475902557373
vertex 58.93655014038086 68.72834014892578 -6.399420738220215
vertex 58.93655014038086 68.72834014892578 -3.5
endloop
endfacet
facet normal 0.9569423709767577 0.290277967867665 0
outer loop
vertex 58.93655014038086 68.72834014892578 -6.399420738220215
vertex 58.87964630126953 68.91593170166016 -6.175846099853516
vertex 58.87964630126953 68.91593170166016 -3.5
endloop
endfacet
facet normal 0.7730070588633648 0.6343974203505326 0
outer loop
vertex 59.153324127197266 68.40391540527344 -6.786092758178711
vertex 59.028961181640625 68.55545043945312 -6.605475902557373
vertex 59.028961181640625 68.55545043945312 -3.5
endloop
endfacet
facet normal 0.9952062201425458 0.09779866631546424 0.000016015718928644808
outer loop
vertex 58.87964630126953 68.91593170166016 -6.175846099853516
vertex 58.860450744628906 69.1112289428711 -5.943097114562988
vertex 58.86043167114258 69.11102294921875 -3.5
endloop
endfacet
facet normal -0.471387970526712 0.8819259499769284 0
outer loop
vertex 60.41600036621094 68.27954864501953 -6.8195576667785645
vertex 60.24311447143555 68.18714141845703 -6.827642440795898
vertex 60.24311447143555 68.18714141845703 -3.5
endloop
endfacet
facet normal -0.6344063466125364 0.7729997331032751 0
outer loop
vertex 60.54289245605469 68.3836898803711 -6.810446739196777
vertex 60.41600036621094 68.27954864501953 -6.8195576667785645
vertex 60.41600036621094 68.27954864501953 -3.5
endloop
endfacet
facet normal -0.6344223571327113 0.7729865928779875 -0.0000010270661111933815
outer loop
vertex 60.567535400390625 68.40391540527344 -6.78634786605835
vertex 60.54289245605469 68.3836898803711 -6.810446739196777
vertex 60.41600036621094 68.27954864501953 -3.5
endloop
endfacet
facet normal -0.7730070588633648 0.6343974203505326 0
outer loop
vertex 60.691898345947266 68.55545043945312 -6.605776309967041
vertex 60.567535400390625 68.40391540527344 -6.78634786605835
vertex 60.567535400390625 68.40391540527344 -3.5
endloop
endfacet
facet normal -0.8819221841853303 0.47139501592801786 0
outer loop
vertex 60.78430938720703 68.72834014892578 -6.399754524230957
vertex 60.691898345947266 68.55545043945312 -6.605776309967041
vertex 60.691898345947266 68.55545043945312 -3.5
endloop
endfacet
facet normal -0.9569423709767578 0.290277967867665 0
outer loop
vertex 60.84121322631836 68.91593170166016 -6.176199913024902
vertex 60.78430938720703 68.72834014892578 -6.399754524230957
vertex 60.78430938720703 68.72834014892578 -3.5
endloop
endfacet
facet normal -0.9951842113628456 0.0980223722122189 0
outer loop
vertex 60.860408782958984 69.1108169555664 -5.943949222564697
vertex 60.84121322631836 68.91593170166016 -6.176199913024902
vertex 60.84121322631836 68.91593170166016 -3.5
endloop
endfacet
facet normal 0 0 -1
outer loop
vertex 60.860408782958984 69.1108169555664 -3.5
vertex 60.84121322631836 68.91593170166016 -3.5
vertex 58.86043167114258 69.11102294921875 -3.5
endloop
endfacet
facet normal 0.8819221841853303 0.47139501592801786 0
outer loop
vertex 59.028961181640625 68.55545043945312 -3.5
vertex 59.028961181640625 68.55545043945312 -6.605475902557373
vertex 58.93655014038086 68.72834014892578 -3.5
endloop
endfacet
facet normal 0 0 -1
outer loop
vertex 60.84121322631836 68.91593170166016 -3.5
vertex 60.78430938720703 68.72834014892578 -3.5
vertex 58.86043167114258 69.11102294921875 -3.5
endloop
endfacet
facet normal 0 0 -1
outer loop
vertex 60.78430938720703 68.72834014892578 -3.5
vertex 60.691898345947266 68.55545043945312 -3.5
vertex 58.86043167114258 69.11102294921875 -3.5
endloop
endfacet
facet normal 0 0 -1
outer loop
vertex 60.691898345947266 68.55545043945312 -3.5
vertex 60.567535400390625 68.40391540527344 -3.5
vertex 58.86043167114258 69.11102294921875 -3.5
endloop
endfacet
facet normal 0 0 -1
outer loop
vertex 60.567535400390625 68.40391540527344 -3.5
vertex 60.41600036621094 68.27954864501953 -3.5
vertex 58.86043167114258 69.11102294921875 -3.5
endloop
endfacet
facet normal 0.9569423709767577 0.290277967867665 0
outer loop
vertex 58.93655014038086 68.72834014892578 -3.5
vertex 58.93655014038086 68.72834014892578 -6.399420738220215
vertex 58.87964630126953 68.91593170166016 -3.5
endloop
endfacet
facet normal 0.471387970526712 0.8819259499769284 0
outer loop
vertex 59.477745056152344 68.18714141845703 -3.5
vertex 59.477745056152344 68.18714141845703 -6.827642440795898
vertex 59.30485916137695 68.27954864501953 -3.5
endloop
endfacet
facet normal 0.29029038193910456 0.956938605216473 0
outer loop
vertex 59.665340423583984 68.13023376464844 -3.5
vertex 59.665340423583984 68.13023376464844 -6.832621097564697
vertex 59.477745056152344 68.18714141845703 -3.5
endloop
endfacet
facet normal 0.6344090479312781 0.7729975161039842 0
outer loop
vertex 59.30485916137695 68.27954864501953 -3.5
vertex 59.30485916137695 68.27954864501953 -6.8195576667785645
vertex 59.153324127197266 68.40391540527344 -3.5
endloop
endfacet
facet normal 0.0979969554231074 0.9951867145052739 0
outer loop
vertex 59.86043167114258 68.11102294921875 -3.5
vertex 59.86043167114258 68.11102294921875 -6.834301948547363
vertex 59.665340423583984 68.13023376464844 -3.5
endloop
endfacet
facet normal -0.09799885323159381 0.9951865276244914 0
outer loop
vertex 60.055519104003906 68.13023376464844 -3.5
vertex 60.055519104003906 68.13023376464844 -6.832621097564697
vertex 59.86043167114258 68.11102294921875 -3.5
endloop
endfacet
facet normal -0.29029038193910456 0.956938605216473 0
outer loop
vertex 60.24311447143555 68.18714141845703 -3.5
vertex 60.24311447143555 68.18714141845703 -6.827642440795898
vertex 60.055519104003906 68.13023376464844 -3.5
endloop
endfacet
facet normal 0.7730070588633648 0.6343974203505326 0
outer loop
vertex 59.153324127197266 68.40391540527344 -3.5
vertex 59.153324127197266 68.40391540527344 -6.786092758178711
vertex 59.028961181640625 68.55545043945312 -3.5
endloop
endfacet
facet normal 0.9951848165503706 0.09801622777686082 0
outer loop
vertex 58.87964630126953 68.91593170166016 -3.5
vertex 58.87964630126953 68.91593170166016 -6.175846099853516
vertex 58.86043167114258 69.11102294921875 -3.5
endloop
endfacet
facet normal 0 0 -1
outer loop
vertex 60.41600036621094 68.27954864501953 -3.5
vertex 60.24311447143555 68.18714141845703 -3.5
vertex 58.86043167114258 69.11102294921875 -3.5
endloop
endfacet
facet normal 0 0 -1
outer loop
vertex 60.24311447143555 68.18714141845703 -3.5
vertex 60.055519104003906 68.13023376464844 -3.5
vertex 58.86043167114258 69.11102294921875 -3.5
endloop
endfacet
facet normal 0 0 -1
outer loop
vertex 60.055519104003906 68.13023376464844 -3.5
vertex 59.86043167114258 68.11102294921875 -3.5
vertex 58.86043167114258 69.11102294921875 -3.5
endloop
endfacet
facet normal 0 0 -1
outer loop
vertex 59.665340423583984 68.13023376464844 -3.5
vertex 59.477745056152344 68.18714141845703 -3.5
vertex 58.86043167114258 69.11102294921875 -3.5
endloop
endfacet
facet normal 0 0 -1
outer loop
vertex 59.86043167114258 68.11102294921875 -3.5
vertex 59.665340423583984 68.13023376464844 -3.5
vertex 58.86043167114258 69.11102294921875 -3.5
endloop
endfacet
facet normal 0 0 -1
outer loop
vertex 59.153324127197266 68.40391540527344 -3.5
vertex 58.86043167114258 69.11102294921875 -3.5
vertex 59.30485916137695 68.27954864501953 -3.5
endloop
endfacet
facet normal 0 0 -1
outer loop
vertex 59.477745056152344 68.18714141845703 -3.5
vertex 59.30485916137695 68.27954864501953 -3.5
vertex 58.86043167114258 69.11102294921875 -3.5
endloop
endfacet
facet normal 0 0 -1
outer loop
vertex 59.028961181640625 68.55545043945312 -3.5
vertex 58.87964630126953 68.91593170166016 -3.5
vertex 58.86043167114258 69.11102294921875 -3.5
endloop
endfacet
facet normal 0 0 -1
outer loop
vertex 59.028961181640625 68.55545043945312 -3.5
vertex 58.93655014038086 68.72834014892578 -3.5
vertex 58.87964630126953 68.91593170166016 -3.5
endloop
endfacet
facet normal 0 0 -1
outer loop
vertex 58.86043167114258 69.11102294921875 -3.5
vertex 59.153324127197266 68.40391540527344 -3.5
vertex 59.028961181640625 68.55545043945312 -3.5
endloop
endfacet
facet normal -0.9951842113628457 0.09802237221221892 0
outer loop
vertex 60.860408782958984 69.1108169555664 -3.5
vertex 60.860408782958984 69.1108169555664 -5.943949222564697
vertex 60.84121322631836 68.91593170166016 -3.5
endloop
endfacet
facet normal -0.9569423709767579 0.2902779678676651 0
outer loop
vertex 60.84121322631836 68.91593170166016 -3.5
vertex 60.84121322631836 68.91593170166016 -6.176199913024902
vertex 60.78430938720703 68.72834014892578 -3.5
endloop
endfacet
facet normal -0.8819221841853303 0.4713950159280179 0
outer loop
vertex 60.78430938720703 68.72834014892578 -3.5
vertex 60.78430938720703 68.72834014892578 -6.399754524230957
vertex 60.691898345947266 68.55545043945312 -3.5
endloop
endfacet
facet normal -0.773007058863365 0.6343974203505327 0
outer loop
vertex 60.691898345947266 68.55545043945312 -3.5
vertex 60.691898345947266 68.55545043945312 -6.605776309967041
vertex 60.567535400390625 68.40391540527344 -3.5
endloop
endfacet
facet normal -0.6344090479312781 0.7729975161039842 0
outer loop
vertex 60.567535400390625 68.40391540527344 -6.78634786605835
vertex 60.41600036621094 68.27954864501953 -3.5
vertex 60.567535400390625 68.40391540527344 -3.5
endloop
endfacet
facet normal 0.471387970526712 0.8819259499769284 0
outer loop
vertex 59.477745056152344 68.18714141845703 -6.827642440795898
vertex 59.30485916137695 68.27954864501953 -6.8195576667785645
vertex 59.30485916137695 68.27954864501953 -3.5
endloop
endfacet
facet normal 0.00002555039091156924 0.12403484583560012 -0.9922778624789108
outer loop
vertex -59.599273681640625 69.93563842773438 -2.4000000953674316
vertex -61.7994384765625 69.13609313964844 -2.5
vertex -61.599273681640625 69.93605041503906 -2.4000000953674316
endloop
endfacet
facet normal 0.00002562918973306574 0.12403463233691829 -0.992277889164215
outer loop
vertex -61.7994384765625 69.13609313964844 -2.5
vertex -59.599273681640625 69.93563842773438 -2.4000000953674316
vertex -59.399436950683594 69.1355972290039 -2.5
endloop
endfacet
facet normal -0.9700924097371608 0.24273589880845525 0
outer loop
vertex -61.7994384765625 69.13609313964844 -1.100000023841858
vertex -61.599273681640625 69.93605041503906 -2.4000000953674316
vertex -61.7994384765625 69.13609313964844 -2.5
endloop
endfacet
facet normal 0.00020599364797324618 0.9999999787833083 0
outer loop
vertex -59.599273681640625 69.93563842773438 -2.4000000953674316
vertex -61.599273681640625 69.93605041503906 -2.4000000953674316
vertex -59.599273681640625 69.93563842773438 -1.2000000476837158
endloop
endfacet
facet normal -0.9700924097371607 0.24273589880845522 0
outer loop
vertex -61.599273681640625 69.93605041503906 -2.4000000953674316
vertex -61.7994384765625 69.13609313964844 -1.100000023841858
vertex -61.599273681640625 69.93605041503906 -1.2000000476837158
endloop
endfacet
facet normal 0.00020599364797324618 0.9999999787833083 0
outer loop
vertex -59.599273681640625 69.93563842773438 -1.2000000476837158
vertex -61.599273681640625 69.93605041503906 -2.4000000953674316
vertex -61.599273681640625 69.93605041503906 -1.2000000476837158
endloop
endfacet
facet normal 0.9701920053070585 0.24233751842888135 0
outer loop
vertex -59.599273681640625 69.93563842773438 -1.2000000476837158
vertex -59.399436950683594 69.1355972290039 -2.5
vertex -59.599273681640625 69.93563842773438 -2.4000000953674316
endloop
endfacet
facet normal 0.9701920053070585 0.24233751842888135 0
outer loop
vertex -59.399436950683594 69.1355972290039 -2.5
vertex -59.599273681640625 69.93563842773438 -1.2000000476837158
vertex -59.399436950683594 69.1355972290039 -1.100000023841858
endloop
endfacet
facet normal 0.000025629259917043114 0.12403497199821543 0.9922778467065275
outer loop
vertex -59.399436950683594 69.1355972290039 -1.100000023841858
vertex -61.599273681640625 69.93605041503906 -1.2000000476837158
vertex -61.7994384765625 69.13609313964844 -1.100000023841858
endloop
endfacet
facet normal 0.000025550372927518372 0.12403475853169216 0.992277873391906
outer loop
vertex -61.599273681640625 69.93605041503906 -1.2000000476837158
vertex -59.399436950683594 69.1355972290039 -1.100000023841858
vertex -59.599273681640625 69.93563842773438 -1.2000000476837158
endloop
endfacet
facet normal 0.00002555039091156924 0.12403484583560012 -0.9922778624789108
outer loop
vertex 60.860595703125 69.91081237792969 -2.4000000953674316
vertex 58.660430908203125 69.11126708984375 -2.5
vertex 58.860595703125 69.91122436523438 -2.4000000953674316
endloop
endfacet
facet normal 0.000025629230446811185 0.12403463222660788 -0.9922778891780027
outer loop
vertex 58.660430908203125 69.11126708984375 -2.5
vertex 60.860595703125 69.91081237792969 -2.4000000953674316
vertex 61.060428619384766 69.11077117919922 -2.5
endloop
endfacet
facet normal 0.000025550372902807518 0.12403475841173285 0.9922778734069009
outer loop
vertex 58.860595703125 69.91122436523438 -1.2000000476837158
vertex 61.060428619384766 69.11077117919922 -1.100000023841858
vertex 60.860595703125 69.91081237792969 -1.2000000476837158
endloop
endfacet
facet normal 0.000025629300651619802 0.12403497198817955 0.992277846707781
outer loop
vertex 61.060428619384766 69.11077117919922 -1.100000023841858
vertex 58.860595703125 69.91122436523438 -1.2000000476837158
vertex 58.660430908203125 69.11126708984375 -1.100000023841858
endloop
endfacet
facet normal 0.9701930929349865 0.2423331640969611 0
outer loop
vertex 61.060428619384766 69.11077117919922 -2.5
vertex 60.860595703125 69.91081237792969 -1.2000000476837158
vertex 61.060428619384766 69.11077117919922 -1.100000023841858
endloop
endfacet
facet normal 0.9701930929349865 0.2423331640969611 0
outer loop
vertex 60.860595703125 69.91081237792969 -1.2000000476837158
vertex 61.060428619384766 69.11077117919922 -2.5
vertex 60.860595703125 69.91081237792969 -2.4000000953674316
endloop
endfacet
facet normal 0.00020599364797324618 0.9999999787833083 0
outer loop
vertex 60.860595703125 69.91081237792969 -2.4000000953674316
vertex 58.860595703125 69.91122436523438 -2.4000000953674316
vertex 60.860595703125 69.91081237792969 -1.2000000476837158
endloop
endfacet
facet normal 0.00020599364797324618 0.9999999787833083 0
outer loop
vertex 60.860595703125 69.91081237792969 -1.2000000476837158
vertex 58.860595703125 69.91122436523438 -2.4000000953674316
vertex 58.860595703125 69.91122436523438 -1.2000000476837158
endloop
endfacet
facet normal -0.9700924097371608 0.24273589880845525 0
outer loop
vertex 58.660430908203125 69.11126708984375 -2.5
vertex 58.660430908203125 69.11126708984375 -1.100000023841858
vertex 58.860595703125 69.91122436523438 -1.2000000476837158
endloop
endfacet
facet normal -0.9700924097371607 0.24273589880845522 0
outer loop
vertex 58.860595703125 69.91122436523438 -2.4000000953674316
vertex 58.660430908203125 69.11126708984375 -2.5
vertex 58.860595703125 69.91122436523438 -1.2000000476837158
endloop
endfacet
endsolid auto-kdk-case
